[28giu2025 22:56:17.818] [main/INFO] [cpw.mods.modlauncher.Launcher/MODLAUNCHER]: ModLauncher running: args [--launchTarget, forge_userdev_data, --assetIndex, 26, --assetsDir, C:\Users\rosar\.gradle\caches\forge_gradle\assets, --gameDir, ., --mod, onlyhammers, --all, --output, D:\Programmazione\Mod\Only Hammers\FORGE\1.21.6\src\generated\resources, --existing, D:\Programmazione\Mod\Only Hammers\FORGE\1.21.6\src\main\resources, --mixin.config, onlyhammers.mixins.json]
[28giu2025 22:56:17.820] [main/INFO] [cpw.mods.modlauncher.Launcher/MODLAUNCHER]: JVM identified as Amazon.com Inc. OpenJDK 64-Bit Server VM 21.0.6+7-LTS
[28giu2025 22:56:17.821] [main/INFO] [cpw.mods.modlauncher.Launcher/MODLAUNCHER]: ModLauncher 10.2.4 starting: java version 21.0.6 by Amazon.com Inc.; OS Windows 11 arch amd64 version 10.0
[28giu2025 22:56:17.835] [main/DEBUG] [cpw.mods.modlauncher.LaunchServiceHandler/MODLAUNCHER]: Found launch services [minecraft,forge_userdev_server_gametest,forge_dev_client,forge_userdev_data,forge_dev_server_gametest,forge_dev_client_data,forge_userdev_server,forge_client,forge_server,forge_userdev_client_data,forge_userdev_client,forge_dev_data,forge_dev,testharness,forge_userdev,forge_dev_server]
[28giu2025 22:56:17.844] [main/DEBUG] [cpw.mods.modlauncher.NameMappingServiceHandler/MODLAUNCHER]: Found naming services : [srgtomcp]
[28giu2025 22:56:17.857] [main/DEBUG] [cpw.mods.modlauncher.LaunchPluginHandler/MODLAUNCHER]: Found launch plugins: [mixin,slf4jfixer,object_holder_definalize,runtime_enum_extender,capability_token_subclass,accesstransformer,runtimedistcleaner]
[28giu2025 22:56:17.864] [main/DEBUG] [cpw.mods.modlauncher.TransformationServicesHandler/MODLAUNCHER]: Discovering transformation services
[28giu2025 22:56:17.866] [main/DEBUG] [net.minecraftforge.fml.loading.FMLPaths/CORE]: Path GAMEDIR is D:\Programmazione\Mod\Only Hammers\FORGE\1.21.6\run-data
[28giu2025 22:56:17.866] [main/DEBUG] [net.minecraftforge.fml.loading.FMLPaths/CORE]: Path MODSDIR is D:\Programmazione\Mod\Only Hammers\FORGE\1.21.6\run-data\mods
[28giu2025 22:56:17.867] [main/DEBUG] [net.minecraftforge.fml.loading.FMLPaths/CORE]: Path CONFIGDIR is D:\Programmazione\Mod\Only Hammers\FORGE\1.21.6\run-data\config
[28giu2025 22:56:17.867] [main/DEBUG] [net.minecraftforge.fml.loading.FMLPaths/CORE]: Path FMLCONFIG is D:\Programmazione\Mod\Only Hammers\FORGE\1.21.6\run-data\config\fml.toml
[28giu2025 22:56:17.898] [main/INFO] [net.minecraftforge.fml.loading.ImmediateWindowHandler/]: ImmediateWindowProvider not loading because launch target is forge_userdev_data
[28giu2025 22:56:17.918] [main/DEBUG] [cpw.mods.modlauncher.TransformationServicesHandler/MODLAUNCHER]: Found transformer service: fml: /
[28giu2025 22:56:17.921] [main/DEBUG] [cpw.mods.modlauncher.TransformationServicesHandler/MODLAUNCHER]: Found transformer service: mixin: /
[28giu2025 22:56:17.921] [main/DEBUG] [cpw.mods.modlauncher.TransformationServicesHandler/MODLAUNCHER]: Transformation services loading
[28giu2025 22:56:17.921] [main/DEBUG] [cpw.mods.modlauncher.TransformationServiceDecorator/MODLAUNCHER]: Loading service mixin
[28giu2025 22:56:17.922] [main/DEBUG] [cpw.mods.modlauncher.TransformationServiceDecorator/MODLAUNCHER]: Loaded service mixin
[28giu2025 22:56:17.922] [main/DEBUG] [cpw.mods.modlauncher.TransformationServiceDecorator/MODLAUNCHER]: Loading service fml
[28giu2025 22:56:17.929] [main/DEBUG] [net.minecraftforge.fml.loading.FMLLoader/CORE]: Detected version data : VersionInfo[forgeVersion=56.0.9, mcVersion=1.21.6, mcpVersion=20250618.020446, forgeGroup=net.minecraftforge]
[28giu2025 22:56:17.930] [main/DEBUG] [net.minecraftforge.fml.loading.LauncherVersion/CORE]: Found FMLLauncher version 56.0.9
[28giu2025 22:56:17.931] [main/DEBUG] [net.minecraftforge.fml.loading.FMLLoader/CORE]: FML 56.0.9 loading
[28giu2025 22:56:17.931] [main/DEBUG] [net.minecraftforge.fml.loading.FMLLoader/CORE]: Found ModLauncher version: 10.2.4
[28giu2025 22:56:17.931] [main/DEBUG] [net.minecraftforge.fml.loading.FMLLoader/CORE]: Found AccessTransformer version: 8.2.2
[28giu2025 22:56:17.932] [main/DEBUG] [net.minecraftforge.fml.loading.FMLLoader/CORE]: Found RuntimeDistCleaner version: 56.0.9
[28giu2025 22:56:17.933] [main/DEBUG] [net.minecraftforge.fml.loading.FMLLoader/CORE]: FML found CoreMod version : 5.2.6
[28giu2025 22:56:17.933] [main/DEBUG] [net.minecraftforge.fml.loading.FMLLoader/CORE]: Found ForgeSPI version: 7.1.5
[28giu2025 22:56:17.934] [main/DEBUG] [cpw.mods.modlauncher.TransformationServiceDecorator/MODLAUNCHER]: Loaded service fml
[28giu2025 22:56:17.935] [main/DEBUG] [cpw.mods.modlauncher.TransformationServicesHandler/MODLAUNCHER]: Configuring option handling for services
[28giu2025 22:56:17.938] [main/DEBUG] [cpw.mods.modlauncher.TransformationServicesHandler/MODLAUNCHER]: Transformation services initializing
[28giu2025 22:56:17.938] [main/DEBUG] [cpw.mods.modlauncher.TransformationServiceDecorator/MODLAUNCHER]: Initializing transformation service mixin
[28giu2025 22:56:17.971] [main/DEBUG] [mixin/]: MixinService [ModLauncher] was successfully booted in SecureModuleClassLoader[SECURE-BOOTSTRAP]@2024453272
[28giu2025 22:56:17.983] [main/INFO] [mixin/]: SpongePowered MIXIN Subsystem Version=0.8.7 Source=jar:file:///C:/Users/rosar/.gradle/caches/modules-2/files-2.1/org.spongepowered/mixin/0.8.7/8ab114ac385e6dbdad5efafe28aba4df8120915f/mixin-0.8.7.jar!/ Service=ModLauncher Env=UNKNOWN
[28giu2025 22:56:17.986] [main/DEBUG] [mixin/]: Initialising Mixin Platform Manager
[28giu2025 22:56:17.986] [main/DEBUG] [mixin/]: Adding mixin platform agents for container ModLauncher Root Container(ModLauncher:4f56a0a2)
[28giu2025 22:56:17.987] [main/DEBUG] [mixin/]: Instancing new MixinPlatformAgentMinecraftForge for ModLauncher Root Container(ModLauncher:4f56a0a2)
[28giu2025 22:56:17.987] [main/DEBUG] [mixin/]: MixinPlatformAgentMinecraftForge rejected container ModLauncher Root Container(ModLauncher:4f56a0a2)
[28giu2025 22:56:17.988] [main/DEBUG] [mixin/]: Instancing new MixinPlatformAgentDefault for ModLauncher Root Container(ModLauncher:4f56a0a2)
[28giu2025 22:56:17.988] [main/DEBUG] [mixin/]: MixinPlatformAgentDefault accepted container ModLauncher Root Container(ModLauncher:4f56a0a2)
[28giu2025 22:56:17.991] [main/DEBUG] [cpw.mods.modlauncher.TransformationServiceDecorator/MODLAUNCHER]: Initialized transformation service mixin
[28giu2025 22:56:17.991] [main/DEBUG] [cpw.mods.modlauncher.TransformationServiceDecorator/MODLAUNCHER]: Initializing transformation service fml
[28giu2025 22:56:17.991] [main/DEBUG] [net.minecraftforge.fml.loading.FMLServiceProvider/CORE]: Setting up basic FML game directories
[28giu2025 22:56:17.991] [main/DEBUG] [net.minecraftforge.fml.loading.FMLPaths/CORE]: Path GAMEDIR is D:\Programmazione\Mod\Only Hammers\FORGE\1.21.6\run-data
[28giu2025 22:56:17.991] [main/DEBUG] [net.minecraftforge.fml.loading.FMLPaths/CORE]: Path MODSDIR is D:\Programmazione\Mod\Only Hammers\FORGE\1.21.6\run-data\mods
[28giu2025 22:56:17.993] [main/DEBUG] [net.minecraftforge.fml.loading.FMLPaths/CORE]: Path CONFIGDIR is D:\Programmazione\Mod\Only Hammers\FORGE\1.21.6\run-data\config
[28giu2025 22:56:17.993] [main/DEBUG] [net.minecraftforge.fml.loading.FMLPaths/CORE]: Path FMLCONFIG is D:\Programmazione\Mod\Only Hammers\FORGE\1.21.6\run-data\config\fml.toml
[28giu2025 22:56:17.993] [main/DEBUG] [net.minecraftforge.fml.loading.FMLServiceProvider/CORE]: Loading configuration
[28giu2025 22:56:17.996] [main/DEBUG] [net.minecraftforge.fml.loading.FMLServiceProvider/CORE]: Preparing ModFile
[28giu2025 22:56:17.998] [main/DEBUG] [net.minecraftforge.fml.loading.FMLServiceProvider/CORE]: Preparing launch handler
[28giu2025 22:56:17.998] [main/DEBUG] [net.minecraftforge.fml.loading.FMLLoader/CORE]: Using forge_userdev_data as launch service
[28giu2025 22:56:18.001] [main/DEBUG] [cpw.mods.modlauncher.TransformationServiceDecorator/MODLAUNCHER]: Initialized transformation service fml
[28giu2025 22:56:18.001] [main/DEBUG] [cpw.mods.modlauncher.NameMappingServiceHandler/MODLAUNCHER]: Current naming domain is 'mcp'
[28giu2025 22:56:18.001] [main/DEBUG] [cpw.mods.modlauncher.NameMappingServiceHandler/MODLAUNCHER]: Identified name mapping providers {srg=net.minecraftforge.fml.loading.MCPNamingService@2516fc68}
[28giu2025 22:56:18.002] [main/DEBUG] [cpw.mods.modlauncher.TransformationServicesHandler/MODLAUNCHER]: Transformation services begin scanning
[28giu2025 22:56:18.002] [main/DEBUG] [cpw.mods.modlauncher.TransformationServiceDecorator/MODLAUNCHER]: Beginning scan trigger - transformation service mixin
[28giu2025 22:56:18.002] [main/DEBUG] [cpw.mods.modlauncher.TransformationServiceDecorator/MODLAUNCHER]: End scan trigger - transformation service mixin
[28giu2025 22:56:18.002] [main/DEBUG] [cpw.mods.modlauncher.TransformationServiceDecorator/MODLAUNCHER]: Beginning scan trigger - transformation service fml
[28giu2025 22:56:18.002] [main/DEBUG] [net.minecraftforge.fml.loading.FMLServiceProvider/CORE]: Initiating mod scan
[28giu2025 22:56:18.013] [main/DEBUG] [net.minecraftforge.fml.loading.moddiscovery.ModDiscoverer/CORE]: Found Mod Locators : (mods folder:null),(minecraft:null),(classpath:null),(forge_dev_locator:null),(forge_userdev_locator:null)
[28giu2025 22:56:18.013] [main/DEBUG] [net.minecraftforge.fml.loading.moddiscovery.ModDiscoverer/CORE]: Found Dependency Locators : (JarInJar:null)
[28giu2025 22:56:18.320] [main/DEBUG] [net.minecraftforge.fml.loading.moddiscovery.ModFileInfo/LOADING]: Found valid mod file  with {minecraft} mods - versions {1.21.6}
[28giu2025 22:56:18.492] [main/DEBUG] [net.minecraftforge.fml.loading.moddiscovery.ModFileParser/LOADING]: Considering mod file candidate D:\Programmazione\Mod\Only Hammers\FORGE\1.21.6\build\sourcesSets\main
[28giu2025 22:56:18.500] [main/DEBUG] [net.minecraftforge.fml.loading.moddiscovery.ModFileInfo/LOADING]: Found valid mod file main with {onlyhammers} mods - versions {1.21.6-0.1}
[28giu2025 22:56:18.553] [main/DEBUG] [net.minecraftforge.fml.loading.moddiscovery.ModFileParser/LOADING]: Considering mod file candidate /
[28giu2025 22:56:18.558] [main/DEBUG] [net.minecraftforge.fml.loading.moddiscovery.ModFileInfo/LOADING]: Found valid mod file  with {forge} mods - versions {56.0.9}
[28giu2025 22:56:18.568] [main/DEBUG] [net.minecraftforge.fml.loading.moddiscovery.JarInJarDependencyLocator/]: Failed to load resource META-INF\jarjar\metadata.json from , it does not contain dependency information.
[28giu2025 22:56:18.568] [main/DEBUG] [net.minecraftforge.fml.loading.moddiscovery.JarInJarDependencyLocator/]: Failed to load resource META-INF\jarjar\metadata.json from , it does not contain dependency information.
[28giu2025 22:56:18.568] [main/DEBUG] [net.minecraftforge.fml.loading.moddiscovery.JarInJarDependencyLocator/]: Failed to load resource META-INF\jarjar\metadata.json from javafmllanguage-1.21.6-56.0.9.jar, it does not contain dependency information.
[28giu2025 22:56:18.569] [main/DEBUG] [net.minecraftforge.fml.loading.moddiscovery.JarInJarDependencyLocator/]: Failed to load resource META-INF\jarjar\metadata.json from main, it does not contain dependency information.
[28giu2025 22:56:18.569] [main/DEBUG] [net.minecraftforge.fml.loading.moddiscovery.JarInJarDependencyLocator/]: Failed to load resource META-INF\jarjar\metadata.json from mclanguage-1.21.6-56.0.9.jar, it does not contain dependency information.
[28giu2025 22:56:18.570] [main/DEBUG] [net.minecraftforge.fml.loading.moddiscovery.JarInJarDependencyLocator/]: Failed to load resource META-INF\jarjar\metadata.json from lowcodelanguage-1.21.6-56.0.9.jar, it does not contain dependency information.
[28giu2025 22:56:18.570] [main/DEBUG] [net.minecraftforge.fml.loading.moddiscovery.JarInJarDependencyLocator/]: Failed to load resource META-INF\jarjar\metadata.json from fmlcore-1.21.6-56.0.9.jar, it does not contain dependency information.
[28giu2025 22:56:18.601] [main/INFO] [net.minecraftforge.fml.loading.moddiscovery.JarInJarDependencyLocator/]: No dependencies to load found. Skipping!
[28giu2025 22:56:18.603] [main/DEBUG] [net.minecraftforge.fml.loading.moddiscovery.ModFileInfo/LOADING]: Found valid mod file  with {minecraft} mods - versions {1.21.6}
[28giu2025 22:56:18.605] [main/DEBUG] [net.minecraftforge.fml.loading.moddiscovery.ModFile/LOADING]: Loading mod file / with languages [LanguageSpec[languageName=minecraft, acceptedVersions=1]]
[28giu2025 22:56:18.606] [main/DEBUG] [net.minecraftforge.fml.loading.moddiscovery.ModFileParser/LOADING]: Considering mod file candidate /
[28giu2025 22:56:18.606] [main/DEBUG] [net.minecraftforge.fml.loading.moddiscovery.ModFileInfo/LOADING]: Found valid mod file  with {forge} mods - versions {56.0.9}
[28giu2025 22:56:18.607] [main/DEBUG] [net.minecraftforge.fml.loading.moddiscovery.ModFile/LOADING]: Loading mod file / with languages [LanguageSpec[languageName=javafml, acceptedVersions=[24,]]]
[28giu2025 22:56:18.609] [main/DEBUG] [net.minecraftforge.fml.loading.moddiscovery.ModFileParser/LOADING]: Found coremod field_to_method with Javascript path coremods/field_to_method.js
[28giu2025 22:56:18.609] [main/DEBUG] [net.minecraftforge.fml.loading.moddiscovery.ModFileParser/LOADING]: Found coremod method_redirector with Javascript path coremods/method_redirector.js
[28giu2025 22:56:18.610] [main/DEBUG] [net.minecraftforge.fml.loading.moddiscovery.ModFile/LOADING]: Found coremod /coremods/field_to_method.js
[28giu2025 22:56:18.610] [main/DEBUG] [net.minecraftforge.fml.loading.moddiscovery.ModFile/LOADING]: Found coremod /coremods/method_redirector.js
[28giu2025 22:56:18.610] [main/DEBUG] [net.minecraftforge.fml.loading.moddiscovery.ModFileParser/LOADING]: Considering mod file candidate D:\Programmazione\Mod\Only Hammers\FORGE\1.21.6\build\sourcesSets\main
[28giu2025 22:56:18.612] [main/DEBUG] [net.minecraftforge.fml.loading.moddiscovery.ModFileInfo/LOADING]: Found valid mod file main with {onlyhammers} mods - versions {1.21.6-0.1}
[28giu2025 22:56:18.612] [main/DEBUG] [net.minecraftforge.fml.loading.moddiscovery.ModFile/LOADING]: Loading mod file D:\Programmazione\Mod\Only Hammers\FORGE\1.21.6\build\sourcesSets\main with languages [LanguageSpec[languageName=javafml, acceptedVersions=[56,)]]
[28giu2025 22:56:18.616] [main/DEBUG] [cpw.mods.modlauncher.TransformationServiceDecorator/MODLAUNCHER]: End scan trigger - transformation service fml
[28giu2025 22:56:18.638] [main/DEBUG] [net.minecraftforge.fml.loading.LanguageLoadingProvider/CORE]: Found 3 language providers
[28giu2025 22:56:18.638] [main/DEBUG] [net.minecraftforge.fml.loading.LanguageLoadingProvider/CORE]: Found language provider minecraft, version 1.0
[28giu2025 22:56:18.640] [main/DEBUG] [net.minecraftforge.fml.loading.LanguageLoadingProvider/CORE]: Found language provider lowcodefml, version 56
[28giu2025 22:56:18.640] [main/DEBUG] [net.minecraftforge.fml.loading.LanguageLoadingProvider/CORE]: Found language provider javafml, version 56.0.9
[28giu2025 22:56:18.641] [main/DEBUG] [net.minecraftforge.fml.loading.ModSorter/]: Configured system mods: [minecraft, forge]
[28giu2025 22:56:18.641] [main/DEBUG] [net.minecraftforge.fml.loading.ModSorter/]: Found system mod: minecraft
[28giu2025 22:56:18.643] [main/DEBUG] [net.minecraftforge.fml.loading.ModSorter/]: Found system mod: forge
[28giu2025 22:56:18.650] [main/DEBUG] [net.minecraftforge.fml.loading.ModSorter/LOADING]: Found 2 mod requirements (2 mandatory, 0 optional)
[28giu2025 22:56:18.651] [main/DEBUG] [net.minecraftforge.fml.loading.ModSorter/LOADING]: Found 0 mod requirements missing (0 mandatory, 0 optional)
[28giu2025 22:56:18.859] [main/DEBUG] [net.minecraftforge.fml.loading.MCPNamingService/CORE]: Loaded 41398 method mappings from methods.csv
[28giu2025 22:56:18.882] [main/DEBUG] [net.minecraftforge.fml.loading.MCPNamingService/CORE]: Loaded 40083 field mappings from fields.csv
[28giu2025 22:56:18.910] [main/DEBUG] [cpw.mods.modlauncher.TransformationServicesHandler/MODLAUNCHER]: Transformation services loading transformers
[28giu2025 22:56:18.911] [main/DEBUG] [cpw.mods.modlauncher.TransformationServiceDecorator/MODLAUNCHER]: Initializing transformers for transformation service mixin
[28giu2025 22:56:18.911] [main/DEBUG] [cpw.mods.modlauncher.TransformationServiceDecorator/MODLAUNCHER]: Initialized transformers for transformation service mixin
[28giu2025 22:56:18.911] [main/DEBUG] [cpw.mods.modlauncher.TransformationServiceDecorator/MODLAUNCHER]: Initializing transformers for transformation service fml
[28giu2025 22:56:18.911] [main/DEBUG] [net.minecraftforge.fml.loading.FMLServiceProvider/CORE]: Loading coremod transformers
[28giu2025 22:56:18.912] [main/DEBUG] [net.minecraftforge.coremod.CoreModEngine/COREMOD]: Loading CoreMod from /coremods/field_to_method.js
[28giu2025 22:56:19.106] [main/DEBUG] [net.minecraftforge.coremod.CoreModEngine/COREMOD]: CoreMod loaded successfully
[28giu2025 22:56:19.107] [main/DEBUG] [net.minecraftforge.coremod.CoreModEngine/COREMOD]: Loading CoreMod from /coremods/method_redirector.js
[28giu2025 22:56:19.196] [main/DEBUG] [net.minecraftforge.coremod.CoreMod.forge/COREMODLOG]: Gathering Forge method redirector replacements
[28giu2025 22:56:19.215] [main/DEBUG] [net.minecraftforge.coremod.CoreModEngine/COREMOD]: CoreMod loaded successfully
[28giu2025 22:56:19.238] [main/DEBUG] [cpw.mods.modlauncher.TransformStore/MODLAUNCHER]: Adding transformer net.minecraftforge.coremod.transformer.CoreModClassTransformer@31e130bf to Target : CLASS {Lnet/minecraft/world/level/biome/Biome;} {} {V}
[28giu2025 22:56:19.241] [main/DEBUG] [cpw.mods.modlauncher.TransformStore/MODLAUNCHER]: Adding transformer net.minecraftforge.coremod.transformer.CoreModClassTransformer@765d55d5 to Target : CLASS {Lnet/minecraft/world/effect/MobEffectInstance;} {} {V}
[28giu2025 22:56:19.241] [main/DEBUG] [cpw.mods.modlauncher.TransformStore/MODLAUNCHER]: Adding transformer net.minecraftforge.coremod.transformer.CoreModClassTransformer@2513a118 to Target : CLASS {Lnet/minecraft/world/level/block/LiquidBlock;} {} {V}
[28giu2025 22:56:19.241] [main/DEBUG] [cpw.mods.modlauncher.TransformStore/MODLAUNCHER]: Adding transformer net.minecraftforge.coremod.transformer.CoreModClassTransformer@2bfb583b to Target : CLASS {Lnet/minecraft/world/item/BucketItem;} {} {V}
[28giu2025 22:56:19.241] [main/DEBUG] [cpw.mods.modlauncher.TransformStore/MODLAUNCHER]: Adding transformer net.minecraftforge.coremod.transformer.CoreModClassTransformer@73ae0257 to Target : CLASS {Lnet/minecraft/world/level/block/FlowerPotBlock;} {} {V}
[28giu2025 22:56:19.241] [main/DEBUG] [cpw.mods.modlauncher.TransformStore/MODLAUNCHER]: Adding transformer net.minecraftforge.coremod.transformer.CoreModClassTransformer@6fc1020a to Target : CLASS {Lnet/minecraft/world/entity/npc/CatSpawner;} {} {V}
[28giu2025 22:56:19.242] [main/DEBUG] [cpw.mods.modlauncher.TransformStore/MODLAUNCHER]: Adding transformer net.minecraftforge.coremod.transformer.CoreModClassTransformer@6fc1020a to Target : CLASS {Lnet/minecraft/server/commands/SummonCommand;} {} {V}
[28giu2025 22:56:19.242] [main/DEBUG] [cpw.mods.modlauncher.TransformStore/MODLAUNCHER]: Adding transformer net.minecraftforge.coremod.transformer.CoreModClassTransformer@6fc1020a to Target : CLASS {Lnet/minecraft/world/level/levelgen/PhantomSpawner;} {} {V}
[28giu2025 22:56:19.242] [main/DEBUG] [cpw.mods.modlauncher.TransformStore/MODLAUNCHER]: Adding transformer net.minecraftforge.coremod.transformer.CoreModClassTransformer@6fc1020a to Target : CLASS {Lnet/minecraft/world/level/levelgen/structure/structures/WoodlandMansionPieces$WoodlandMansionPiece;} {} {V}
[28giu2025 22:56:19.242] [main/DEBUG] [cpw.mods.modlauncher.TransformStore/MODLAUNCHER]: Adding transformer net.minecraftforge.coremod.transformer.CoreModClassTransformer@6fc1020a to Target : CLASS {Lnet/minecraft/world/entity/EntityType;} {} {V}
[28giu2025 22:56:19.242] [main/DEBUG] [cpw.mods.modlauncher.TransformStore/MODLAUNCHER]: Adding transformer net.minecraftforge.coremod.transformer.CoreModClassTransformer@6fc1020a to Target : CLASS {Lnet/minecraft/world/entity/monster/Strider;} {} {V}
[28giu2025 22:56:19.242] [main/DEBUG] [cpw.mods.modlauncher.TransformStore/MODLAUNCHER]: Adding transformer net.minecraftforge.coremod.transformer.CoreModClassTransformer@6fc1020a to Target : CLASS {Lnet/minecraft/world/entity/animal/horse/SkeletonTrapGoal;} {} {V}
[28giu2025 22:56:19.242] [main/DEBUG] [cpw.mods.modlauncher.TransformStore/MODLAUNCHER]: Adding transformer net.minecraftforge.coremod.transformer.CoreModClassTransformer@6fc1020a to Target : CLASS {Lnet/minecraft/world/entity/monster/Spider;} {} {V}
[28giu2025 22:56:19.242] [main/DEBUG] [cpw.mods.modlauncher.TransformStore/MODLAUNCHER]: Adding transformer net.minecraftforge.coremod.transformer.CoreModClassTransformer@6fc1020a to Target : CLASS {Lnet/minecraft/world/entity/monster/Zombie;} {} {V}
[28giu2025 22:56:19.242] [main/DEBUG] [cpw.mods.modlauncher.TransformStore/MODLAUNCHER]: Adding transformer net.minecraftforge.coremod.transformer.CoreModClassTransformer@6fc1020a to Target : CLASS {Lnet/minecraft/world/entity/raid/Raid;} {} {V}
[28giu2025 22:56:19.242] [main/DEBUG] [cpw.mods.modlauncher.TransformStore/MODLAUNCHER]: Adding transformer net.minecraftforge.coremod.transformer.CoreModClassTransformer@6fc1020a to Target : CLASS {Lnet/minecraft/world/level/NaturalSpawner;} {} {V}
[28giu2025 22:56:19.242] [main/DEBUG] [cpw.mods.modlauncher.TransformStore/MODLAUNCHER]: Adding transformer net.minecraftforge.coremod.transformer.CoreModClassTransformer@6fc1020a to Target : CLASS {Lnet/minecraft/server/commands/RaidCommand;} {} {V}
[28giu2025 22:56:19.242] [main/DEBUG] [cpw.mods.modlauncher.TransformStore/MODLAUNCHER]: Adding transformer net.minecraftforge.coremod.transformer.CoreModClassTransformer@6fc1020a to Target : CLASS {Lnet/minecraft/world/entity/monster/ZombieVillager;} {} {V}
[28giu2025 22:56:19.242] [main/DEBUG] [cpw.mods.modlauncher.TransformStore/MODLAUNCHER]: Adding transformer net.minecraftforge.coremod.transformer.CoreModClassTransformer@6fc1020a to Target : CLASS {Lnet/minecraft/world/level/levelgen/PatrolSpawner;} {} {V}
[28giu2025 22:56:19.243] [main/DEBUG] [cpw.mods.modlauncher.TransformStore/MODLAUNCHER]: Adding transformer net.minecraftforge.coremod.transformer.CoreModClassTransformer@6fc1020a to Target : CLASS {Lnet/minecraft/world/level/levelgen/structure/structures/OceanMonumentPieces$OceanMonumentPiece;} {} {V}
[28giu2025 22:56:19.243] [main/DEBUG] [cpw.mods.modlauncher.TransformStore/MODLAUNCHER]: Adding transformer net.minecraftforge.coremod.transformer.CoreModClassTransformer@6fc1020a to Target : CLASS {Lnet/minecraft/world/entity/animal/frog/Tadpole;} {} {V}
[28giu2025 22:56:19.243] [main/DEBUG] [cpw.mods.modlauncher.TransformStore/MODLAUNCHER]: Adding transformer net.minecraftforge.coremod.transformer.CoreModClassTransformer@6fc1020a to Target : CLASS {Lnet/minecraft/world/entity/monster/Evoker$EvokerSummonSpellGoal;} {} {V}
[28giu2025 22:56:19.243] [main/DEBUG] [cpw.mods.modlauncher.TransformStore/MODLAUNCHER]: Adding transformer net.minecraftforge.coremod.transformer.CoreModClassTransformer@6fc1020a to Target : CLASS {Lnet/minecraft/world/level/block/entity/trialspawner/TrialSpawner;} {} {V}
[28giu2025 22:56:19.243] [main/DEBUG] [cpw.mods.modlauncher.TransformStore/MODLAUNCHER]: Adding transformer net.minecraftforge.coremod.transformer.CoreModClassTransformer@6fc1020a to Target : CLASS {Lnet/minecraft/world/entity/ai/village/VillageSiege;} {} {V}
[28giu2025 22:56:19.243] [main/DEBUG] [cpw.mods.modlauncher.TransformStore/MODLAUNCHER]: Adding transformer net.minecraftforge.coremod.transformer.CoreModClassTransformer@6fc1020a to Target : CLASS {Lnet/minecraft/world/level/levelgen/structure/templatesystem/StructureTemplate;} {} {V}
[28giu2025 22:56:19.243] [main/DEBUG] [cpw.mods.modlauncher.TransformStore/MODLAUNCHER]: Adding transformer net.minecraftforge.coremod.transformer.CoreModClassTransformer@6fc1020a to Target : CLASS {Lnet/minecraft/world/entity/npc/Villager;} {} {V}
[28giu2025 22:56:19.243] [main/DEBUG] [cpw.mods.modlauncher.TransformStore/MODLAUNCHER]: Adding transformer net.minecraftforge.coremod.transformer.CoreModClassTransformer@6fc1020a to Target : CLASS {Lnet/minecraft/world/level/levelgen/structure/structures/OceanRuinPieces$OceanRuinPiece;} {} {V}
[28giu2025 22:56:19.243] [main/DEBUG] [cpw.mods.modlauncher.TransformStore/MODLAUNCHER]: Adding transformer net.minecraftforge.coremod.transformer.CoreModClassTransformer@6fc1020a to Target : CLASS {Lnet/minecraft/world/level/levelgen/structure/structures/SwampHutPiece;} {} {V}
[28giu2025 22:56:19.243] [main/DEBUG] [cpw.mods.modlauncher.TransformationServiceDecorator/MODLAUNCHER]: Initialized transformers for transformation service fml
[28giu2025 22:56:19.285] [main/DEBUG] [mixin/]: Processing prepare() for PlatformAgent[MixinPlatformAgentDefault:ModLauncher Root Container(ModLauncher:4f56a0a2)]
[28giu2025 22:56:19.285] [main/DEBUG] [mixin/]: Registering mixin config: onlyhammers.mixins.json source=null
[28giu2025 22:56:19.296] [main/DEBUG] [mixin/]: Compatibility level JAVA_8 specified by onlyhammers.mixins.json is lower than the default level supported by the current mixin service (JAVA_16).
[28giu2025 22:56:19.297] [main/DEBUG] [mixin/]: Processing launch tasks for PlatformAgent[MixinPlatformAgentDefault:ModLauncher Root Container(ModLauncher:4f56a0a2)]
[28giu2025 22:56:19.297] [main/DEBUG] [mixin/]: Adding mixin platform agents for container SecureJarResource(mixin.synthetic)
[28giu2025 22:56:19.297] [main/DEBUG] [mixin/]: Instancing new MixinPlatformAgentMinecraftForge for SecureJarResource(mixin.synthetic)
[28giu2025 22:56:19.297] [main/DEBUG] [mixin/]: MixinPlatformAgentMinecraftForge rejected container SecureJarResource(mixin.synthetic)
[28giu2025 22:56:19.297] [main/DEBUG] [mixin/]: Instancing new MixinPlatformAgentDefault for SecureJarResource(mixin.synthetic)
[28giu2025 22:56:19.297] [main/DEBUG] [mixin/]: MixinPlatformAgentDefault accepted container SecureJarResource(mixin.synthetic)
[28giu2025 22:56:19.297] [main/DEBUG] [mixin/]: Processing prepare() for PlatformAgent[MixinPlatformAgentDefault:SecureJarResource(mixin.synthetic)]
[28giu2025 22:56:19.297] [main/DEBUG] [mixin/]: Adding mixin platform agents for container SecureJarResource(minecraft)
[28giu2025 22:56:19.297] [main/DEBUG] [mixin/]: Instancing new MixinPlatformAgentMinecraftForge for SecureJarResource(minecraft)
[28giu2025 22:56:19.297] [main/DEBUG] [mixin/]: MixinPlatformAgentMinecraftForge rejected container SecureJarResource(minecraft)
[28giu2025 22:56:19.298] [main/DEBUG] [mixin/]: Instancing new MixinPlatformAgentDefault for SecureJarResource(minecraft)
[28giu2025 22:56:19.298] [main/DEBUG] [mixin/]: MixinPlatformAgentDefault accepted container SecureJarResource(minecraft)
[28giu2025 22:56:19.298] [main/DEBUG] [mixin/]: Processing prepare() for PlatformAgent[MixinPlatformAgentDefault:SecureJarResource(minecraft)]
[28giu2025 22:56:19.298] [main/DEBUG] [mixin/]: Adding mixin platform agents for container SecureJarResource(net.minecraftforge.forge)
[28giu2025 22:56:19.298] [main/DEBUG] [mixin/]: Instancing new MixinPlatformAgentMinecraftForge for SecureJarResource(net.minecraftforge.forge)
[28giu2025 22:56:19.299] [main/DEBUG] [mixin/]: MixinPlatformAgentMinecraftForge rejected container SecureJarResource(net.minecraftforge.forge)
[28giu2025 22:56:19.299] [main/DEBUG] [mixin/]: Instancing new MixinPlatformAgentDefault for SecureJarResource(net.minecraftforge.forge)
[28giu2025 22:56:19.299] [main/DEBUG] [mixin/]: MixinPlatformAgentDefault accepted container SecureJarResource(net.minecraftforge.forge)
[28giu2025 22:56:19.299] [main/DEBUG] [mixin/]: Processing prepare() for PlatformAgent[MixinPlatformAgentDefault:SecureJarResource(net.minecraftforge.forge)]
[28giu2025 22:56:19.299] [main/DEBUG] [mixin/]: Adding mixin platform agents for container SecureJarResource(onlyhammers)
[28giu2025 22:56:19.299] [main/DEBUG] [mixin/]: Instancing new MixinPlatformAgentMinecraftForge for SecureJarResource(onlyhammers)
[28giu2025 22:56:19.299] [main/DEBUG] [mixin/]: MixinPlatformAgentMinecraftForge rejected container SecureJarResource(onlyhammers)
[28giu2025 22:56:19.299] [main/DEBUG] [mixin/]: Instancing new MixinPlatformAgentDefault for SecureJarResource(onlyhammers)
[28giu2025 22:56:19.300] [main/DEBUG] [mixin/]: MixinPlatformAgentDefault accepted container SecureJarResource(onlyhammers)
[28giu2025 22:56:19.300] [main/DEBUG] [mixin/]: Processing prepare() for PlatformAgent[MixinPlatformAgentDefault:SecureJarResource(onlyhammers)]
[28giu2025 22:56:19.300] [main/DEBUG] [mixin/]: inject() running with 5 agents
[28giu2025 22:56:19.300] [main/DEBUG] [mixin/]: Processing inject() for PlatformAgent[MixinPlatformAgentDefault:ModLauncher Root Container(ModLauncher:4f56a0a2)]
[28giu2025 22:56:19.300] [main/DEBUG] [mixin/]: Processing inject() for PlatformAgent[MixinPlatformAgentDefault:SecureJarResource(mixin.synthetic)]
[28giu2025 22:56:19.300] [main/DEBUG] [mixin/]: Processing inject() for PlatformAgent[MixinPlatformAgentDefault:SecureJarResource(minecraft)]
[28giu2025 22:56:19.300] [main/DEBUG] [mixin/]: Processing inject() for PlatformAgent[MixinPlatformAgentDefault:SecureJarResource(net.minecraftforge.forge)]
[28giu2025 22:56:19.300] [main/DEBUG] [mixin/]: Processing inject() for PlatformAgent[MixinPlatformAgentDefault:SecureJarResource(onlyhammers)]
[28giu2025 22:56:19.300] [main/INFO] [cpw.mods.modlauncher.LaunchServiceHandler/MODLAUNCHER]: Launching target 'forge_userdev_data' with arguments [--gameDir, ., --assetsDir, C:\Users\rosar\.gradle\caches\forge_gradle\assets, --assetIndex, 26, --mod, onlyhammers, --all, --output, D:\Programmazione\Mod\Only Hammers\FORGE\1.21.6\src\generated\resources, --existing, D:\Programmazione\Mod\Only Hammers\FORGE\1.21.6\src\main\resources]
[28giu2025 22:56:19.317] [main/DEBUG] [mixin/]: Preparing mixins for MixinEnvironment[DEFAULT]
[28giu2025 22:56:19.318] [main/DEBUG] [mixin/]: Selecting config onlyhammers.mixins.json
[28giu2025 22:56:19.321] [main/WARN] [mixin/]: Reference map 'onlyhammers.refmap.json' for onlyhammers.mixins.json could not be read. If this is a development environment you can ignore this message
[28giu2025 22:56:19.322] [main/DEBUG] [mixin/]: Preparing onlyhammers.mixins.json (2)
[28giu2025 22:56:19.385] [main/WARN] [mixin/]: Mixin environment was unable to detect the current side, sided mixins will not be applied
[28giu2025 22:56:19.406] [main/DEBUG] [mixin/]: Registering new injector for @Inject with org.spongepowered.asm.mixin.injection.struct.CallbackInjectionInfo
[28giu2025 22:56:19.408] [main/DEBUG] [mixin/]: Registering new injector for @ModifyArg with org.spongepowered.asm.mixin.injection.struct.ModifyArgInjectionInfo
[28giu2025 22:56:19.410] [main/DEBUG] [mixin/]: Registering new injector for @ModifyArgs with org.spongepowered.asm.mixin.injection.struct.ModifyArgsInjectionInfo
[28giu2025 22:56:19.412] [main/DEBUG] [mixin/]: Registering new injector for @Redirect with org.spongepowered.asm.mixin.injection.struct.RedirectInjectionInfo
[28giu2025 22:56:19.413] [main/DEBUG] [mixin/]: Registering new injector for @ModifyVariable with org.spongepowered.asm.mixin.injection.struct.ModifyVariableInjectionInfo
[28giu2025 22:56:19.414] [main/DEBUG] [mixin/]: Registering new injector for @ModifyConstant with org.spongepowered.asm.mixin.injection.struct.ModifyConstantInjectionInfo
[28giu2025 22:56:19.485] [main/DEBUG] [io.netty.util.internal.logging.InternalLoggerFactory/]: Using SLF4J as the default logging framework
[28giu2025 22:56:19.490] [main/DEBUG] [io.netty.util.ResourceLeakDetector/]: -Dio.netty.leakDetection.level: simple
[28giu2025 22:56:19.490] [main/DEBUG] [io.netty.util.ResourceLeakDetector/]: -Dio.netty.leakDetection.targetRecords: 4
[28giu2025 22:56:19.846] [main/DEBUG] [net.minecraftforge.coremod.transformer.CoreModBaseTransformer/COREMOD]: Transforming net/minecraft/world/entity/EntityType
[28giu2025 22:56:19.956] [main/DEBUG] [net.minecraftforge.coremod.CoreMod.forge/COREMODLOG]: Redirecting method call finalizeSpawn(Lnet/minecraft/world/level/ServerLevelAccessor;Lnet/minecraft/world/DifficultyInstance;Lnet/minecraft/world/entity/EntitySpawnReason;Lnet/minecraft/world/entity/SpawnGroupData;)Lnet/minecraft/world/entity/SpawnGroupData; to onFinalizeSpawn(Lnet/minecraft/world/entity/Mob;Lnet/minecraft/world/level/ServerLevelAccessor;Lnet/minecraft/world/DifficultyInstance;Lnet/minecraft/world/entity/EntitySpawnReason;Lnet/minecraft/world/entity/SpawnGroupData;)Lnet/minecraft/world/entity/SpawnGroupData; inside of net/minecraft/world/entity/EntityType.create
[28giu2025 22:56:20.257] [main/DEBUG] [net.minecraftforge.coremod.transformer.CoreModBaseTransformer/COREMOD]: Transforming net/minecraft/world/level/block/FlowerPotBlock
[28giu2025 22:56:20.281] [main/DEBUG] [net.minecraftforge.coremod.transformer.CoreModBaseTransformer/COREMOD]: Transforming net/minecraft/world/level/block/LiquidBlock
[28giu2025 22:56:20.577] [main/DEBUG] [net.minecraftforge.coremod.transformer.CoreModBaseTransformer/COREMOD]: Transforming net/minecraft/world/effect/MobEffectInstance
[28giu2025 22:56:20.855] [main/DEBUG] [net.minecraftforge.coremod.transformer.CoreModBaseTransformer/COREMOD]: Transforming net/minecraft/world/level/biome/Biome
[28giu2025 22:56:21.326] [main/DEBUG] [net.minecraftforge.coremod.transformer.CoreModBaseTransformer/COREMOD]: Transforming net/minecraft/world/entity/animal/frog/Tadpole
[28giu2025 22:56:21.327] [main/DEBUG] [net.minecraftforge.coremod.CoreMod.forge/COREMODLOG]: Redirecting method call finalizeSpawn(Lnet/minecraft/world/level/ServerLevelAccessor;Lnet/minecraft/world/DifficultyInstance;Lnet/minecraft/world/entity/EntitySpawnReason;Lnet/minecraft/world/entity/SpawnGroupData;)Lnet/minecraft/world/entity/SpawnGroupData; to onFinalizeSpawn(Lnet/minecraft/world/entity/Mob;Lnet/minecraft/world/level/ServerLevelAccessor;Lnet/minecraft/world/DifficultyInstance;Lnet/minecraft/world/entity/EntitySpawnReason;Lnet/minecraft/world/entity/SpawnGroupData;)Lnet/minecraft/world/entity/SpawnGroupData; inside of net/minecraft/world/entity/animal/frog/Tadpole.lambda$ageUp$1
[28giu2025 22:56:21.373] [main/DEBUG] [net.minecraftforge.coremod.transformer.CoreModBaseTransformer/COREMOD]: Transforming net/minecraft/world/item/BucketItem
[28giu2025 22:56:22.112] [main/DEBUG] [net.minecraftforge.coremod.transformer.CoreModBaseTransformer/COREMOD]: Transforming net/minecraft/world/entity/monster/Spider
[28giu2025 22:56:22.116] [main/DEBUG] [net.minecraftforge.coremod.CoreMod.forge/COREMODLOG]: Redirecting method call finalizeSpawn(Lnet/minecraft/world/level/ServerLevelAccessor;Lnet/minecraft/world/DifficultyInstance;Lnet/minecraft/world/entity/EntitySpawnReason;Lnet/minecraft/world/entity/SpawnGroupData;)Lnet/minecraft/world/entity/SpawnGroupData; to onFinalizeSpawn(Lnet/minecraft/world/entity/Mob;Lnet/minecraft/world/level/ServerLevelAccessor;Lnet/minecraft/world/DifficultyInstance;Lnet/minecraft/world/entity/EntitySpawnReason;Lnet/minecraft/world/entity/SpawnGroupData;)Lnet/minecraft/world/entity/SpawnGroupData; inside of net/minecraft/world/entity/monster/Spider.finalizeSpawn
[28giu2025 22:56:22.145] [main/DEBUG] [net.minecraftforge.coremod.transformer.CoreModBaseTransformer/COREMOD]: Transforming net/minecraft/world/entity/monster/Zombie
[28giu2025 22:56:22.150] [main/DEBUG] [net.minecraftforge.coremod.CoreMod.forge/COREMODLOG]: Redirecting method call finalizeSpawn(Lnet/minecraft/world/level/ServerLevelAccessor;Lnet/minecraft/world/DifficultyInstance;Lnet/minecraft/world/entity/EntitySpawnReason;Lnet/minecraft/world/entity/SpawnGroupData;)Lnet/minecraft/world/entity/SpawnGroupData; to onFinalizeSpawn(Lnet/minecraft/world/entity/Mob;Lnet/minecraft/world/level/ServerLevelAccessor;Lnet/minecraft/world/DifficultyInstance;Lnet/minecraft/world/entity/EntitySpawnReason;Lnet/minecraft/world/entity/SpawnGroupData;)Lnet/minecraft/world/entity/SpawnGroupData; inside of net/minecraft/world/entity/monster/Zombie.hurtServer
[28giu2025 22:56:22.154] [main/DEBUG] [net.minecraftforge.coremod.CoreMod.forge/COREMODLOG]: Redirecting method call finalizeSpawn(Lnet/minecraft/world/level/ServerLevelAccessor;Lnet/minecraft/world/DifficultyInstance;Lnet/minecraft/world/entity/EntitySpawnReason;Lnet/minecraft/world/entity/SpawnGroupData;)Lnet/minecraft/world/entity/SpawnGroupData; to onFinalizeSpawn(Lnet/minecraft/world/entity/Mob;Lnet/minecraft/world/level/ServerLevelAccessor;Lnet/minecraft/world/DifficultyInstance;Lnet/minecraft/world/entity/EntitySpawnReason;Lnet/minecraft/world/entity/SpawnGroupData;)Lnet/minecraft/world/entity/SpawnGroupData; inside of net/minecraft/world/entity/monster/Zombie.finalizeSpawn
[28giu2025 22:56:22.155] [main/DEBUG] [net.minecraftforge.coremod.CoreMod.forge/COREMODLOG]: Redirecting method call finalizeSpawn(Lnet/minecraft/world/level/ServerLevelAccessor;Lnet/minecraft/world/DifficultyInstance;Lnet/minecraft/world/entity/EntitySpawnReason;Lnet/minecraft/world/entity/SpawnGroupData;)Lnet/minecraft/world/entity/SpawnGroupData; to onFinalizeSpawn(Lnet/minecraft/world/entity/Mob;Lnet/minecraft/world/level/ServerLevelAccessor;Lnet/minecraft/world/DifficultyInstance;Lnet/minecraft/world/entity/EntitySpawnReason;Lnet/minecraft/world/entity/SpawnGroupData;)Lnet/minecraft/world/entity/SpawnGroupData; inside of net/minecraft/world/entity/monster/Zombie.lambda$convertVillagerToZombieVillager$4
[28giu2025 22:56:22.162] [main/DEBUG] [net.minecraftforge.coremod.transformer.CoreModBaseTransformer/COREMOD]: Transforming net/minecraft/world/entity/npc/Villager
[28giu2025 22:56:22.165] [main/DEBUG] [net.minecraftforge.coremod.CoreMod.forge/COREMODLOG]: Redirecting method call finalizeSpawn(Lnet/minecraft/world/level/ServerLevelAccessor;Lnet/minecraft/world/DifficultyInstance;Lnet/minecraft/world/entity/EntitySpawnReason;Lnet/minecraft/world/entity/SpawnGroupData;)Lnet/minecraft/world/entity/SpawnGroupData; to onFinalizeSpawn(Lnet/minecraft/world/entity/Mob;Lnet/minecraft/world/level/ServerLevelAccessor;Lnet/minecraft/world/DifficultyInstance;Lnet/minecraft/world/entity/EntitySpawnReason;Lnet/minecraft/world/entity/SpawnGroupData;)Lnet/minecraft/world/entity/SpawnGroupData; inside of net/minecraft/world/entity/npc/Villager.getBreedOffspring
[28giu2025 22:56:22.167] [main/DEBUG] [net.minecraftforge.coremod.CoreMod.forge/COREMODLOG]: Redirecting method call finalizeSpawn(Lnet/minecraft/world/level/ServerLevelAccessor;Lnet/minecraft/world/DifficultyInstance;Lnet/minecraft/world/entity/EntitySpawnReason;Lnet/minecraft/world/entity/SpawnGroupData;)Lnet/minecraft/world/entity/SpawnGroupData; to onFinalizeSpawn(Lnet/minecraft/world/entity/Mob;Lnet/minecraft/world/level/ServerLevelAccessor;Lnet/minecraft/world/DifficultyInstance;Lnet/minecraft/world/entity/EntitySpawnReason;Lnet/minecraft/world/entity/SpawnGroupData;)Lnet/minecraft/world/entity/SpawnGroupData; inside of net/minecraft/world/entity/npc/Villager.lambda$thunderHit$8
[28giu2025 22:56:22.174] [main/DEBUG] [net.minecraftforge.coremod.transformer.CoreModBaseTransformer/COREMOD]: Transforming net/minecraft/world/entity/monster/ZombieVillager
[28giu2025 22:56:22.176] [main/DEBUG] [net.minecraftforge.coremod.CoreMod.forge/COREMODLOG]: Redirecting method call finalizeSpawn(Lnet/minecraft/world/level/ServerLevelAccessor;Lnet/minecraft/world/DifficultyInstance;Lnet/minecraft/world/entity/EntitySpawnReason;Lnet/minecraft/world/entity/SpawnGroupData;)Lnet/minecraft/world/entity/SpawnGroupData; to onFinalizeSpawn(Lnet/minecraft/world/entity/Mob;Lnet/minecraft/world/level/ServerLevelAccessor;Lnet/minecraft/world/DifficultyInstance;Lnet/minecraft/world/entity/EntitySpawnReason;Lnet/minecraft/world/entity/SpawnGroupData;)Lnet/minecraft/world/entity/SpawnGroupData; inside of net/minecraft/world/entity/monster/ZombieVillager.lambda$finishConversion$2
[28giu2025 22:56:22.205] [main/DEBUG] [net.minecraftforge.coremod.transformer.CoreModBaseTransformer/COREMOD]: Transforming net/minecraft/world/entity/monster/Evoker$EvokerSummonSpellGoal
[28giu2025 22:56:22.206] [main/DEBUG] [net.minecraftforge.coremod.CoreMod.forge/COREMODLOG]: Redirecting method call finalizeSpawn(Lnet/minecraft/world/level/ServerLevelAccessor;Lnet/minecraft/world/DifficultyInstance;Lnet/minecraft/world/entity/EntitySpawnReason;Lnet/minecraft/world/entity/SpawnGroupData;)Lnet/minecraft/world/entity/SpawnGroupData; to onFinalizeSpawn(Lnet/minecraft/world/entity/Mob;Lnet/minecraft/world/level/ServerLevelAccessor;Lnet/minecraft/world/DifficultyInstance;Lnet/minecraft/world/entity/EntitySpawnReason;Lnet/minecraft/world/entity/SpawnGroupData;)Lnet/minecraft/world/entity/SpawnGroupData; inside of net/minecraft/world/entity/monster/Evoker$EvokerSummonSpellGoal.performSpellCasting
[28giu2025 22:56:22.283] [main/DEBUG] [net.minecraftforge.coremod.transformer.CoreModBaseTransformer/COREMOD]: Transforming net/minecraft/world/entity/animal/horse/SkeletonTrapGoal
[28giu2025 22:56:22.283] [main/DEBUG] [net.minecraftforge.coremod.CoreMod.forge/COREMODLOG]: Redirecting method call finalizeSpawn(Lnet/minecraft/world/level/ServerLevelAccessor;Lnet/minecraft/world/DifficultyInstance;Lnet/minecraft/world/entity/EntitySpawnReason;Lnet/minecraft/world/entity/SpawnGroupData;)Lnet/minecraft/world/entity/SpawnGroupData; to onFinalizeSpawn(Lnet/minecraft/world/entity/Mob;Lnet/minecraft/world/level/ServerLevelAccessor;Lnet/minecraft/world/DifficultyInstance;Lnet/minecraft/world/entity/EntitySpawnReason;Lnet/minecraft/world/entity/SpawnGroupData;)Lnet/minecraft/world/entity/SpawnGroupData; inside of net/minecraft/world/entity/animal/horse/SkeletonTrapGoal.createHorse
[28giu2025 22:56:22.284] [main/DEBUG] [net.minecraftforge.coremod.CoreMod.forge/COREMODLOG]: Redirecting method call finalizeSpawn(Lnet/minecraft/world/level/ServerLevelAccessor;Lnet/minecraft/world/DifficultyInstance;Lnet/minecraft/world/entity/EntitySpawnReason;Lnet/minecraft/world/entity/SpawnGroupData;)Lnet/minecraft/world/entity/SpawnGroupData; to onFinalizeSpawn(Lnet/minecraft/world/entity/Mob;Lnet/minecraft/world/level/ServerLevelAccessor;Lnet/minecraft/world/DifficultyInstance;Lnet/minecraft/world/entity/EntitySpawnReason;Lnet/minecraft/world/entity/SpawnGroupData;)Lnet/minecraft/world/entity/SpawnGroupData; inside of net/minecraft/world/entity/animal/horse/SkeletonTrapGoal.createSkeleton
[28giu2025 22:56:22.294] [main/DEBUG] [net.minecraftforge.coremod.transformer.CoreModBaseTransformer/COREMOD]: Transforming net/minecraft/world/entity/monster/Strider
[28giu2025 22:56:22.294] [main/DEBUG] [net.minecraftforge.coremod.CoreMod.forge/COREMODLOG]: Redirecting method call finalizeSpawn(Lnet/minecraft/world/level/ServerLevelAccessor;Lnet/minecraft/world/DifficultyInstance;Lnet/minecraft/world/entity/EntitySpawnReason;Lnet/minecraft/world/entity/SpawnGroupData;)Lnet/minecraft/world/entity/SpawnGroupData; to onFinalizeSpawn(Lnet/minecraft/world/entity/Mob;Lnet/minecraft/world/level/ServerLevelAccessor;Lnet/minecraft/world/DifficultyInstance;Lnet/minecraft/world/entity/EntitySpawnReason;Lnet/minecraft/world/entity/SpawnGroupData;)Lnet/minecraft/world/entity/SpawnGroupData; inside of net/minecraft/world/entity/monster/Strider.spawnJockey
[28giu2025 22:56:22.788] [main/DEBUG] [net.minecraftforge.coremod.transformer.CoreModBaseTransformer/COREMOD]: Transforming net/minecraft/world/level/levelgen/structure/structures/OceanRuinPieces$OceanRuinPiece
[28giu2025 22:56:22.790] [main/DEBUG] [net.minecraftforge.coremod.CoreMod.forge/COREMODLOG]: Redirecting method call finalizeSpawn(Lnet/minecraft/world/level/ServerLevelAccessor;Lnet/minecraft/world/DifficultyInstance;Lnet/minecraft/world/entity/EntitySpawnReason;Lnet/minecraft/world/entity/SpawnGroupData;)Lnet/minecraft/world/entity/SpawnGroupData; to onFinalizeSpawn(Lnet/minecraft/world/entity/Mob;Lnet/minecraft/world/level/ServerLevelAccessor;Lnet/minecraft/world/DifficultyInstance;Lnet/minecraft/world/entity/EntitySpawnReason;Lnet/minecraft/world/entity/SpawnGroupData;)Lnet/minecraft/world/entity/SpawnGroupData; inside of net/minecraft/world/level/levelgen/structure/structures/OceanRuinPieces$OceanRuinPiece.handleDataMarker
[28giu2025 22:56:22.795] [main/DEBUG] [net.minecraftforge.coremod.transformer.CoreModBaseTransformer/COREMOD]: Transforming net/minecraft/world/level/levelgen/structure/structures/SwampHutPiece
[28giu2025 22:56:22.797] [main/DEBUG] [net.minecraftforge.coremod.CoreMod.forge/COREMODLOG]: Redirecting method call finalizeSpawn(Lnet/minecraft/world/level/ServerLevelAccessor;Lnet/minecraft/world/DifficultyInstance;Lnet/minecraft/world/entity/EntitySpawnReason;Lnet/minecraft/world/entity/SpawnGroupData;)Lnet/minecraft/world/entity/SpawnGroupData; to onFinalizeSpawn(Lnet/minecraft/world/entity/Mob;Lnet/minecraft/world/level/ServerLevelAccessor;Lnet/minecraft/world/DifficultyInstance;Lnet/minecraft/world/entity/EntitySpawnReason;Lnet/minecraft/world/entity/SpawnGroupData;)Lnet/minecraft/world/entity/SpawnGroupData; inside of net/minecraft/world/level/levelgen/structure/structures/SwampHutPiece.postProcess
[28giu2025 22:56:22.798] [main/DEBUG] [net.minecraftforge.coremod.CoreMod.forge/COREMODLOG]: Redirecting method call finalizeSpawn(Lnet/minecraft/world/level/ServerLevelAccessor;Lnet/minecraft/world/DifficultyInstance;Lnet/minecraft/world/entity/EntitySpawnReason;Lnet/minecraft/world/entity/SpawnGroupData;)Lnet/minecraft/world/entity/SpawnGroupData; to onFinalizeSpawn(Lnet/minecraft/world/entity/Mob;Lnet/minecraft/world/level/ServerLevelAccessor;Lnet/minecraft/world/DifficultyInstance;Lnet/minecraft/world/entity/EntitySpawnReason;Lnet/minecraft/world/entity/SpawnGroupData;)Lnet/minecraft/world/entity/SpawnGroupData; inside of net/minecraft/world/level/levelgen/structure/structures/SwampHutPiece.spawnCat
[28giu2025 22:56:22.802] [main/DEBUG] [net.minecraftforge.coremod.transformer.CoreModBaseTransformer/COREMOD]: Transforming net/minecraft/world/level/levelgen/structure/structures/OceanMonumentPieces$OceanMonumentPiece
[28giu2025 22:56:22.803] [main/DEBUG] [net.minecraftforge.coremod.CoreMod.forge/COREMODLOG]: Redirecting method call finalizeSpawn(Lnet/minecraft/world/level/ServerLevelAccessor;Lnet/minecraft/world/DifficultyInstance;Lnet/minecraft/world/entity/EntitySpawnReason;Lnet/minecraft/world/entity/SpawnGroupData;)Lnet/minecraft/world/entity/SpawnGroupData; to onFinalizeSpawn(Lnet/minecraft/world/entity/Mob;Lnet/minecraft/world/level/ServerLevelAccessor;Lnet/minecraft/world/DifficultyInstance;Lnet/minecraft/world/entity/EntitySpawnReason;Lnet/minecraft/world/entity/SpawnGroupData;)Lnet/minecraft/world/entity/SpawnGroupData; inside of net/minecraft/world/level/levelgen/structure/structures/OceanMonumentPieces$OceanMonumentPiece.spawnElder
[28giu2025 22:56:22.809] [main/DEBUG] [net.minecraftforge.coremod.transformer.CoreModBaseTransformer/COREMOD]: Transforming net/minecraft/world/level/levelgen/structure/structures/WoodlandMansionPieces$WoodlandMansionPiece
[28giu2025 22:56:22.812] [main/DEBUG] [net.minecraftforge.coremod.CoreMod.forge/COREMODLOG]: Redirecting method call finalizeSpawn(Lnet/minecraft/world/level/ServerLevelAccessor;Lnet/minecraft/world/DifficultyInstance;Lnet/minecraft/world/entity/EntitySpawnReason;Lnet/minecraft/world/entity/SpawnGroupData;)Lnet/minecraft/world/entity/SpawnGroupData; to onFinalizeSpawn(Lnet/minecraft/world/entity/Mob;Lnet/minecraft/world/level/ServerLevelAccessor;Lnet/minecraft/world/DifficultyInstance;Lnet/minecraft/world/entity/EntitySpawnReason;Lnet/minecraft/world/entity/SpawnGroupData;)Lnet/minecraft/world/entity/SpawnGroupData; inside of net/minecraft/world/level/levelgen/structure/structures/WoodlandMansionPieces$WoodlandMansionPiece.handleDataMarker
[28giu2025 22:56:23.123] [main/DEBUG] [net.minecraftforge.registries.GameData/REGISTRIES]: Creating vanilla freeze snapshot
[28giu2025 22:56:23.124] [main/DEBUG] [net.minecraftforge.registries.ForgeRegistry/REGISTRIES]: Registry minecraft:block Sync: VANILLA -> ACTIVE
[28giu2025 22:56:23.135] [main/DEBUG] [net.minecraftforge.registries.ForgeRegistry/REGISTRIES]: Registry minecraft:fluid Sync: VANILLA -> ACTIVE
[28giu2025 22:56:23.135] [main/DEBUG] [net.minecraftforge.registries.ForgeRegistry/REGISTRIES]: Registry minecraft:item Sync: VANILLA -> ACTIVE
[28giu2025 22:56:23.142] [main/DEBUG] [net.minecraftforge.registries.ForgeRegistry/REGISTRIES]: Registry minecraft:mob_effect Sync: VANILLA -> ACTIVE
[28giu2025 22:56:23.142] [main/DEBUG] [net.minecraftforge.registries.ForgeRegistry/REGISTRIES]: Registry minecraft:sound_event Sync: VANILLA -> ACTIVE
[28giu2025 22:56:23.149] [main/DEBUG] [net.minecraftforge.registries.ForgeRegistry/REGISTRIES]: Registry minecraft:potion Sync: VANILLA -> ACTIVE
[28giu2025 22:56:23.150] [main/DEBUG] [net.minecraftforge.registries.ForgeRegistry/REGISTRIES]: Registry minecraft:entity_type Sync: VANILLA -> ACTIVE
[28giu2025 22:56:23.150] [main/DEBUG] [net.minecraftforge.registries.ForgeRegistry/REGISTRIES]: Registry minecraft:block_entity_type Sync: VANILLA -> ACTIVE
[28giu2025 22:56:23.151] [main/DEBUG] [net.minecraftforge.registries.ForgeRegistry/REGISTRIES]: Registry minecraft:particle_type Sync: VANILLA -> ACTIVE
[28giu2025 22:56:23.151] [main/DEBUG] [net.minecraftforge.registries.ForgeRegistry/REGISTRIES]: Registry minecraft:menu Sync: VANILLA -> ACTIVE
[28giu2025 22:56:23.151] [main/DEBUG] [net.minecraftforge.registries.ForgeRegistry/REGISTRIES]: Registry minecraft:painting_variant Sync: VANILLA -> ACTIVE
[28giu2025 22:56:23.151] [main/DEBUG] [net.minecraftforge.registries.ForgeRegistry/REGISTRIES]: Registry minecraft:recipe_type Sync: VANILLA -> ACTIVE
[28giu2025 22:56:23.151] [main/DEBUG] [net.minecraftforge.registries.ForgeRegistry/REGISTRIES]: Registry minecraft:recipe_serializer Sync: VANILLA -> ACTIVE
[28giu2025 22:56:23.151] [main/DEBUG] [net.minecraftforge.registries.ForgeRegistry/REGISTRIES]: Registry minecraft:attribute Sync: VANILLA -> ACTIVE
[28giu2025 22:56:23.152] [main/DEBUG] [net.minecraftforge.registries.ForgeRegistry/REGISTRIES]: Registry minecraft:stat_type Sync: VANILLA -> ACTIVE
[28giu2025 22:56:23.152] [main/DEBUG] [net.minecraftforge.registries.ForgeRegistry/REGISTRIES]: Registry minecraft:command_argument_type Sync: VANILLA -> ACTIVE
[28giu2025 22:56:23.152] [main/DEBUG] [net.minecraftforge.registries.ForgeRegistry/REGISTRIES]: Registry minecraft:data_component_type Sync: VANILLA -> ACTIVE
[28giu2025 22:56:23.152] [main/DEBUG] [net.minecraftforge.registries.ForgeRegistry/REGISTRIES]: Registry minecraft:villager_profession Sync: VANILLA -> ACTIVE
[28giu2025 22:56:23.154] [main/DEBUG] [net.minecraftforge.registries.ForgeRegistry/REGISTRIES]: Registry minecraft:point_of_interest_type Sync: VANILLA -> ACTIVE
[28giu2025 22:56:23.155] [main/DEBUG] [net.minecraftforge.registries.ForgeRegistry/REGISTRIES]: Registry minecraft:memory_module_type Sync: VANILLA -> ACTIVE
[28giu2025 22:56:23.155] [main/DEBUG] [net.minecraftforge.registries.ForgeRegistry/REGISTRIES]: Registry minecraft:sensor_type Sync: VANILLA -> ACTIVE
[28giu2025 22:56:23.155] [main/DEBUG] [net.minecraftforge.registries.ForgeRegistry/REGISTRIES]: Registry minecraft:schedule Sync: VANILLA -> ACTIVE
[28giu2025 22:56:23.155] [main/DEBUG] [net.minecraftforge.registries.ForgeRegistry/REGISTRIES]: Registry minecraft:activity Sync: VANILLA -> ACTIVE
[28giu2025 22:56:23.156] [main/DEBUG] [net.minecraftforge.registries.ForgeRegistry/REGISTRIES]: Registry minecraft:worldgen/carver Sync: VANILLA -> ACTIVE
[28giu2025 22:56:23.156] [main/DEBUG] [net.minecraftforge.registries.ForgeRegistry/REGISTRIES]: Registry minecraft:worldgen/feature Sync: VANILLA -> ACTIVE
[28giu2025 22:56:23.156] [main/DEBUG] [net.minecraftforge.registries.ForgeRegistry/REGISTRIES]: Registry minecraft:chunk_status Sync: VANILLA -> ACTIVE
[28giu2025 22:56:23.156] [main/DEBUG] [net.minecraftforge.registries.ForgeRegistry/REGISTRIES]: Registry minecraft:worldgen/block_state_provider_type Sync: VANILLA -> ACTIVE
[28giu2025 22:56:23.156] [main/DEBUG] [net.minecraftforge.registries.ForgeRegistry/REGISTRIES]: Registry minecraft:worldgen/foliage_placer_type Sync: VANILLA -> ACTIVE
[28giu2025 22:56:23.156] [main/DEBUG] [net.minecraftforge.registries.ForgeRegistry/REGISTRIES]: Registry minecraft:worldgen/tree_decorator_type Sync: VANILLA -> ACTIVE
[28giu2025 22:56:23.156] [main/DEBUG] [net.minecraftforge.registries.ForgeRegistry/REGISTRIES]: Registry minecraft:worldgen/biome Sync: VANILLA -> ACTIVE
[28giu2025 22:56:23.161] [main/DEBUG] [net.minecraftforge.registries.GameData/REGISTRIES]: Vanilla registry order:
[28giu2025 22:56:23.162] [main/INFO] [net.minecraftforge.registries.GameData/REGISTRIES]: 	minecraft:root
[28giu2025 22:56:23.163] [main/INFO] [net.minecraftforge.registries.GameData/REGISTRIES]: 	minecraft:sound_event
[28giu2025 22:56:23.163] [main/INFO] [net.minecraftforge.registries.GameData/REGISTRIES]: 	minecraft:fluid
[28giu2025 22:56:23.163] [main/INFO] [net.minecraftforge.registries.GameData/REGISTRIES]: 	minecraft:particle_type
[28giu2025 22:56:23.163] [main/INFO] [net.minecraftforge.registries.GameData/REGISTRIES]: 	minecraft:attribute
[28giu2025 22:56:23.163] [main/INFO] [net.minecraftforge.registries.GameData/REGISTRIES]: 	minecraft:mob_effect
[28giu2025 22:56:23.163] [main/INFO] [net.minecraftforge.registries.GameData/REGISTRIES]: 	minecraft:block
[28giu2025 22:56:23.163] [main/INFO] [net.minecraftforge.registries.GameData/REGISTRIES]: 	minecraft:enchantment_effect_component_type
[28giu2025 22:56:23.164] [main/INFO] [net.minecraftforge.registries.GameData/REGISTRIES]: 	minecraft:loot_score_provider_type
[28giu2025 22:56:23.164] [main/INFO] [net.minecraftforge.registries.GameData/REGISTRIES]: 	minecraft:loot_number_provider_type
[28giu2025 22:56:23.164] [main/INFO] [net.minecraftforge.registries.GameData/REGISTRIES]: 	minecraft:map_decoration_type
[28giu2025 22:56:23.164] [main/INFO] [net.minecraftforge.registries.GameData/REGISTRIES]: 	minecraft:loot_pool_entry_type
[28giu2025 22:56:23.164] [main/INFO] [net.minecraftforge.registries.GameData/REGISTRIES]: 	minecraft:loot_nbt_provider_type
[28giu2025 22:56:23.164] [main/INFO] [net.minecraftforge.registries.GameData/REGISTRIES]: 	minecraft:loot_function_type
[28giu2025 22:56:23.164] [main/INFO] [net.minecraftforge.registries.GameData/REGISTRIES]: 	minecraft:data_component_type
[28giu2025 22:56:23.164] [main/INFO] [net.minecraftforge.registries.GameData/REGISTRIES]: 	minecraft:entity_type
[28giu2025 22:56:23.164] [main/INFO] [net.minecraftforge.registries.GameData/REGISTRIES]: 	minecraft:item
[28giu2025 22:56:23.164] [main/INFO] [net.minecraftforge.registries.GameData/REGISTRIES]: 	minecraft:game_event
[28giu2025 22:56:23.164] [main/INFO] [net.minecraftforge.registries.GameData/REGISTRIES]: 	minecraft:potion
[28giu2025 22:56:23.164] [main/INFO] [net.minecraftforge.registries.GameData/REGISTRIES]: 	minecraft:block_entity_type
[28giu2025 22:56:23.164] [main/INFO] [net.minecraftforge.registries.GameData/REGISTRIES]: 	minecraft:stat_type
[28giu2025 22:56:23.164] [main/INFO] [net.minecraftforge.registries.GameData/REGISTRIES]: 	minecraft:custom_stat
[28giu2025 22:56:23.164] [main/INFO] [net.minecraftforge.registries.GameData/REGISTRIES]: 	minecraft:chunk_status
[28giu2025 22:56:23.164] [main/INFO] [net.minecraftforge.registries.GameData/REGISTRIES]: 	minecraft:rule_test
[28giu2025 22:56:23.164] [main/INFO] [net.minecraftforge.registries.GameData/REGISTRIES]: 	minecraft:rule_block_entity_modifier
[28giu2025 22:56:23.164] [main/INFO] [net.minecraftforge.registries.GameData/REGISTRIES]: 	minecraft:pos_rule_test
[28giu2025 22:56:23.164] [main/INFO] [net.minecraftforge.registries.GameData/REGISTRIES]: 	minecraft:menu
[28giu2025 22:56:23.164] [main/INFO] [net.minecraftforge.registries.GameData/REGISTRIES]: 	minecraft:recipe_type
[28giu2025 22:56:23.164] [main/INFO] [net.minecraftforge.registries.GameData/REGISTRIES]: 	minecraft:recipe_serializer
[28giu2025 22:56:23.164] [main/INFO] [net.minecraftforge.registries.GameData/REGISTRIES]: 	minecraft:position_source_type
[28giu2025 22:56:23.164] [main/INFO] [net.minecraftforge.registries.GameData/REGISTRIES]: 	minecraft:command_argument_type
[28giu2025 22:56:23.164] [main/INFO] [net.minecraftforge.registries.GameData/REGISTRIES]: 	minecraft:villager_type
[28giu2025 22:56:23.164] [main/INFO] [net.minecraftforge.registries.GameData/REGISTRIES]: 	minecraft:villager_profession
[28giu2025 22:56:23.164] [main/INFO] [net.minecraftforge.registries.GameData/REGISTRIES]: 	minecraft:point_of_interest_type
[28giu2025 22:56:23.165] [main/INFO] [net.minecraftforge.registries.GameData/REGISTRIES]: 	minecraft:memory_module_type
[28giu2025 22:56:23.165] [main/INFO] [net.minecraftforge.registries.GameData/REGISTRIES]: 	minecraft:sensor_type
[28giu2025 22:56:23.165] [main/INFO] [net.minecraftforge.registries.GameData/REGISTRIES]: 	minecraft:activity
[28giu2025 22:56:23.165] [main/INFO] [net.minecraftforge.registries.GameData/REGISTRIES]: 	minecraft:schedule
[28giu2025 22:56:23.165] [main/INFO] [net.minecraftforge.registries.GameData/REGISTRIES]: 	minecraft:loot_condition_type
[28giu2025 22:56:23.165] [main/INFO] [net.minecraftforge.registries.GameData/REGISTRIES]: 	minecraft:float_provider_type
[28giu2025 22:56:23.165] [main/INFO] [net.minecraftforge.registries.GameData/REGISTRIES]: 	minecraft:int_provider_type
[28giu2025 22:56:23.165] [main/INFO] [net.minecraftforge.registries.GameData/REGISTRIES]: 	minecraft:height_provider_type
[28giu2025 22:56:23.165] [main/INFO] [net.minecraftforge.registries.GameData/REGISTRIES]: 	minecraft:block_predicate_type
[28giu2025 22:56:23.165] [main/INFO] [net.minecraftforge.registries.GameData/REGISTRIES]: 	minecraft:worldgen/carver
[28giu2025 22:56:23.165] [main/INFO] [net.minecraftforge.registries.GameData/REGISTRIES]: 	minecraft:worldgen/structure_processor
[28giu2025 22:56:23.165] [main/INFO] [net.minecraftforge.registries.GameData/REGISTRIES]: 	minecraft:worldgen/feature
[28giu2025 22:56:23.165] [main/INFO] [net.minecraftforge.registries.GameData/REGISTRIES]: 	minecraft:worldgen/structure_placement
[28giu2025 22:56:23.165] [main/INFO] [net.minecraftforge.registries.GameData/REGISTRIES]: 	minecraft:worldgen/structure_piece
[28giu2025 22:56:23.165] [main/INFO] [net.minecraftforge.registries.GameData/REGISTRIES]: 	minecraft:worldgen/structure_type
[28giu2025 22:56:23.165] [main/INFO] [net.minecraftforge.registries.GameData/REGISTRIES]: 	minecraft:worldgen/placement_modifier_type
[28giu2025 22:56:23.165] [main/INFO] [net.minecraftforge.registries.GameData/REGISTRIES]: 	minecraft:worldgen/block_state_provider_type
[28giu2025 22:56:23.165] [main/INFO] [net.minecraftforge.registries.GameData/REGISTRIES]: 	minecraft:worldgen/foliage_placer_type
[28giu2025 22:56:23.165] [main/INFO] [net.minecraftforge.registries.GameData/REGISTRIES]: 	minecraft:worldgen/trunk_placer_type
[28giu2025 22:56:23.165] [main/INFO] [net.minecraftforge.registries.GameData/REGISTRIES]: 	minecraft:worldgen/root_placer_type
[28giu2025 22:56:23.165] [main/INFO] [net.minecraftforge.registries.GameData/REGISTRIES]: 	minecraft:worldgen/tree_decorator_type
[28giu2025 22:56:23.165] [main/INFO] [net.minecraftforge.registries.GameData/REGISTRIES]: 	minecraft:worldgen/feature_size_type
[28giu2025 22:56:23.165] [main/INFO] [net.minecraftforge.registries.GameData/REGISTRIES]: 	minecraft:worldgen/biome_source
[28giu2025 22:56:23.165] [main/INFO] [net.minecraftforge.registries.GameData/REGISTRIES]: 	minecraft:worldgen/chunk_generator
[28giu2025 22:56:23.165] [main/INFO] [net.minecraftforge.registries.GameData/REGISTRIES]: 	minecraft:worldgen/material_condition
[28giu2025 22:56:23.165] [main/INFO] [net.minecraftforge.registries.GameData/REGISTRIES]: 	minecraft:worldgen/material_rule
[28giu2025 22:56:23.165] [main/INFO] [net.minecraftforge.registries.GameData/REGISTRIES]: 	minecraft:worldgen/density_function_type
[28giu2025 22:56:23.165] [main/INFO] [net.minecraftforge.registries.GameData/REGISTRIES]: 	minecraft:block_type
[28giu2025 22:56:23.165] [main/INFO] [net.minecraftforge.registries.GameData/REGISTRIES]: 	minecraft:worldgen/structure_pool_element
[28giu2025 22:56:23.165] [main/INFO] [net.minecraftforge.registries.GameData/REGISTRIES]: 	minecraft:worldgen/pool_alias_binding
[28giu2025 22:56:23.165] [main/INFO] [net.minecraftforge.registries.GameData/REGISTRIES]: 	minecraft:decorated_pot_pattern
[28giu2025 22:56:23.165] [main/INFO] [net.minecraftforge.registries.GameData/REGISTRIES]: 	minecraft:creative_mode_tab
[28giu2025 22:56:23.165] [main/INFO] [net.minecraftforge.registries.GameData/REGISTRIES]: 	minecraft:trigger_type
[28giu2025 22:56:23.165] [main/INFO] [net.minecraftforge.registries.GameData/REGISTRIES]: 	minecraft:number_format_type
[28giu2025 22:56:23.165] [main/INFO] [net.minecraftforge.registries.GameData/REGISTRIES]: 	minecraft:entity_sub_predicate_type
[28giu2025 22:56:23.165] [main/INFO] [net.minecraftforge.registries.GameData/REGISTRIES]: 	minecraft:data_component_predicate_type
[28giu2025 22:56:23.165] [main/INFO] [net.minecraftforge.registries.GameData/REGISTRIES]: 	minecraft:enchantment_level_based_value_type
[28giu2025 22:56:23.166] [main/INFO] [net.minecraftforge.registries.GameData/REGISTRIES]: 	minecraft:enchantment_entity_effect_type
[28giu2025 22:56:23.166] [main/INFO] [net.minecraftforge.registries.GameData/REGISTRIES]: 	minecraft:enchantment_location_based_effect_type
[28giu2025 22:56:23.166] [main/INFO] [net.minecraftforge.registries.GameData/REGISTRIES]: 	minecraft:enchantment_value_effect_type
[28giu2025 22:56:23.166] [main/INFO] [net.minecraftforge.registries.GameData/REGISTRIES]: 	minecraft:enchantment_provider_type
[28giu2025 22:56:23.166] [main/INFO] [net.minecraftforge.registries.GameData/REGISTRIES]: 	minecraft:consume_effect_type
[28giu2025 22:56:23.166] [main/INFO] [net.minecraftforge.registries.GameData/REGISTRIES]: 	minecraft:recipe_display
[28giu2025 22:56:23.166] [main/INFO] [net.minecraftforge.registries.GameData/REGISTRIES]: 	minecraft:slot_display
[28giu2025 22:56:23.166] [main/INFO] [net.minecraftforge.registries.GameData/REGISTRIES]: 	minecraft:recipe_book_category
[28giu2025 22:56:23.166] [main/INFO] [net.minecraftforge.registries.GameData/REGISTRIES]: 	minecraft:ticket_type
[28giu2025 22:56:23.166] [main/INFO] [net.minecraftforge.registries.GameData/REGISTRIES]: 	minecraft:test_environment_definition_type
[28giu2025 22:56:23.166] [main/INFO] [net.minecraftforge.registries.GameData/REGISTRIES]: 	minecraft:test_instance_type
[28giu2025 22:56:23.166] [main/INFO] [net.minecraftforge.registries.GameData/REGISTRIES]: 	minecraft:spawn_condition_type
[28giu2025 22:56:23.166] [main/INFO] [net.minecraftforge.registries.GameData/REGISTRIES]: 	minecraft:dialog_type
[28giu2025 22:56:23.166] [main/INFO] [net.minecraftforge.registries.GameData/REGISTRIES]: 	minecraft:dialog_action_type
[28giu2025 22:56:23.166] [main/INFO] [net.minecraftforge.registries.GameData/REGISTRIES]: 	minecraft:input_control_type
[28giu2025 22:56:23.166] [main/INFO] [net.minecraftforge.registries.GameData/REGISTRIES]: 	minecraft:dialog_body_type
[28giu2025 22:56:23.166] [main/INFO] [net.minecraftforge.registries.GameData/REGISTRIES]: 	minecraft:test_function
[28giu2025 22:56:23.166] [main/DEBUG] [net.minecraftforge.registries.GameData/REGISTRIES]: Vanilla freeze snapshot created
[28giu2025 22:56:23.343] [main/DEBUG] [net.minecraftforge.fml.ModWorkManager/LOADING]: Using 16 threads for parallel mod-loading
[28giu2025 22:56:23.347] [main/DEBUG] [net.minecraftforge.fml.javafmlmod.FMLJavaModLanguageProvider/LOADING]: Loading FMLModContainer from classloader TransformingClassLoader[TRANSFORMER]@1749590097 - got SecureModuleClassLoader[LAYER PLUGIN]@1188671176
[28giu2025 22:56:23.348] [main/DEBUG] [net.minecraftforge.fml.javafmlmod.FMLModContainer/LOADING]: Creating FMLModContainer instance for net.minecraftforge.common.ForgeMod
[28giu2025 22:56:23.350] [main/DEBUG] [net.minecraftforge.fml.javafmlmod.FMLModContainer/LOADING]: Loaded modclass net.minecraftforge.forge/net.minecraftforge.common.ForgeMod with TransformingClassLoader[TRANSFORMER]@1749590097
[28giu2025 22:56:23.350] [main/DEBUG] [net.minecraftforge.fml.javafmlmod.FMLJavaModLanguageProvider/LOADING]: Loading FMLModContainer from classloader TransformingClassLoader[TRANSFORMER]@1749590097 - got SecureModuleClassLoader[LAYER PLUGIN]@1188671176
[28giu2025 22:56:23.350] [main/DEBUG] [net.minecraftforge.fml.javafmlmod.FMLModContainer/LOADING]: Creating FMLModContainer instance for com.blocklegend001.onlyhammers.OnlyHammers
[28giu2025 22:56:23.351] [main/DEBUG] [net.minecraftforge.fml.javafmlmod.FMLModContainer/LOADING]: Loaded modclass onlyhammers/com.blocklegend001.onlyhammers.OnlyHammers with TransformingClassLoader[TRANSFORMER]@1749590097
[28giu2025 22:56:23.369] [modloading-worker-0/DEBUG] [net.minecraftforge.versions.forge.ForgeVersion/CORE]: Forge Version package package net.minecraftforge.versions.forge, Forge, version 0.0 from TransformingClassLoader[TRANSFORMER]@1749590097
[28giu2025 22:56:23.369] [modloading-worker-0/DEBUG] [net.minecraftforge.versions.forge.ForgeVersion/CORE]: Found Forge version 56.0.9
[28giu2025 22:56:23.369] [modloading-worker-0/DEBUG] [net.minecraftforge.versions.forge.ForgeVersion/CORE]: Found Forge spec 0.0
[28giu2025 22:56:23.369] [modloading-worker-0/DEBUG] [net.minecraftforge.versions.forge.ForgeVersion/CORE]: Found Forge group net.minecraftforge
[28giu2025 22:56:23.371] [modloading-worker-0/DEBUG] [net.minecraftforge.versions.mcp.MCPVersion/CORE]: MCP Version package package net.minecraftforge.versions.mcp, Minecraft, version 1.21.6 from TransformingClassLoader[TRANSFORMER]@1749590097
[28giu2025 22:56:23.371] [modloading-worker-0/DEBUG] [net.minecraftforge.versions.mcp.MCPVersion/CORE]: Found MC version information 1.21.6
[28giu2025 22:56:23.371] [modloading-worker-0/DEBUG] [net.minecraftforge.versions.mcp.MCPVersion/CORE]: Found MCP version information 20250618.020446
[28giu2025 22:56:23.371] [modloading-worker-0/INFO] [net.minecraftforge.common.ForgeMod/FORGEMOD]: Forge mod loading, version 56.0.9, for MC 1.21.6 with MCP 20250618.020446
[28giu2025 22:56:23.372] [modloading-worker-0/INFO] [net.minecraftforge.common.MinecraftForge/FORGE]: MinecraftForge v56.0.9 Initialized
[28giu2025 22:56:23.372] [modloading-worker-0/DEBUG] [net.minecraftforge.fml.config.ConfigTracker/CONFIG]: Config file onlyhammers.toml for onlyhammers tracking
[28giu2025 22:56:23.377] [modloading-worker-0/INFO] [net.minecraftforge.common.ForgeMod/FORGEMOD]: Opening jdk.naming.dns/com.sun.jndi.dns to java.naming
[28giu2025 22:56:23.383] [modloading-worker-0/DEBUG] [net.minecraftforge.fml.javafmlmod.AutomaticEventSubscriber/LOADING]: Attempting to inject @EventBusSubscriber classes into the eventbus for onlyhammers
[28giu2025 22:56:23.384] [modloading-worker-0/DEBUG] [net.minecraftforge.fml.javafmlmod.AutomaticEventSubscriber/LOADING]: Auto-subscribing com.blocklegend001.onlyhammers.datagen.DataGenerators to MOD
[28giu2025 22:56:23.385] [modloading-worker-0/DEBUG] [net.minecraftforge.fml.javafmlmod.AutomaticEventSubscriber/LOADING]: Auto-subscribing com.blocklegend001.onlyhammers.event.ClientEvents to FORGE
[28giu2025 22:56:23.386] [modloading-worker-0/DEBUG] [net.minecraftforge.fml.javafmlmod.AutomaticEventSubscriber/LOADING]: Auto-subscribing com.blocklegend001.onlyhammers.event.ModEvents to FORGE
[28giu2025 22:56:23.391] [modloading-worker-0/DEBUG] [io.netty.util.internal.PlatformDependent0/]: -Dio.netty.noUnsafe: false
[28giu2025 22:56:23.391] [modloading-worker-0/DEBUG] [io.netty.util.internal.PlatformDependent0/]: Java version: 21
[28giu2025 22:56:23.391] [modloading-worker-0/DEBUG] [io.netty.util.internal.PlatformDependent0/]: sun.misc.Unsafe.theUnsafe: available
[28giu2025 22:56:23.392] [modloading-worker-0/DEBUG] [io.netty.util.internal.PlatformDependent0/]: sun.misc.Unsafe base methods: all available
[28giu2025 22:56:23.392] [modloading-worker-0/DEBUG] [io.netty.util.internal.PlatformDependent0/]: sun.misc.Unsafe.storeFence: available
[28giu2025 22:56:23.392] [modloading-worker-0/DEBUG] [io.netty.util.internal.PlatformDependent0/]: java.nio.Buffer.address: available
[28giu2025 22:56:23.393] [modloading-worker-0/DEBUG] [io.netty.util.internal.PlatformDependent0/]: direct buffer constructor: unavailable
java.lang.UnsupportedOperationException: Reflective setAccessible(true) disabled
	at SECURE-BOOTSTRAP/io.netty.common@4.1.118.Final/io.netty.util.internal.ReflectionUtil.trySetAccessible(ReflectionUtil.java:31) ~[netty-common-4.1.118.Final.jar:4.1.118.Final]
	at SECURE-BOOTSTRAP/io.netty.common@4.1.118.Final/io.netty.util.internal.PlatformDependent0$5.run(PlatformDependent0.java:332) ~[netty-common-4.1.118.Final.jar:4.1.118.Final]
	at java.base/java.security.AccessController.doPrivileged(AccessController.java:319) ~[?:?]
	at SECURE-BOOTSTRAP/io.netty.common@4.1.118.Final/io.netty.util.internal.PlatformDependent0.<clinit>(PlatformDependent0.java:325) ~[netty-common-4.1.118.Final.jar:4.1.118.Final]
	at SECURE-BOOTSTRAP/io.netty.common@4.1.118.Final/io.netty.util.internal.PlatformDependent.isAndroid(PlatformDependent.java:334) ~[netty-common-4.1.118.Final.jar:4.1.118.Final]
	at SECURE-BOOTSTRAP/io.netty.common@4.1.118.Final/io.netty.util.internal.PlatformDependent.<clinit>(PlatformDependent.java:90) ~[netty-common-4.1.118.Final.jar:4.1.118.Final]
	at SECURE-BOOTSTRAP/io.netty.common@4.1.118.Final/io.netty.util.ConstantPool.<init>(ConstantPool.java:34) ~[netty-common-4.1.118.Final.jar:4.1.118.Final]
	at SECURE-BOOTSTRAP/io.netty.common@4.1.118.Final/io.netty.util.AttributeKey$1.<init>(AttributeKey.java:27) ~[netty-common-4.1.118.Final.jar:4.1.118.Final]
	at SECURE-BOOTSTRAP/io.netty.common@4.1.118.Final/io.netty.util.AttributeKey.<clinit>(AttributeKey.java:27) ~[netty-common-4.1.118.Final.jar:4.1.118.Final]
	at TRANSFORMER/net.minecraftforge.forge@56.0.9/net.minecraftforge.network.NetworkInitialization.<clinit>(NetworkInitialization.java:27) ~[forge-1.21.6-56.0.9_mapped_official_1.21.6-recomp.jar:?]
	at TRANSFORMER/net.minecraftforge.forge@56.0.9/net.minecraftforge.common.ForgeMod.<init>(ForgeMod.java:381) ~[forge-1.21.6-56.0.9_mapped_official_1.21.6-recomp.jar:?]
	at java.base/jdk.internal.reflect.DirectConstructorHandleAccessor.newInstance(DirectConstructorHandleAccessor.java:62) ~[?:?]
	at java.base/java.lang.reflect.Constructor.newInstanceWithCaller(Constructor.java:502) ~[?:?]
	at java.base/java.lang.reflect.Constructor.newInstance(Constructor.java:486) ~[?:?]
	at LAYER PLUGIN/net.minecraftforge.javafmlmod@1.21.6-56.0.9/net.minecraftforge.fml.javafmlmod.FMLModContainer.constructMod(FMLModContainer.java:137) ~[javafmllanguage-1.21.6-56.0.9.jar!/:56.0.9]
	at LAYER PLUGIN/net.minecraftforge.fmlcore@1.21.6-56.0.9/net.minecraftforge.fml.ModStateTransitionHelper.lambda$addCompletableFutureTaskForModDispatch$4(ModStateTransitionHelper.java:120) ~[fmlcore-1.21.6-56.0.9.jar!/:1.0]
	at java.base/java.util.concurrent.CompletableFuture$UniRun.tryFire(CompletableFuture.java:787) [?:?]
	at java.base/java.util.concurrent.CompletableFuture$Completion.exec(CompletableFuture.java:483) [?:?]
	at java.base/java.util.concurrent.ForkJoinTask.doExec(ForkJoinTask.java:387) [?:?]
	at java.base/java.util.concurrent.ForkJoinPool$WorkQueue.topLevelExec(ForkJoinPool.java:1312) [?:?]
	at java.base/java.util.concurrent.ForkJoinPool.scan(ForkJoinPool.java:1843) [?:?]
	at java.base/java.util.concurrent.ForkJoinPool.runWorker(ForkJoinPool.java:1808) [?:?]
	at java.base/java.util.concurrent.ForkJoinWorkerThread.run(ForkJoinWorkerThread.java:188) [?:?]
[28giu2025 22:56:23.403] [modloading-worker-0/DEBUG] [io.netty.util.internal.PlatformDependent0/]: java.nio.Bits.unaligned: available, true
[28giu2025 22:56:23.404] [modloading-worker-0/DEBUG] [io.netty.util.internal.PlatformDependent0/]: jdk.internal.misc.Unsafe.allocateUninitializedArray(int): unavailable
java.lang.IllegalAccessException: class io.netty.util.internal.PlatformDependent0$7 (in module io.netty.common) cannot access class jdk.internal.misc.Unsafe (in module java.base) because module java.base does not export jdk.internal.misc to module io.netty.common
	at java.base/jdk.internal.reflect.Reflection.newIllegalAccessException(Reflection.java:394) ~[?:?]
	at java.base/java.lang.reflect.AccessibleObject.checkAccess(AccessibleObject.java:714) ~[?:?]
	at java.base/java.lang.reflect.Method.invoke(Method.java:571) ~[?:?]
	at SECURE-BOOTSTRAP/io.netty.common@4.1.118.Final/io.netty.util.internal.PlatformDependent0$7.run(PlatformDependent0.java:468) ~[netty-common-4.1.118.Final.jar:4.1.118.Final]
	at java.base/java.security.AccessController.doPrivileged(AccessController.java:319) ~[?:?]
	at SECURE-BOOTSTRAP/io.netty.common@4.1.118.Final/io.netty.util.internal.PlatformDependent0.<clinit>(PlatformDependent0.java:459) ~[netty-common-4.1.118.Final.jar:4.1.118.Final]
	at SECURE-BOOTSTRAP/io.netty.common@4.1.118.Final/io.netty.util.internal.PlatformDependent.isAndroid(PlatformDependent.java:334) ~[netty-common-4.1.118.Final.jar:4.1.118.Final]
	at SECURE-BOOTSTRAP/io.netty.common@4.1.118.Final/io.netty.util.internal.PlatformDependent.<clinit>(PlatformDependent.java:90) ~[netty-common-4.1.118.Final.jar:4.1.118.Final]
	at SECURE-BOOTSTRAP/io.netty.common@4.1.118.Final/io.netty.util.ConstantPool.<init>(ConstantPool.java:34) ~[netty-common-4.1.118.Final.jar:4.1.118.Final]
	at SECURE-BOOTSTRAP/io.netty.common@4.1.118.Final/io.netty.util.AttributeKey$1.<init>(AttributeKey.java:27) ~[netty-common-4.1.118.Final.jar:4.1.118.Final]
	at SECURE-BOOTSTRAP/io.netty.common@4.1.118.Final/io.netty.util.AttributeKey.<clinit>(AttributeKey.java:27) ~[netty-common-4.1.118.Final.jar:4.1.118.Final]
	at TRANSFORMER/net.minecraftforge.forge@56.0.9/net.minecraftforge.network.NetworkInitialization.<clinit>(NetworkInitialization.java:27) ~[forge-1.21.6-56.0.9_mapped_official_1.21.6-recomp.jar:?]
	at TRANSFORMER/net.minecraftforge.forge@56.0.9/net.minecraftforge.common.ForgeMod.<init>(ForgeMod.java:381) ~[forge-1.21.6-56.0.9_mapped_official_1.21.6-recomp.jar:?]
	at java.base/jdk.internal.reflect.DirectConstructorHandleAccessor.newInstance(DirectConstructorHandleAccessor.java:62) ~[?:?]
	at java.base/java.lang.reflect.Constructor.newInstanceWithCaller(Constructor.java:502) ~[?:?]
	at java.base/java.lang.reflect.Constructor.newInstance(Constructor.java:486) ~[?:?]
	at LAYER PLUGIN/net.minecraftforge.javafmlmod@1.21.6-56.0.9/net.minecraftforge.fml.javafmlmod.FMLModContainer.constructMod(FMLModContainer.java:137) ~[javafmllanguage-1.21.6-56.0.9.jar!/:56.0.9]
	at LAYER PLUGIN/net.minecraftforge.fmlcore@1.21.6-56.0.9/net.minecraftforge.fml.ModStateTransitionHelper.lambda$addCompletableFutureTaskForModDispatch$4(ModStateTransitionHelper.java:120) ~[fmlcore-1.21.6-56.0.9.jar!/:1.0]
	at java.base/java.util.concurrent.CompletableFuture$UniRun.tryFire(CompletableFuture.java:787) [?:?]
	at java.base/java.util.concurrent.CompletableFuture$Completion.exec(CompletableFuture.java:483) [?:?]
	at java.base/java.util.concurrent.ForkJoinTask.doExec(ForkJoinTask.java:387) [?:?]
	at java.base/java.util.concurrent.ForkJoinPool$WorkQueue.topLevelExec(ForkJoinPool.java:1312) [?:?]
	at java.base/java.util.concurrent.ForkJoinPool.scan(ForkJoinPool.java:1843) [?:?]
	at java.base/java.util.concurrent.ForkJoinPool.runWorker(ForkJoinPool.java:1808) [?:?]
	at java.base/java.util.concurrent.ForkJoinWorkerThread.run(ForkJoinWorkerThread.java:188) [?:?]
[28giu2025 22:56:23.405] [modloading-worker-0/DEBUG] [io.netty.util.internal.PlatformDependent0/]: java.nio.DirectByteBuffer.<init>(long, {int,long}): unavailable
[28giu2025 22:56:23.406] [modloading-worker-0/DEBUG] [io.netty.util.internal.PlatformDependent/]: sun.misc.Unsafe: available
[28giu2025 22:56:23.406] [modloading-worker-0/DEBUG] [io.netty.util.internal.PlatformDependent/]: -Dio.netty.tmpdir: C:\Users\rosar\AppData\Local\Temp (java.io.tmpdir)
[28giu2025 22:56:23.406] [modloading-worker-0/DEBUG] [io.netty.util.internal.PlatformDependent/]: -Dio.netty.bitMode: 64 (sun.arch.data.model)
[28giu2025 22:56:23.406] [modloading-worker-0/DEBUG] [io.netty.util.internal.PlatformDependent/]: Platform: Windows
[28giu2025 22:56:23.407] [modloading-worker-0/DEBUG] [io.netty.util.internal.PlatformDependent/]: -Dio.netty.maxDirectMemory: -1 bytes
[28giu2025 22:56:23.407] [modloading-worker-0/DEBUG] [io.netty.util.internal.PlatformDependent/]: -Dio.netty.uninitializedArrayAllocationThreshold: -1
[28giu2025 22:56:23.408] [modloading-worker-0/DEBUG] [io.netty.util.internal.CleanerJava9/]: java.nio.ByteBuffer.cleaner(): available
[28giu2025 22:56:23.408] [modloading-worker-0/DEBUG] [io.netty.util.internal.PlatformDependent/]: -Dio.netty.noPreferDirect: false
[28giu2025 22:56:23.428] [modloading-worker-0/DEBUG] [net.minecraftforge.network.NetworkInitialization/FORGE_NETWORK]: Registering Network forge:login v0
[28giu2025 22:56:23.428] [modloading-worker-0/DEBUG] [net.minecraftforge.network.NetworkInitialization/FORGE_NETWORK]: Registering Network forge:handshake v0
[28giu2025 22:56:23.428] [modloading-worker-0/DEBUG] [net.minecraftforge.network.NetworkInitialization/FORGE_NETWORK]: Registering Network forge:handshake v0
[28giu2025 22:56:23.428] [modloading-worker-0/DEBUG] [net.minecraftforge.network.NetworkInitialization/FORGE_NETWORK]: Registering Network forge:channel_registration v0
[28giu2025 22:56:23.434] [modloading-worker-0/DEBUG] [net.minecraftforge.fml.config.ConfigTracker/CONFIG]: Config file forge-client.toml for forge tracking
[28giu2025 22:56:23.434] [modloading-worker-0/DEBUG] [net.minecraftforge.fml.config.ConfigTracker/CONFIG]: Config file forge-server.toml for forge tracking
[28giu2025 22:56:23.434] [modloading-worker-0/DEBUG] [net.minecraftforge.fml.config.ConfigTracker/CONFIG]: Config file forge-common.toml for forge tracking
[28giu2025 22:56:23.445] [modloading-worker-0/DEBUG] [net.minecraftforge.fml.javafmlmod.AutomaticEventSubscriber/LOADING]: Attempting to inject @EventBusSubscriber classes into the eventbus for forge
[28giu2025 22:56:23.446] [modloading-worker-0/DEBUG] [net.minecraftforge.fml.javafmlmod.AutomaticEventSubscriber/LOADING]: Auto-subscribing net.minecraftforge.client.model.data.ModelDataManager to FORGE
[28giu2025 22:56:23.447] [modloading-worker-0/DEBUG] [net.minecraftforge.fml.javafmlmod.AutomaticEventSubscriber/LOADING]: Auto-subscribing net.minecraftforge.client.ClientForgeMod to MOD
[28giu2025 22:56:23.458] [main/DEBUG] [net.minecraftforge.registries.ObjectHolderRegistry/REGISTRIES]: Processing ObjectHolder annotations
[28giu2025 22:56:23.462] [main/DEBUG] [net.minecraftforge.common.capabilities.CapabilityManager/CAPABILITIES]: Attempting to automatically register: Lnet/minecraftforge/energy/IEnergyStorage;
[28giu2025 22:56:23.464] [main/DEBUG] [net.minecraftforge.common.capabilities.CapabilityManager/CAPABILITIES]: Attempting to automatically register: Lnet/minecraftforge/fluids/capability/IFluidHandler;
[28giu2025 22:56:23.464] [main/DEBUG] [net.minecraftforge.common.capabilities.CapabilityManager/CAPABILITIES]: Attempting to automatically register: Lnet/minecraftforge/fluids/capability/IFluidHandlerItem;
[28giu2025 22:56:23.464] [main/DEBUG] [net.minecraftforge.common.capabilities.CapabilityManager/CAPABILITIES]: Attempting to automatically register: Lnet/minecraftforge/items/IItemHandler;
[28giu2025 22:56:23.465] [main/DEBUG] [net.minecraftforge.registries.GameData/REGISTRIES]: Unfreezing vanilla registries
[28giu2025 22:56:23.467] [main/DEBUG] [net.minecraftforge.registries.GameData/REGISTRIES]: Applying holder lookups: minecraft:sound_event
[28giu2025 22:56:23.467] [main/DEBUG] [net.minecraftforge.registries.GameData/REGISTRIES]: Holder lookups applied: minecraft:sound_event
[28giu2025 22:56:23.467] [main/DEBUG] [net.minecraftforge.registries.GameData/REGISTRIES]: Applying holder lookups: minecraft:fluid
[28giu2025 22:56:23.467] [main/DEBUG] [net.minecraftforge.registries.GameData/REGISTRIES]: Holder lookups applied: minecraft:fluid
[28giu2025 22:56:23.468] [main/DEBUG] [net.minecraftforge.registries.GameData/REGISTRIES]: Applying holder lookups: minecraft:particle_type
[28giu2025 22:56:23.468] [main/DEBUG] [net.minecraftforge.registries.GameData/REGISTRIES]: Holder lookups applied: minecraft:particle_type
[28giu2025 22:56:23.468] [main/DEBUG] [net.minecraftforge.registries.GameData/REGISTRIES]: Applying holder lookups: minecraft:attribute
[28giu2025 22:56:23.468] [main/DEBUG] [net.minecraftforge.registries.GameData/REGISTRIES]: Holder lookups applied: minecraft:attribute
[28giu2025 22:56:23.469] [main/DEBUG] [net.minecraftforge.registries.GameData/REGISTRIES]: Applying holder lookups: minecraft:mob_effect
[28giu2025 22:56:23.469] [main/DEBUG] [net.minecraftforge.registries.GameData/REGISTRIES]: Holder lookups applied: minecraft:mob_effect
[28giu2025 22:56:23.469] [main/DEBUG] [net.minecraftforge.registries.GameData/REGISTRIES]: Applying holder lookups: minecraft:block
[28giu2025 22:56:23.469] [main/DEBUG] [net.minecraftforge.registries.GameData/REGISTRIES]: Holder lookups applied: minecraft:block
[28giu2025 22:56:23.469] [main/DEBUG] [net.minecraftforge.registries.GameData/REGISTRIES]: Applying holder lookups: minecraft:enchantment_effect_component_type
[28giu2025 22:56:23.469] [main/DEBUG] [net.minecraftforge.registries.GameData/REGISTRIES]: Holder lookups applied: minecraft:enchantment_effect_component_type
[28giu2025 22:56:23.470] [main/DEBUG] [net.minecraftforge.registries.GameData/REGISTRIES]: Applying holder lookups: minecraft:loot_score_provider_type
[28giu2025 22:56:23.470] [main/DEBUG] [net.minecraftforge.registries.GameData/REGISTRIES]: Holder lookups applied: minecraft:loot_score_provider_type
[28giu2025 22:56:23.470] [main/DEBUG] [net.minecraftforge.registries.GameData/REGISTRIES]: Applying holder lookups: minecraft:loot_number_provider_type
[28giu2025 22:56:23.470] [main/DEBUG] [net.minecraftforge.registries.GameData/REGISTRIES]: Holder lookups applied: minecraft:loot_number_provider_type
[28giu2025 22:56:23.470] [main/DEBUG] [net.minecraftforge.registries.GameData/REGISTRIES]: Applying holder lookups: minecraft:map_decoration_type
[28giu2025 22:56:23.470] [main/DEBUG] [net.minecraftforge.registries.GameData/REGISTRIES]: Holder lookups applied: minecraft:map_decoration_type
[28giu2025 22:56:23.470] [main/DEBUG] [net.minecraftforge.registries.GameData/REGISTRIES]: Applying holder lookups: minecraft:loot_pool_entry_type
[28giu2025 22:56:23.470] [main/DEBUG] [net.minecraftforge.registries.GameData/REGISTRIES]: Holder lookups applied: minecraft:loot_pool_entry_type
[28giu2025 22:56:23.470] [main/DEBUG] [net.minecraftforge.registries.GameData/REGISTRIES]: Applying holder lookups: minecraft:loot_nbt_provider_type
[28giu2025 22:56:23.470] [main/DEBUG] [net.minecraftforge.registries.GameData/REGISTRIES]: Holder lookups applied: minecraft:loot_nbt_provider_type
[28giu2025 22:56:23.471] [main/DEBUG] [net.minecraftforge.registries.GameData/REGISTRIES]: Applying holder lookups: minecraft:loot_function_type
[28giu2025 22:56:23.471] [main/DEBUG] [net.minecraftforge.registries.GameData/REGISTRIES]: Holder lookups applied: minecraft:loot_function_type
[28giu2025 22:56:23.471] [main/DEBUG] [net.minecraftforge.registries.GameData/REGISTRIES]: Applying holder lookups: minecraft:data_component_type
[28giu2025 22:56:23.471] [main/DEBUG] [net.minecraftforge.registries.GameData/REGISTRIES]: Holder lookups applied: minecraft:data_component_type
[28giu2025 22:56:23.471] [main/DEBUG] [net.minecraftforge.registries.GameData/REGISTRIES]: Applying holder lookups: minecraft:entity_type
[28giu2025 22:56:23.471] [main/DEBUG] [net.minecraftforge.registries.GameData/REGISTRIES]: Holder lookups applied: minecraft:entity_type
[28giu2025 22:56:23.474] [main/DEBUG] [net.minecraftforge.registries.GameData/REGISTRIES]: Applying holder lookups: minecraft:item
[28giu2025 22:56:23.475] [main/DEBUG] [net.minecraftforge.registries.GameData/REGISTRIES]: Holder lookups applied: minecraft:item
[28giu2025 22:56:23.475] [main/DEBUG] [net.minecraftforge.registries.GameData/REGISTRIES]: Applying holder lookups: minecraft:game_event
[28giu2025 22:56:23.475] [main/DEBUG] [net.minecraftforge.registries.GameData/REGISTRIES]: Holder lookups applied: minecraft:game_event
[28giu2025 22:56:23.475] [main/DEBUG] [net.minecraftforge.registries.GameData/REGISTRIES]: Applying holder lookups: minecraft:potion
[28giu2025 22:56:23.475] [main/DEBUG] [net.minecraftforge.registries.GameData/REGISTRIES]: Holder lookups applied: minecraft:potion
[28giu2025 22:56:23.475] [main/DEBUG] [net.minecraftforge.registries.GameData/REGISTRIES]: Applying holder lookups: minecraft:block_entity_type
[28giu2025 22:56:23.475] [main/DEBUG] [net.minecraftforge.registries.GameData/REGISTRIES]: Holder lookups applied: minecraft:block_entity_type
[28giu2025 22:56:23.475] [main/DEBUG] [net.minecraftforge.registries.GameData/REGISTRIES]: Applying holder lookups: minecraft:stat_type
[28giu2025 22:56:23.475] [main/DEBUG] [net.minecraftforge.registries.GameData/REGISTRIES]: Holder lookups applied: minecraft:stat_type
[28giu2025 22:56:23.475] [main/DEBUG] [net.minecraftforge.registries.GameData/REGISTRIES]: Applying holder lookups: minecraft:custom_stat
[28giu2025 22:56:23.475] [main/DEBUG] [net.minecraftforge.registries.GameData/REGISTRIES]: Holder lookups applied: minecraft:custom_stat
[28giu2025 22:56:23.475] [main/DEBUG] [net.minecraftforge.registries.GameData/REGISTRIES]: Applying holder lookups: minecraft:chunk_status
[28giu2025 22:56:23.475] [main/DEBUG] [net.minecraftforge.registries.GameData/REGISTRIES]: Holder lookups applied: minecraft:chunk_status
[28giu2025 22:56:23.475] [main/DEBUG] [net.minecraftforge.registries.GameData/REGISTRIES]: Applying holder lookups: minecraft:rule_test
[28giu2025 22:56:23.475] [main/DEBUG] [net.minecraftforge.registries.GameData/REGISTRIES]: Holder lookups applied: minecraft:rule_test
[28giu2025 22:56:23.475] [main/DEBUG] [net.minecraftforge.registries.GameData/REGISTRIES]: Applying holder lookups: minecraft:rule_block_entity_modifier
[28giu2025 22:56:23.475] [main/DEBUG] [net.minecraftforge.registries.GameData/REGISTRIES]: Holder lookups applied: minecraft:rule_block_entity_modifier
[28giu2025 22:56:23.475] [main/DEBUG] [net.minecraftforge.registries.GameData/REGISTRIES]: Applying holder lookups: minecraft:pos_rule_test
[28giu2025 22:56:23.475] [main/DEBUG] [net.minecraftforge.registries.GameData/REGISTRIES]: Holder lookups applied: minecraft:pos_rule_test
[28giu2025 22:56:23.475] [main/DEBUG] [net.minecraftforge.registries.GameData/REGISTRIES]: Applying holder lookups: minecraft:menu
[28giu2025 22:56:23.475] [main/DEBUG] [net.minecraftforge.registries.GameData/REGISTRIES]: Holder lookups applied: minecraft:menu
[28giu2025 22:56:23.475] [main/DEBUG] [net.minecraftforge.registries.GameData/REGISTRIES]: Applying holder lookups: minecraft:recipe_type
[28giu2025 22:56:23.475] [main/DEBUG] [net.minecraftforge.registries.GameData/REGISTRIES]: Holder lookups applied: minecraft:recipe_type
[28giu2025 22:56:23.478] [main/DEBUG] [net.minecraftforge.registries.GameData/REGISTRIES]: Applying holder lookups: minecraft:recipe_serializer
[28giu2025 22:56:23.478] [main/DEBUG] [net.minecraftforge.registries.GameData/REGISTRIES]: Holder lookups applied: minecraft:recipe_serializer
[28giu2025 22:56:23.478] [main/DEBUG] [net.minecraftforge.registries.GameData/REGISTRIES]: Applying holder lookups: minecraft:position_source_type
[28giu2025 22:56:23.478] [main/DEBUG] [net.minecraftforge.registries.GameData/REGISTRIES]: Holder lookups applied: minecraft:position_source_type
[28giu2025 22:56:23.480] [main/DEBUG] [net.minecraftforge.registries.GameData/REGISTRIES]: Applying holder lookups: minecraft:command_argument_type
[28giu2025 22:56:23.480] [main/DEBUG] [net.minecraftforge.registries.GameData/REGISTRIES]: Holder lookups applied: minecraft:command_argument_type
[28giu2025 22:56:23.480] [main/DEBUG] [net.minecraftforge.registries.GameData/REGISTRIES]: Applying holder lookups: minecraft:villager_type
[28giu2025 22:56:23.481] [main/DEBUG] [net.minecraftforge.registries.GameData/REGISTRIES]: Holder lookups applied: minecraft:villager_type
[28giu2025 22:56:23.481] [main/DEBUG] [net.minecraftforge.registries.GameData/REGISTRIES]: Applying holder lookups: minecraft:villager_profession
[28giu2025 22:56:23.481] [main/DEBUG] [net.minecraftforge.registries.GameData/REGISTRIES]: Holder lookups applied: minecraft:villager_profession
[28giu2025 22:56:23.481] [main/DEBUG] [net.minecraftforge.registries.GameData/REGISTRIES]: Applying holder lookups: minecraft:point_of_interest_type
[28giu2025 22:56:23.481] [main/DEBUG] [net.minecraftforge.registries.GameData/REGISTRIES]: Holder lookups applied: minecraft:point_of_interest_type
[28giu2025 22:56:23.481] [main/DEBUG] [net.minecraftforge.registries.GameData/REGISTRIES]: Applying holder lookups: minecraft:memory_module_type
[28giu2025 22:56:23.481] [main/DEBUG] [net.minecraftforge.registries.GameData/REGISTRIES]: Holder lookups applied: minecraft:memory_module_type
[28giu2025 22:56:23.481] [main/DEBUG] [net.minecraftforge.registries.GameData/REGISTRIES]: Applying holder lookups: minecraft:sensor_type
[28giu2025 22:56:23.481] [main/DEBUG] [net.minecraftforge.registries.GameData/REGISTRIES]: Holder lookups applied: minecraft:sensor_type
[28giu2025 22:56:23.481] [main/DEBUG] [net.minecraftforge.registries.GameData/REGISTRIES]: Applying holder lookups: minecraft:activity
[28giu2025 22:56:23.481] [main/DEBUG] [net.minecraftforge.registries.GameData/REGISTRIES]: Holder lookups applied: minecraft:activity
[28giu2025 22:56:23.481] [main/DEBUG] [net.minecraftforge.registries.GameData/REGISTRIES]: Applying holder lookups: minecraft:schedule
[28giu2025 22:56:23.481] [main/DEBUG] [net.minecraftforge.registries.GameData/REGISTRIES]: Holder lookups applied: minecraft:schedule
[28giu2025 22:56:23.484] [main/DEBUG] [net.minecraftforge.registries.GameData/REGISTRIES]: Applying holder lookups: minecraft:loot_condition_type
[28giu2025 22:56:23.484] [main/DEBUG] [net.minecraftforge.registries.GameData/REGISTRIES]: Holder lookups applied: minecraft:loot_condition_type
[28giu2025 22:56:23.484] [main/DEBUG] [net.minecraftforge.registries.GameData/REGISTRIES]: Applying holder lookups: minecraft:float_provider_type
[28giu2025 22:56:23.484] [main/DEBUG] [net.minecraftforge.registries.GameData/REGISTRIES]: Holder lookups applied: minecraft:float_provider_type
[28giu2025 22:56:23.484] [main/DEBUG] [net.minecraftforge.registries.GameData/REGISTRIES]: Applying holder lookups: minecraft:int_provider_type
[28giu2025 22:56:23.484] [main/DEBUG] [net.minecraftforge.registries.GameData/REGISTRIES]: Holder lookups applied: minecraft:int_provider_type
[28giu2025 22:56:23.484] [main/DEBUG] [net.minecraftforge.registries.GameData/REGISTRIES]: Applying holder lookups: minecraft:height_provider_type
[28giu2025 22:56:23.484] [main/DEBUG] [net.minecraftforge.registries.GameData/REGISTRIES]: Holder lookups applied: minecraft:height_provider_type
[28giu2025 22:56:23.484] [main/DEBUG] [net.minecraftforge.registries.GameData/REGISTRIES]: Applying holder lookups: minecraft:block_predicate_type
[28giu2025 22:56:23.484] [main/DEBUG] [net.minecraftforge.registries.GameData/REGISTRIES]: Holder lookups applied: minecraft:block_predicate_type
[28giu2025 22:56:23.484] [main/DEBUG] [net.minecraftforge.registries.GameData/REGISTRIES]: Applying holder lookups: minecraft:worldgen/carver
[28giu2025 22:56:23.484] [main/DEBUG] [net.minecraftforge.registries.GameData/REGISTRIES]: Holder lookups applied: minecraft:worldgen/carver
[28giu2025 22:56:23.484] [main/DEBUG] [net.minecraftforge.registries.GameData/REGISTRIES]: Applying holder lookups: minecraft:worldgen/structure_processor
[28giu2025 22:56:23.484] [main/DEBUG] [net.minecraftforge.registries.GameData/REGISTRIES]: Holder lookups applied: minecraft:worldgen/structure_processor
[28giu2025 22:56:23.484] [main/DEBUG] [net.minecraftforge.registries.GameData/REGISTRIES]: Applying holder lookups: minecraft:worldgen/feature
[28giu2025 22:56:23.484] [main/DEBUG] [net.minecraftforge.registries.GameData/REGISTRIES]: Holder lookups applied: minecraft:worldgen/feature
[28giu2025 22:56:23.484] [main/DEBUG] [net.minecraftforge.registries.GameData/REGISTRIES]: Applying holder lookups: minecraft:worldgen/structure_placement
[28giu2025 22:56:23.484] [main/DEBUG] [net.minecraftforge.registries.GameData/REGISTRIES]: Holder lookups applied: minecraft:worldgen/structure_placement
[28giu2025 22:56:23.485] [main/DEBUG] [net.minecraftforge.registries.GameData/REGISTRIES]: Applying holder lookups: minecraft:worldgen/structure_piece
[28giu2025 22:56:23.485] [main/DEBUG] [net.minecraftforge.registries.GameData/REGISTRIES]: Holder lookups applied: minecraft:worldgen/structure_piece
[28giu2025 22:56:23.485] [main/DEBUG] [net.minecraftforge.registries.GameData/REGISTRIES]: Applying holder lookups: minecraft:worldgen/structure_type
[28giu2025 22:56:23.485] [main/DEBUG] [net.minecraftforge.registries.GameData/REGISTRIES]: Holder lookups applied: minecraft:worldgen/structure_type
[28giu2025 22:56:23.485] [main/DEBUG] [net.minecraftforge.registries.GameData/REGISTRIES]: Applying holder lookups: minecraft:worldgen/placement_modifier_type
[28giu2025 22:56:23.485] [main/DEBUG] [net.minecraftforge.registries.GameData/REGISTRIES]: Holder lookups applied: minecraft:worldgen/placement_modifier_type
[28giu2025 22:56:23.485] [main/DEBUG] [net.minecraftforge.registries.GameData/REGISTRIES]: Applying holder lookups: minecraft:worldgen/block_state_provider_type
[28giu2025 22:56:23.485] [main/DEBUG] [net.minecraftforge.registries.GameData/REGISTRIES]: Holder lookups applied: minecraft:worldgen/block_state_provider_type
[28giu2025 22:56:23.485] [main/DEBUG] [net.minecraftforge.registries.GameData/REGISTRIES]: Applying holder lookups: minecraft:worldgen/foliage_placer_type
[28giu2025 22:56:23.485] [main/DEBUG] [net.minecraftforge.registries.GameData/REGISTRIES]: Holder lookups applied: minecraft:worldgen/foliage_placer_type
[28giu2025 22:56:23.485] [main/DEBUG] [net.minecraftforge.registries.GameData/REGISTRIES]: Applying holder lookups: minecraft:worldgen/trunk_placer_type
[28giu2025 22:56:23.485] [main/DEBUG] [net.minecraftforge.registries.GameData/REGISTRIES]: Holder lookups applied: minecraft:worldgen/trunk_placer_type
[28giu2025 22:56:23.485] [main/DEBUG] [net.minecraftforge.registries.GameData/REGISTRIES]: Applying holder lookups: minecraft:worldgen/root_placer_type
[28giu2025 22:56:23.485] [main/DEBUG] [net.minecraftforge.registries.GameData/REGISTRIES]: Holder lookups applied: minecraft:worldgen/root_placer_type
[28giu2025 22:56:23.485] [main/DEBUG] [net.minecraftforge.registries.GameData/REGISTRIES]: Applying holder lookups: minecraft:worldgen/tree_decorator_type
[28giu2025 22:56:23.485] [main/DEBUG] [net.minecraftforge.registries.GameData/REGISTRIES]: Holder lookups applied: minecraft:worldgen/tree_decorator_type
[28giu2025 22:56:23.486] [main/DEBUG] [net.minecraftforge.registries.GameData/REGISTRIES]: Applying holder lookups: minecraft:worldgen/feature_size_type
[28giu2025 22:56:23.486] [main/DEBUG] [net.minecraftforge.registries.GameData/REGISTRIES]: Holder lookups applied: minecraft:worldgen/feature_size_type
[28giu2025 22:56:23.486] [main/DEBUG] [net.minecraftforge.registries.GameData/REGISTRIES]: Applying holder lookups: minecraft:worldgen/biome_source
[28giu2025 22:56:23.486] [main/DEBUG] [net.minecraftforge.registries.GameData/REGISTRIES]: Holder lookups applied: minecraft:worldgen/biome_source
[28giu2025 22:56:23.486] [main/DEBUG] [net.minecraftforge.registries.GameData/REGISTRIES]: Applying holder lookups: minecraft:worldgen/chunk_generator
[28giu2025 22:56:23.486] [main/DEBUG] [net.minecraftforge.registries.GameData/REGISTRIES]: Holder lookups applied: minecraft:worldgen/chunk_generator
[28giu2025 22:56:23.486] [main/DEBUG] [net.minecraftforge.registries.GameData/REGISTRIES]: Applying holder lookups: minecraft:worldgen/material_condition
[28giu2025 22:56:23.486] [main/DEBUG] [net.minecraftforge.registries.GameData/REGISTRIES]: Holder lookups applied: minecraft:worldgen/material_condition
[28giu2025 22:56:23.486] [main/DEBUG] [net.minecraftforge.registries.GameData/REGISTRIES]: Applying holder lookups: minecraft:worldgen/material_rule
[28giu2025 22:56:23.486] [main/DEBUG] [net.minecraftforge.registries.GameData/REGISTRIES]: Holder lookups applied: minecraft:worldgen/material_rule
[28giu2025 22:56:23.486] [main/DEBUG] [net.minecraftforge.registries.GameData/REGISTRIES]: Applying holder lookups: minecraft:worldgen/density_function_type
[28giu2025 22:56:23.486] [main/DEBUG] [net.minecraftforge.registries.GameData/REGISTRIES]: Holder lookups applied: minecraft:worldgen/density_function_type
[28giu2025 22:56:23.486] [main/DEBUG] [net.minecraftforge.registries.GameData/REGISTRIES]: Applying holder lookups: minecraft:block_type
[28giu2025 22:56:23.486] [main/DEBUG] [net.minecraftforge.registries.GameData/REGISTRIES]: Holder lookups applied: minecraft:block_type
[28giu2025 22:56:23.486] [main/DEBUG] [net.minecraftforge.registries.GameData/REGISTRIES]: Applying holder lookups: minecraft:worldgen/structure_pool_element
[28giu2025 22:56:23.486] [main/DEBUG] [net.minecraftforge.registries.GameData/REGISTRIES]: Holder lookups applied: minecraft:worldgen/structure_pool_element
[28giu2025 22:56:23.486] [main/DEBUG] [net.minecraftforge.registries.GameData/REGISTRIES]: Applying holder lookups: minecraft:worldgen/pool_alias_binding
[28giu2025 22:56:23.486] [main/DEBUG] [net.minecraftforge.registries.GameData/REGISTRIES]: Holder lookups applied: minecraft:worldgen/pool_alias_binding
[28giu2025 22:56:23.486] [main/DEBUG] [net.minecraftforge.registries.GameData/REGISTRIES]: Applying holder lookups: minecraft:decorated_pot_pattern
[28giu2025 22:56:23.487] [main/DEBUG] [net.minecraftforge.registries.GameData/REGISTRIES]: Holder lookups applied: minecraft:decorated_pot_pattern
[28giu2025 22:56:23.487] [main/DEBUG] [net.minecraftforge.registries.GameData/REGISTRIES]: Applying holder lookups: minecraft:creative_mode_tab
[28giu2025 22:56:23.487] [main/DEBUG] [net.minecraftforge.registries.GameData/REGISTRIES]: Holder lookups applied: minecraft:creative_mode_tab
[28giu2025 22:56:23.487] [main/DEBUG] [net.minecraftforge.registries.GameData/REGISTRIES]: Applying holder lookups: minecraft:trigger_type
[28giu2025 22:56:23.487] [main/DEBUG] [net.minecraftforge.registries.GameData/REGISTRIES]: Holder lookups applied: minecraft:trigger_type
[28giu2025 22:56:23.487] [main/DEBUG] [net.minecraftforge.registries.GameData/REGISTRIES]: Applying holder lookups: minecraft:number_format_type
[28giu2025 22:56:23.487] [main/DEBUG] [net.minecraftforge.registries.GameData/REGISTRIES]: Holder lookups applied: minecraft:number_format_type
[28giu2025 22:56:23.487] [main/DEBUG] [net.minecraftforge.registries.GameData/REGISTRIES]: Applying holder lookups: minecraft:entity_sub_predicate_type
[28giu2025 22:56:23.487] [main/DEBUG] [net.minecraftforge.registries.GameData/REGISTRIES]: Holder lookups applied: minecraft:entity_sub_predicate_type
[28giu2025 22:56:23.487] [main/DEBUG] [net.minecraftforge.registries.GameData/REGISTRIES]: Applying holder lookups: minecraft:data_component_predicate_type
[28giu2025 22:56:23.487] [main/DEBUG] [net.minecraftforge.registries.GameData/REGISTRIES]: Holder lookups applied: minecraft:data_component_predicate_type
[28giu2025 22:56:23.487] [main/DEBUG] [net.minecraftforge.registries.GameData/REGISTRIES]: Applying holder lookups: minecraft:enchantment_level_based_value_type
[28giu2025 22:56:23.487] [main/DEBUG] [net.minecraftforge.registries.GameData/REGISTRIES]: Holder lookups applied: minecraft:enchantment_level_based_value_type
[28giu2025 22:56:23.487] [main/DEBUG] [net.minecraftforge.registries.GameData/REGISTRIES]: Applying holder lookups: minecraft:enchantment_entity_effect_type
[28giu2025 22:56:23.487] [main/DEBUG] [net.minecraftforge.registries.GameData/REGISTRIES]: Holder lookups applied: minecraft:enchantment_entity_effect_type
[28giu2025 22:56:23.487] [main/DEBUG] [net.minecraftforge.registries.GameData/REGISTRIES]: Applying holder lookups: minecraft:enchantment_location_based_effect_type
[28giu2025 22:56:23.487] [main/DEBUG] [net.minecraftforge.registries.GameData/REGISTRIES]: Holder lookups applied: minecraft:enchantment_location_based_effect_type
[28giu2025 22:56:23.487] [main/DEBUG] [net.minecraftforge.registries.GameData/REGISTRIES]: Applying holder lookups: minecraft:enchantment_value_effect_type
[28giu2025 22:56:23.487] [main/DEBUG] [net.minecraftforge.registries.GameData/REGISTRIES]: Holder lookups applied: minecraft:enchantment_value_effect_type
[28giu2025 22:56:23.487] [main/DEBUG] [net.minecraftforge.registries.GameData/REGISTRIES]: Applying holder lookups: minecraft:enchantment_provider_type
[28giu2025 22:56:23.487] [main/DEBUG] [net.minecraftforge.registries.GameData/REGISTRIES]: Holder lookups applied: minecraft:enchantment_provider_type
[28giu2025 22:56:23.488] [main/DEBUG] [net.minecraftforge.registries.GameData/REGISTRIES]: Applying holder lookups: minecraft:consume_effect_type
[28giu2025 22:56:23.488] [main/DEBUG] [net.minecraftforge.registries.GameData/REGISTRIES]: Holder lookups applied: minecraft:consume_effect_type
[28giu2025 22:56:23.488] [main/DEBUG] [net.minecraftforge.registries.GameData/REGISTRIES]: Applying holder lookups: minecraft:recipe_display
[28giu2025 22:56:23.488] [main/DEBUG] [net.minecraftforge.registries.GameData/REGISTRIES]: Holder lookups applied: minecraft:recipe_display
[28giu2025 22:56:23.488] [main/DEBUG] [net.minecraftforge.registries.GameData/REGISTRIES]: Applying holder lookups: minecraft:slot_display
[28giu2025 22:56:23.488] [main/DEBUG] [net.minecraftforge.registries.GameData/REGISTRIES]: Holder lookups applied: minecraft:slot_display
[28giu2025 22:56:23.488] [main/DEBUG] [net.minecraftforge.registries.GameData/REGISTRIES]: Applying holder lookups: minecraft:recipe_book_category
[28giu2025 22:56:23.488] [main/DEBUG] [net.minecraftforge.registries.GameData/REGISTRIES]: Holder lookups applied: minecraft:recipe_book_category
[28giu2025 22:56:23.488] [main/DEBUG] [net.minecraftforge.registries.GameData/REGISTRIES]: Applying holder lookups: minecraft:ticket_type
[28giu2025 22:56:23.488] [main/DEBUG] [net.minecraftforge.registries.GameData/REGISTRIES]: Holder lookups applied: minecraft:ticket_type
[28giu2025 22:56:23.488] [main/DEBUG] [net.minecraftforge.registries.GameData/REGISTRIES]: Applying holder lookups: minecraft:test_environment_definition_type
[28giu2025 22:56:23.488] [main/DEBUG] [net.minecraftforge.registries.GameData/REGISTRIES]: Holder lookups applied: minecraft:test_environment_definition_type
[28giu2025 22:56:23.488] [main/DEBUG] [net.minecraftforge.registries.GameData/REGISTRIES]: Applying holder lookups: minecraft:test_instance_type
[28giu2025 22:56:23.488] [main/DEBUG] [net.minecraftforge.registries.GameData/REGISTRIES]: Holder lookups applied: minecraft:test_instance_type
[28giu2025 22:56:23.488] [main/DEBUG] [net.minecraftforge.registries.GameData/REGISTRIES]: Applying holder lookups: minecraft:spawn_condition_type
[28giu2025 22:56:23.488] [main/DEBUG] [net.minecraftforge.registries.GameData/REGISTRIES]: Holder lookups applied: minecraft:spawn_condition_type
[28giu2025 22:56:23.488] [main/DEBUG] [net.minecraftforge.registries.GameData/REGISTRIES]: Applying holder lookups: minecraft:dialog_type
[28giu2025 22:56:23.488] [main/DEBUG] [net.minecraftforge.registries.GameData/REGISTRIES]: Holder lookups applied: minecraft:dialog_type
[28giu2025 22:56:23.488] [main/DEBUG] [net.minecraftforge.registries.GameData/REGISTRIES]: Applying holder lookups: minecraft:dialog_action_type
[28giu2025 22:56:23.488] [main/DEBUG] [net.minecraftforge.registries.GameData/REGISTRIES]: Holder lookups applied: minecraft:dialog_action_type
[28giu2025 22:56:23.488] [main/DEBUG] [net.minecraftforge.registries.GameData/REGISTRIES]: Applying holder lookups: minecraft:input_control_type
[28giu2025 22:56:23.488] [main/DEBUG] [net.minecraftforge.registries.GameData/REGISTRIES]: Holder lookups applied: minecraft:input_control_type
[28giu2025 22:56:23.488] [main/DEBUG] [net.minecraftforge.registries.GameData/REGISTRIES]: Applying holder lookups: minecraft:dialog_body_type
[28giu2025 22:56:23.488] [main/DEBUG] [net.minecraftforge.registries.GameData/REGISTRIES]: Holder lookups applied: minecraft:dialog_body_type
[28giu2025 22:56:23.488] [main/DEBUG] [net.minecraftforge.registries.GameData/REGISTRIES]: Applying holder lookups: minecraft:test_function
[28giu2025 22:56:23.488] [main/DEBUG] [net.minecraftforge.registries.GameData/REGISTRIES]: Holder lookups applied: minecraft:test_function
[28giu2025 22:56:23.495] [main/DEBUG] [net.minecraftforge.registries.GameData/REGISTRIES]: Applying holder lookups: forge:biome_modifier_serializers
[28giu2025 22:56:23.495] [main/DEBUG] [net.minecraftforge.registries.GameData/REGISTRIES]: Holder lookups applied: forge:biome_modifier_serializers
[28giu2025 22:56:23.500] [main/DEBUG] [net.minecraftforge.registries.GameData/REGISTRIES]: Applying holder lookups: forge:condition_codecs
[28giu2025 22:56:23.500] [main/DEBUG] [net.minecraftforge.registries.GameData/REGISTRIES]: Holder lookups applied: forge:condition_codecs
[28giu2025 22:56:23.500] [main/DEBUG] [net.minecraftforge.registries.GameData/REGISTRIES]: Applying holder lookups: forge:display_contexts
[28giu2025 22:56:23.501] [main/DEBUG] [net.minecraftforge.registries.GameData/REGISTRIES]: Holder lookups applied: forge:display_contexts
[28giu2025 22:56:23.501] [main/DEBUG] [net.minecraftforge.registries.GameData/REGISTRIES]: Applying holder lookups: forge:entity_data_serializers
[28giu2025 22:56:23.501] [main/DEBUG] [net.minecraftforge.registries.GameData/REGISTRIES]: Holder lookups applied: forge:entity_data_serializers
[28giu2025 22:56:23.504] [main/DEBUG] [net.minecraftforge.registries.GameData/REGISTRIES]: Applying holder lookups: forge:fluid_type
[28giu2025 22:56:23.504] [main/DEBUG] [net.minecraftforge.registries.GameData/REGISTRIES]: Holder lookups applied: forge:fluid_type
[28giu2025 22:56:23.504] [main/DEBUG] [net.minecraftforge.registries.GameData/REGISTRIES]: Applying holder lookups: forge:global_loot_modifier_serializers
[28giu2025 22:56:23.504] [main/DEBUG] [net.minecraftforge.registries.GameData/REGISTRIES]: Holder lookups applied: forge:global_loot_modifier_serializers
[28giu2025 22:56:23.507] [main/DEBUG] [net.minecraftforge.registries.GameData/REGISTRIES]: Applying holder lookups: forge:holder_set_type
[28giu2025 22:56:23.507] [main/DEBUG] [net.minecraftforge.registries.GameData/REGISTRIES]: Holder lookups applied: forge:holder_set_type
[28giu2025 22:56:23.512] [main/DEBUG] [net.minecraftforge.registries.GameData/REGISTRIES]: Applying holder lookups: forge:ingredient_serializers
[28giu2025 22:56:23.512] [main/DEBUG] [net.minecraftforge.registries.GameData/REGISTRIES]: Holder lookups applied: forge:ingredient_serializers
[28giu2025 22:56:23.512] [main/DEBUG] [net.minecraftforge.registries.GameData/REGISTRIES]: Applying holder lookups: forge:structure_modifier_serializers
[28giu2025 22:56:23.512] [main/DEBUG] [net.minecraftforge.registries.GameData/REGISTRIES]: Holder lookups applied: forge:structure_modifier_serializers
[28giu2025 22:56:23.513] [main/DEBUG] [net.minecraftforge.registries.GameData/REGISTRIES]: Applying holder lookups: minecraft:painting_variant
[28giu2025 22:56:23.513] [main/DEBUG] [net.minecraftforge.registries.GameData/REGISTRIES]: Holder lookups applied: minecraft:painting_variant
[28giu2025 22:56:23.513] [main/DEBUG] [net.minecraftforge.registries.GameData/REGISTRIES]: Applying holder lookups: minecraft:worldgen/biome
[28giu2025 22:56:23.513] [main/DEBUG] [net.minecraftforge.registries.GameData/REGISTRIES]: Holder lookups applied: minecraft:worldgen/biome
[28giu2025 22:56:23.551] [main/INFO] [net.minecraftforge.data.loading.DatagenModLoader/]: Initializing Data Gatherer for mods [onlyhammers]
[28giu2025 22:56:23.594] [main/WARN] [net.minecraft.server.packs.VanillaPackResourcesBuilder/]: Assets URL 'union:/D:/Programmazione/Mod/Only%20Hammers/FORGE/1.21.6/build/fg_cache/net/minecraftforge/forge/1.21.6-56.0.9_mapped_official_1.21.6/forge-1.21.6-56.0.9_mapped_official_1.21.6-recomp.jar%230!/assets/.mcassetsroot' uses unexpected schema
[28giu2025 22:56:23.595] [main/WARN] [net.minecraft.server.packs.VanillaPackResourcesBuilder/]: Assets URL 'union:/D:/Programmazione/Mod/Only%20Hammers/FORGE/1.21.6/build/fg_cache/net/minecraftforge/forge/1.21.6-56.0.9_mapped_official_1.21.6/forge-1.21.6-56.0.9_mapped_official_1.21.6-recomp.jar%230!/data/.mcassetsroot' uses unexpected schema
[28giu2025 22:56:23.710] [main/INFO] [net.minecraft.data.DataGenerator/]: Starting provider: Model Definitions
[28giu2025 22:56:23.846] [main/INFO] [net.minecraft.data.DataGenerator/]: Model Definitions finished after 135 ms
[28giu2025 22:56:23.846] [main/INFO] [net.minecraft.data.DataGenerator/]: Starting provider: Tags for minecraft:block mod id onlyhammers
[28giu2025 22:56:23.891] [main/INFO] [net.minecraft.data.DataGenerator/]: Tags for minecraft:block mod id onlyhammers finished after 44 ms
[28giu2025 22:56:23.891] [main/INFO] [net.minecraft.data.DataGenerator/]: Starting provider: Tags for minecraft:item mod id vanilla
[28giu2025 22:56:23.909] [main/INFO] [net.minecraft.data.DataGenerator/]: Tags for minecraft:item mod id vanilla finished after 17 ms
[28giu2025 22:56:23.909] [main/INFO] [net.minecraft.data.DataGenerator/]: Starting provider: Recipes
[28giu2025 22:56:23.952] [main/INFO] [net.minecraft.data.DataGenerator/]: Recipes finished after 42 ms
[28giu2025 22:56:23.952] [main/INFO] [net.minecraft.data.DataGenerator/]: All providers took: 242 ms
[28giu2025 22:56:23.958] [main/INFO] [net.minecraft.data.HashCache/]: Caching: total files: 58, old count: 0, new count: 59, removed stale: 0, written: 58
