[05set2026 17:08:55.765] [main/INFO] [cpw.mods.modlauncher.Launcher/MODLAUNCHER]: ModLauncher running: args [--launchTarget, forgeclientuserdev, --version, 21.0.167, --assetIndex, asset-index, --assetsDir, C:\Users\rosar\.gradle\caches\minecraft\assets\1.21, --gameDir, ., --fml.neoForgeVersion, 21.0.167, --fml.fmlVersion, 4.0.23, --fml.mcVersion, 1.21, --fml.neoFormVersion, 20240613.152323]
[05set2026 17:08:55.777] [main/INFO] [cpw.mods.modlauncher.Launcher/MODLAUNCHER]: JVM identified as Amazon.com Inc. OpenJDK 64-Bit Server VM 21.0.11+10-LTS
[05set2026 17:08:55.780] [main/INFO] [cpw.mods.modlauncher.Launcher/MODLAUNCHER]: ModLauncher 11.0.4+main.d2e20e43 starting: java version 21.0.11 by Amazon.com Inc.; OS Windows 11 arch amd64 version 10.0
[05set2026 17:08:55.857] [main/DEBUG] [cpw.mods.modlauncher.LaunchServiceHandler/MODLAUNCHER]: Found launch services [minecraft,forgeclient,forgedatauserdev,testharness,forgeserverdev,forgeserveruserdev,forgejunitdev,forgeclientdev,forgeclientuserdev,forgeserver,forgejunituserdev,forgedatadev]
[05set2026 17:08:55.887] [main/DEBUG] [cpw.mods.modlauncher.LaunchPluginHandler/MODLAUNCHER]: Found launch plugins: [mixin,slf4jfixer,runtime_enum_extender,accesstransformer,runtimedistcleaner]
[05set2026 17:08:55.898] [main/DEBUG] [cpw.mods.modlauncher.TransformationServicesHandler/MODLAUNCHER]: Discovering transformation services
[05set2026 17:08:55.904] [main/DEBUG] [net.neoforged.fml.loading.FMLPaths/CORE]: Path GAMEDIR is D:\Programmazione\Mod\Only Hammers\NEOFORGE\1.21\runs\client
[05set2026 17:08:55.904] [main/DEBUG] [net.neoforged.fml.loading.FMLPaths/CORE]: Path MODSDIR is D:\Programmazione\Mod\Only Hammers\NEOFORGE\1.21\runs\client\mods
[05set2026 17:08:55.905] [main/DEBUG] [net.neoforged.fml.loading.FMLPaths/CORE]: Path CONFIGDIR is D:\Programmazione\Mod\Only Hammers\NEOFORGE\1.21\runs\client\config
[05set2026 17:08:55.905] [main/DEBUG] [net.neoforged.fml.loading.FMLPaths/CORE]: Path FMLCONFIG is D:\Programmazione\Mod\Only Hammers\NEOFORGE\1.21\runs\client\config\fml.toml
[05set2026 17:08:55.952] [main/TRACE] [net.neoforged.fml.loading.FMLConfig/CORE]: Loaded FML config from D:\Programmazione\Mod\Only Hammers\NEOFORGE\1.21\runs\client\config\fml.toml
[05set2026 17:08:55.952] [main/TRACE] [net.neoforged.fml.loading.FMLConfig/CORE]: FMLConfig disableConfigWatcher is false
[05set2026 17:08:55.952] [main/TRACE] [net.neoforged.fml.loading.FMLConfig/CORE]: FMLConfig earlyWindowControl is true
[05set2026 17:08:55.952] [main/TRACE] [net.neoforged.fml.loading.FMLConfig/CORE]: FMLConfig maxThreads is 16
[05set2026 17:08:55.953] [main/TRACE] [net.neoforged.fml.loading.FMLConfig/CORE]: FMLConfig versionCheck is true
[05set2026 17:08:55.953] [main/TRACE] [net.neoforged.fml.loading.FMLConfig/CORE]: FMLConfig defaultConfigPath is defaultconfigs
[05set2026 17:08:55.953] [main/TRACE] [net.neoforged.fml.loading.FMLConfig/CORE]: FMLConfig disableOptimizedDFU is true
[05set2026 17:08:55.953] [main/TRACE] [net.neoforged.fml.loading.FMLConfig/CORE]: FMLConfig earlyWindowProvider is fmlearlywindow
[05set2026 17:08:55.953] [main/TRACE] [net.neoforged.fml.loading.FMLConfig/CORE]: FMLConfig earlyWindowWidth is 854
[05set2026 17:08:55.953] [main/TRACE] [net.neoforged.fml.loading.FMLConfig/CORE]: FMLConfig earlyWindowHeight is 480
[05set2026 17:08:55.953] [main/TRACE] [net.neoforged.fml.loading.FMLConfig/CORE]: FMLConfig earlyWindowFBScale is 1
[05set2026 17:08:55.953] [main/TRACE] [net.neoforged.fml.loading.FMLConfig/CORE]: FMLConfig earlyWindowMaximized is false
[05set2026 17:08:55.953] [main/TRACE] [net.neoforged.fml.loading.FMLConfig/CORE]: FMLConfig earlyWindowSkipGLVersions is []
[05set2026 17:08:55.953] [main/TRACE] [net.neoforged.fml.loading.FMLConfig/CORE]: FMLConfig earlyWindowSquir is false
[05set2026 17:08:55.961] [main/DEBUG] [net.neoforged.fml.loading.targets.CommonLaunchHandler/CORE]: Got mod coordinates 1.21%%D:\Programmazione\Mod\Only Hammers\NEOFORGE\1.21\build\resources\main;1.21%%D:\Programmazione\Mod\Only Hammers\NEOFORGE\1.21\build\classes\java\main from env
[05set2026 17:08:55.962] [main/DEBUG] [net.neoforged.fml.loading.targets.CommonLaunchHandler/CORE]: Found supplied mod coordinates [{1.21=[D:\Programmazione\Mod\Only Hammers\NEOFORGE\1.21\build\resources\main, D:\Programmazione\Mod\Only Hammers\NEOFORGE\1.21\build\classes\java\main]}]
[05set2026 17:08:55.964] [main/DEBUG] [cpw.mods.modlauncher.TransformationServicesHandler/MODLAUNCHER]: Found additional transformation services from discovery services: 
[05set2026 17:08:55.972] [main/INFO] [net.neoforged.fml.loading.ImmediateWindowHandler/]: Loading ImmediateWindowProvider fmlearlywindow
[05set2026 17:08:56.074] [main/INFO] [EARLYDISPLAY/]: Trying GL version 4.6
[05set2026 17:08:56.327] [main/INFO] [EARLYDISPLAY/]: Requested GL version 4.6 got version 4.6
[05set2026 17:08:56.370] [main/DEBUG] [cpw.mods.modlauncher.TransformationServicesHandler/MODLAUNCHER]: Found transformer services : [mixin,fml]
[05set2026 17:08:56.370] [main/DEBUG] [cpw.mods.modlauncher.TransformationServicesHandler/MODLAUNCHER]: Transformation services loading
[05set2026 17:08:56.371] [main/DEBUG] [cpw.mods.modlauncher.TransformationServiceDecorator/MODLAUNCHER]: Loading service mixin
[05set2026 17:08:56.371] [main/DEBUG] [cpw.mods.modlauncher.TransformationServiceDecorator/MODLAUNCHER]: Loaded service mixin
[05set2026 17:08:56.371] [main/DEBUG] [cpw.mods.modlauncher.TransformationServiceDecorator/MODLAUNCHER]: Loading service fml
[05set2026 17:08:56.372] [main/DEBUG] [net.neoforged.fml.loading.FMLLoader/CORE]: FML 4.0.23 loading
[05set2026 17:08:56.372] [main/DEBUG] [net.neoforged.fml.loading.FMLLoader/CORE]: FML found ModLauncher version : 11.0.4+main.d2e20e43
[05set2026 17:08:56.372] [main/DEBUG] [net.neoforged.fml.loading.FMLLoader/CORE]: FML found AccessTransformer version : 10.0.1+139da711
[05set2026 17:08:56.372] [main/DEBUG] [net.neoforged.fml.loading.FMLLoader/CORE]: FML found EventBus version : null
[05set2026 17:08:56.373] [main/DEBUG] [net.neoforged.fml.loading.FMLLoader/CORE]: Found Runtime Dist Cleaner
[05set2026 17:08:56.373] [main/DEBUG] [cpw.mods.modlauncher.TransformationServiceDecorator/MODLAUNCHER]: Loaded service fml
[05set2026 17:08:56.373] [main/DEBUG] [cpw.mods.modlauncher.TransformationServicesHandler/MODLAUNCHER]: Configuring option handling for services
[05set2026 17:08:56.388] [main/DEBUG] [net.neoforged.fml.loading.FMLServiceProvider/CORE]: Received command line version data  : VersionInfo[neoForgeVersion=21.0.167, fmlVersion=4.0.23, mcVersion=1.21, neoFormVersion=20240613.152323]
[05set2026 17:08:56.388] [main/DEBUG] [cpw.mods.modlauncher.TransformationServicesHandler/MODLAUNCHER]: Transformation services initializing
[05set2026 17:08:56.388] [main/DEBUG] [cpw.mods.modlauncher.TransformationServiceDecorator/MODLAUNCHER]: Initializing transformation service mixin
[05set2026 17:08:56.405] [main/DEBUG] [mixin/]: MixinService [ModLauncher] was successfully booted in cpw.mods.cl.ModuleClassLoader@50a7bc6e
[05set2026 17:08:56.419] [main/INFO] [mixin/]: SpongePowered MIXIN Subsystem Version=0.8.6 Source=union:/C:/Users/rosar/.gradle/caches/modules-2/files-2.1/net.fabricmc/sponge-mixin/0.14.0+mixin.0.8.6/c265173c84346e9e5d42a2384b2b02bd39a4a899/sponge-mixin-0.14.0+mixin.0.8.6.jar%23135!/ Service=ModLauncher Env=CLIENT
[05set2026 17:08:56.423] [main/DEBUG] [mixin/]: Initialising Mixin Platform Manager
[05set2026 17:08:56.423] [main/DEBUG] [mixin/]: Adding mixin platform agents for container ModLauncher Root Container(ModLauncher:4f56a0a2)
[05set2026 17:08:56.424] [main/DEBUG] [mixin/]: Instancing new MixinPlatformAgentMinecraftForge for ModLauncher Root Container(ModLauncher:4f56a0a2)
[05set2026 17:08:56.424] [main/DEBUG] [mixin/]: MixinPlatformAgentMinecraftForge rejected container ModLauncher Root Container(ModLauncher:4f56a0a2)
[05set2026 17:08:56.424] [main/DEBUG] [mixin/]: Instancing new MixinPlatformAgentDefault for ModLauncher Root Container(ModLauncher:4f56a0a2)
[05set2026 17:08:56.424] [main/DEBUG] [mixin/]: MixinPlatformAgentDefault accepted container ModLauncher Root Container(ModLauncher:4f56a0a2)
[05set2026 17:08:56.426] [main/DEBUG] [cpw.mods.modlauncher.TransformationServiceDecorator/MODLAUNCHER]: Initialized transformation service mixin
[05set2026 17:08:56.426] [main/DEBUG] [cpw.mods.modlauncher.TransformationServiceDecorator/MODLAUNCHER]: Initializing transformation service fml
[05set2026 17:08:56.426] [main/DEBUG] [net.neoforged.fml.loading.FMLServiceProvider/CORE]: Setting up basic FML game directories
[05set2026 17:08:56.427] [main/DEBUG] [net.neoforged.fml.loading.FMLPaths/CORE]: Path GAMEDIR is D:\Programmazione\Mod\Only Hammers\NEOFORGE\1.21\runs\client
[05set2026 17:08:56.427] [main/DEBUG] [net.neoforged.fml.loading.FMLPaths/CORE]: Path MODSDIR is D:\Programmazione\Mod\Only Hammers\NEOFORGE\1.21\runs\client\mods
[05set2026 17:08:56.427] [main/DEBUG] [net.neoforged.fml.loading.FMLPaths/CORE]: Path CONFIGDIR is D:\Programmazione\Mod\Only Hammers\NEOFORGE\1.21\runs\client\config
[05set2026 17:08:56.427] [main/DEBUG] [net.neoforged.fml.loading.FMLPaths/CORE]: Path FMLCONFIG is D:\Programmazione\Mod\Only Hammers\NEOFORGE\1.21\runs\client\config\fml.toml
[05set2026 17:08:56.428] [main/DEBUG] [net.neoforged.fml.loading.FMLServiceProvider/CORE]: Loading configuration
[05set2026 17:08:56.431] [main/TRACE] [net.neoforged.fml.loading.FMLConfig/CORE]: Loaded FML config from D:\Programmazione\Mod\Only Hammers\NEOFORGE\1.21\runs\client\config\fml.toml
[05set2026 17:08:56.431] [main/TRACE] [net.neoforged.fml.loading.FMLConfig/CORE]: FMLConfig disableConfigWatcher is false
[05set2026 17:08:56.431] [main/TRACE] [net.neoforged.fml.loading.FMLConfig/CORE]: FMLConfig earlyWindowControl is true
[05set2026 17:08:56.431] [main/TRACE] [net.neoforged.fml.loading.FMLConfig/CORE]: FMLConfig maxThreads is 16
[05set2026 17:08:56.432] [main/TRACE] [net.neoforged.fml.loading.FMLConfig/CORE]: FMLConfig versionCheck is true
[05set2026 17:08:56.432] [main/TRACE] [net.neoforged.fml.loading.FMLConfig/CORE]: FMLConfig defaultConfigPath is defaultconfigs
[05set2026 17:08:56.432] [main/TRACE] [net.neoforged.fml.loading.FMLConfig/CORE]: FMLConfig disableOptimizedDFU is true
[05set2026 17:08:56.432] [main/TRACE] [net.neoforged.fml.loading.FMLConfig/CORE]: FMLConfig earlyWindowProvider is fmlearlywindow
[05set2026 17:08:56.432] [main/TRACE] [net.neoforged.fml.loading.FMLConfig/CORE]: FMLConfig earlyWindowWidth is 854
[05set2026 17:08:56.432] [main/TRACE] [net.neoforged.fml.loading.FMLConfig/CORE]: FMLConfig earlyWindowHeight is 480
[05set2026 17:08:56.432] [main/TRACE] [net.neoforged.fml.loading.FMLConfig/CORE]: FMLConfig earlyWindowFBScale is 1
[05set2026 17:08:56.432] [main/TRACE] [net.neoforged.fml.loading.FMLConfig/CORE]: FMLConfig earlyWindowMaximized is false
[05set2026 17:08:56.432] [main/TRACE] [net.neoforged.fml.loading.FMLConfig/CORE]: FMLConfig earlyWindowSkipGLVersions is []
[05set2026 17:08:56.432] [main/TRACE] [net.neoforged.fml.loading.FMLConfig/CORE]: FMLConfig earlyWindowSquir is false
[05set2026 17:08:56.448] [main/DEBUG] [net.neoforged.fml.loading.LaunchContext/SCAN]: Located paths when launch context was created: [C:\Users\rosar\.gradle\caches\modules-2\files-2.1\org.lwjgl\lwjgl-jemalloc\3.3.3\b543467b7ff3c6920539a88ee602d34098628be5\lwjgl-jemalloc-3.3.3.jar, C:\Users\rosar\.gradle\caches\modules-2\files-2.1\it.unimi.dsi\fastutil\8.5.12\c24946d46824bd528054bface3231d2ecb7e95e8\fastutil-8.5.12.jar, C:\Users\rosar\.gradle\caches\modules-2\files-2.1\com.mojang\text2speech\1.17.9\3cad216e3a7f0c19b4b394388bc9ffc446f13b14\text2speech-1.17.9.jar, C:\Users\rosar\.gradle\caches\modules-2\files-2.1\net.neoforged\JarJarMetadata\0.4.1\f8da03683dc81694556dc3e177c5e3bb77ae6fcb\JarJarMetadata-0.4.1.jar, C:\Users\rosar\.gradle\caches\modules-2\files-2.1\com.google.code.gson\gson\2.10.1\b3add478d4382b78ea20b1671390a858002feb6c\gson-2.10.1.jar, C:\Users\rosar\.gradle\caches\modules-2\files-2.1\com.mojang\authlib\6.0.54\de8bc95660e1b2fe8793fd427a7a10dcec5b3ea7\authlib-6.0.54.jar, C:\Users\rosar\.gradle\caches\modules-2\files-2.1\net.neoforged\mergetool\2.0.3\1275202cbbb248f49345cf6787ce299afd9a02fb\mergetool-2.0.3-api.jar, C:\Users\rosar\.gradle\caches\modules-2\files-2.1\net.jodah\typetools\0.6.3\a01aaa6ddaea9ec07ec4f209487b7a46a526283a\typetools-0.6.3.jar, C:\Users\rosar\.gradle\caches\modules-2\files-2.1\net.minecraftforge\srgutils\0.4.15\ca408b131759478f164e010fae0d73997e125fb5\srgutils-0.4.15.jar, C:\Users\rosar\.gradle\caches\modules-2\files-2.1\net.neoforged.fancymodloader\earlydisplay\4.0.23\c9491ed7df998cf229eae9c7364ee9ab6f26bcfe\earlydisplay-4.0.23.jar, C:\Users\rosar\.gradle\caches\modules-2\files-2.1\net.fabricmc\sponge-mixin\0.14.0+mixin.0.8.6\c265173c84346e9e5d42a2384b2b02bd39a4a899\sponge-mixin-0.14.0+mixin.0.8.6.jar, C:\Users\rosar\.gradle\caches\modules-2\files-2.1\net.neoforged\coremods\7.0.3\9147e6f638b4272b3bd5fc8f92ad37802512c6c\coremods-7.0.3.jar, C:\Users\rosar\.gradle\caches\modules-2\files-2.1\com.electronwill.night-config\core\3.8.0\2498dd2b3120dd49e963e2feab8fa5d0c5f80e0a\core-3.8.0.jar, C:\Users\rosar\.gradle\caches\modules-2\files-2.1\org.openjdk.nashorn\nashorn-core\15.4\f67f5ffaa5f5130cf6fb9b133da00c7df3b532a5\nashorn-core-15.4.jar, C:\Users\rosar\.gradle\caches\modules-2\files-2.1\org.apache.logging.log4j\log4j-core\2.22.1\7183a25510a02ad00cc6a95d3b3d2a7d3c5a8dc4\log4j-core-2.22.1.jar, C:\Users\rosar\.gradle\caches\modules-2\files-2.1\commons-codec\commons-codec\1.16.0\4e3eb3d79888d76b54e28b350915b5dc3919c9de\commons-codec-1.16.0.jar, C:\Users\rosar\.gradle\caches\modules-2\files-2.1\com.google.guava\guava\32.1.2-jre\5e64ec7e056456bef3a4bc4c6fdaef71e8ab6318\guava-32.1.2-jre.jar, C:\Users\rosar\.gradle\caches\modules-2\files-2.1\ca.weblite\java-objc-bridge\1.1\1227f9e0666314f9de41477e3ec277e542ed7f7b\java-objc-bridge-1.1.jar, C:\Users\rosar\.gradle\caches\modules-2\files-2.1\org.apache.commons\commons-compress\1.26.0\659feffdd12280201c8aacb8f7be94f9a883c824\commons-compress-1.26.0.jar, C:\Users\rosar\.gradle\caches\modules-2\files-2.1\org.jcraft\jorbis\0.0.17\8872d22b293e8f5d7d56ff92be966e6dc28ebdc6\jorbis-0.0.17.jar, D:\Programmazione\Mod\Only Hammers\NEOFORGE\1.21\.gradle\repositories\ng_dummy_ng\net\minecraft\client\1.21\client-1.21-client-extra.jar, C:\Users\rosar\.gradle\caches\modules-2\files-2.1\org.lwjgl\lwjgl\3.3.3\29589b5f87ed335a6c7e7ee6a5775f81f97ecb84\lwjgl-3.3.3.jar, C:\Users\rosar\.gradle\caches\modules-2\files-2.1\org.lwjgl\lwjgl\3.3.3\9e670718e050aeaeea0c2d5b907cffb142f2e58f\lwjgl-3.3.3-natives-windows-x86.jar, C:\Users\rosar\.gradle\caches\modules-2\files-2.1\org.jetbrains\annotations\24.1.0\7af6a669488450c4a07c2c3254e2151df42d7d04\annotations-24.1.0.jar, C:\Users\rosar\.gradle\caches\modules-2\files-2.1\net.neoforged\bus\8.0.1\9df0ed904cec279eb33ca6df420f6f82706ebb4c\bus-8.0.1.jar, C:\Users\rosar\.gradle\caches\modules-2\files-2.1\org.apache.maven\maven-artifact\3.8.5\4433f50c07debefaed0553bd0068f4f48d449313\maven-artifact-3.8.5.jar, C:\Users\rosar\.gradle\caches\modules-2\files-2.1\com.google.code.findbugs\jsr305\3.0.2\25ea2e8b0c338a877313bd4672d3fe056ea78f0d\jsr305-3.0.2.jar, C:\Users\rosar\.gradle\caches\modules-2\files-2.1\com.google.errorprone\error_prone_annotations\2.18.0\89b684257096f548fa39a7df9fdaa409d4d4df91\error_prone_annotations-2.18.0.jar, C:\Users\rosar\.gradle\caches\modules-2\files-2.1\net.neoforged.fancymodloader\loader\4.0.23\1603ac9e724a9bf4e3d4ae2631da629e4755111d\loader-4.0.23.jar, C:\Users\rosar\.gradle\caches\modules-2\files-2.1\io.netty\netty-resolver\4.1.97.Final\cec8348108dc76c47cf87c669d514be52c922144\netty-resolver-4.1.97.Final.jar, C:\Users\rosar\.gradle\caches\modules-2\files-2.1\org.lwjgl\lwjgl-openal\3.3.3\daada81ceb5fc0c291fbfdd4433cb8d9423577f2\lwjgl-openal-3.3.3.jar, C:\Users\rosar\.gradle\caches\modules-2\files-2.1\net.minecrell\terminalconsoleappender\1.3.0\b562e9bb61235c9520e26282cdee71f8f802d1fc\terminalconsoleappender-1.3.0.jar, C:\Users\rosar\.gradle\caches\modules-2\files-2.1\com.google.guava\listenablefuture\9999.0-empty-to-avoid-conflict-with-guava\b421526c5f297295adef1c886e5246c39d4ac629\listenablefuture-9999.0-empty-to-avoid-conflict-with-guava.jar, C:\Users\rosar\.gradle\caches\modules-2\files-2.1\io.netty\netty-handler\4.1.97.Final\abb86c6906bf512bf2b797a41cd7d2e8d3cd7c36\netty-handler-4.1.97.Final.jar, C:\Users\rosar\.gradle\caches\modules-2\files-2.1\org.lwjgl\lwjgl-opengl\3.3.3\2f6b0147078396a58979125a4c947664e98293a\lwjgl-opengl-3.3.3.jar, C:\Users\rosar\.gradle\caches\modules-2\files-2.1\org.apache.commons\commons-lang3\3.14.0\1ed471194b02f2c6cb734a0cd6f6f107c673afae\commons-lang3-3.14.0.jar, C:\Users\rosar\.gradle\caches\modules-2\files-2.1\cpw.mods\modlauncher\11.0.4\6619d4812a3c092310d521ebc4c9503727563df7\modlauncher-11.0.4.jar, C:\Users\rosar\.gradle\caches\modules-2\files-2.1\org.antlr\antlr4-runtime\4.13.1\17125bae1d965624e265ef49552f6465a2bfa307\antlr4-runtime-4.13.1.jar, C:\Users\rosar\.gradle\caches\modules-2\files-2.1\io.netty\netty-common\4.1.97.Final\7cceacaf11df8dc63f23d0fb58e9d4640fc88404\netty-common-4.1.97.Final.jar, C:\Users\rosar\.gradle\caches\modules-2\files-2.1\org.lwjgl\lwjgl-stb\3.3.3\1d9facdf6541de114b0f963be33505b7679c78cb\lwjgl-stb-3.3.3-natives-windows.jar, C:\Users\rosar\.gradle\caches\modules-2\files-2.1\io.netty\netty-transport\4.1.97.Final\f37380d23c9bb079bc702910833b2fd532c9abd0\netty-transport-4.1.97.Final.jar, C:\Users\rosar\.gradle\caches\modules-2\files-2.1\commons-io\commons-io\2.15.1\f11560da189ab563a5c8e351941415430e9304ea\commons-io-2.15.1.jar, C:\Users\rosar\.gradle\caches\modules-2\files-2.1\com.electronwill.night-config\toml\3.8.0\861dbcf2757dd6701c98b3949198549ccb5f62ff\toml-3.8.0.jar, C:\Users\rosar\.gradle\caches\modules-2\files-2.1\net.neoforged\JarJarSelector\0.4.1\fb3cc7a58af22ad2880adb98af6d518128c47dae\JarJarSelector-0.4.1.jar, C:\Users\rosar\.gradle\caches\modules-2\files-2.1\org.lz4\lz4-java\1.8.0\4b986a99445e49ea5fbf5d149c4b63f6ed6c6780\lz4-java-1.8.0.jar, C:\Users\rosar\.gradle\caches\modules-2\files-2.1\org.apache.httpcomponents\httpcore\4.4.16\51cf043c87253c9f58b539c9f7e44c8894223850\httpcore-4.4.16.jar, C:\Users\rosar\.gradle\caches\modules-2\files-2.1\org.lwjgl\lwjgl-glfw\3.3.3\32334f3fd5270a59bad9939a93115acb6de36dcf\lwjgl-glfw-3.3.3-natives-windows-x86.jar, C:\Users\rosar\.gradle\caches\modules-2\files-2.1\org.slf4j\slf4j-api\2.0.9\7cf2726fdcfbc8610f9a71fb3ed639871f315340\slf4j-api-2.0.9.jar, C:\Users\rosar\.gradle\caches\modules-2\files-2.1\net.neoforged.accesstransformers\at-modlauncher\10.0.1\5aba50202aceead086bc09fbc2751c9f05cb4890\at-modlauncher-10.0.1.jar, C:\Users\rosar\.gradle\caches\modules-2\files-2.1\io.netty\netty-codec\4.1.97.Final\384ba4d75670befbedb45c4d3b497a93639c206d\netty-codec-4.1.97.Final.jar, C:\Users\rosar\.gradle\caches\modules-2\files-2.1\com.mojang\datafixerupper\8.0.16\67d4de6d7f95d89bcf5862995fb854ebaec02a34\datafixerupper-8.0.16.jar, C:\Users\rosar\.gradle\caches\modules-2\files-2.1\com.google.guava\failureaccess\1.0.1\1dcf1de382a0bf95a3d8b0849546c88bac1292c9\failureaccess-1.0.1.jar, C:\Users\rosar\.gradle\caches\modules-2\files-2.1\net.neoforged\accesstransformers\10.0.1\fd83b5725f76eae9115e9355fa1c456a6a441400\accesstransformers-10.0.1.jar, C:\Users\rosar\.gradle\caches\modules-2\files-2.1\net.neoforged\neoform\1.21-20240613.152323\6293c1a6b9b053ea4e41ac2fe03a3342486d45b1\neoform-1.21-20240613.152323.zip, C:\Users\rosar\.gradle\caches\modules-2\files-2.1\commons-logging\commons-logging\1.2\4bfc12adfe4842bf07b657f0369c4cb522955686\commons-logging-1.2.jar, C:\Users\rosar\.gradle\caches\modules-2\files-2.1\io.netty\netty-transport-classes-epoll\4.1.97.Final\795da37ded759e862457a82d9d92c4d39ce8ecee\netty-transport-classes-epoll-4.1.97.Final.jar, C:\Users\rosar\.gradle\caches\modules-2\files-2.1\org.checkerframework\checker-qual\3.33.0\de2b60b62da487644fc11f734e73c8b0b431238f\checker-qual-3.33.0.jar, C:\Users\rosar\.gradle\caches\modules-2\files-2.1\com.google.j2objc\j2objc-annotations\2.8\c85270e307e7b822f1086b93689124b89768e273\j2objc-annotations-2.8.jar, C:\Users\rosar\.gradle\caches\modules-2\files-2.1\org.lwjgl\lwjgl-jemalloc\3.3.3\426222fc027602a5f21b9c0fe79cde6a4c7a011f\lwjgl-jemalloc-3.3.3-natives-windows.jar, C:\Users\rosar\.gradle\caches\modules-2\files-2.1\com.mojang\patchy\2.2.10\da05971b07cbb379d002cf7eaec6a2048211fefc\patchy-2.2.10.jar, C:\Users\rosar\.gradle\caches\modules-2\files-2.1\org.jline\jline-terminal\3.20.0\d0ddcc708ddf527a3454c941b7b9225cc83a15ff\jline-terminal-3.20.0.jar, C:\Users\rosar\.gradle\caches\modules-2\files-2.1\org.joml\joml\1.10.5\22566d58af70ad3d72308bab63b8339906deb649\joml-1.10.5.jar, C:\Users\rosar\.gradle\caches\modules-2\files-2.1\org.codehaus.plexus\plexus-utils\3.3.0\cf43b5391de623b36fe066a21127baef82c64022\plexus-utils-3.3.0.jar, C:\Users\rosar\.gradle\caches\modules-2\files-2.1\org.lwjgl\lwjgl-stb\3.3.3\25dd6161988d7e65f71d5065c99902402ee32746\lwjgl-stb-3.3.3.jar, C:\Users\rosar\.gradle\caches\modules-2\files-2.1\com.mojang\logging\1.2.7\24cb95ffb0e3433fd6e844c04e68009e504ca1c0\logging-1.2.7.jar, C:\Users\rosar\.gradle\caches\modules-2\files-2.1\org.lwjgl\lwjgl-glfw\3.3.3\efa1eb78c5ccd840e9f329717109b5e892d72f8e\lwjgl-glfw-3.3.3.jar, C:\Users\rosar\.gradle\caches\modules-2\files-2.1\com.ibm.icu\icu4j\73.2\61ad4ef7f9131fcf6d25c34b817f90d6da06c9e9\icu4j-73.2.jar, C:\Users\rosar\.gradle\caches\modules-2\files-2.1\net.java.dev.jna\jna\5.14.0\67bf3eaea4f0718cb376a181a629e5f88fa1c9dd\jna-5.14.0.jar, C:\Users\rosar\.gradle\caches\modules-2\files-2.1\org.apache.logging.log4j\log4j-api\2.22.1\bea6fede6328fabafd7e68363161a7ea6605abd1\log4j-api-2.22.1.jar, C:\Users\rosar\.gradle\caches\modules-2\files-2.1\com.machinezoo.noexception\noexception\1.7.1\b65330c98e38a1f915fa54a6e5eca496505e3f0a\noexception-1.7.1.jar, C:\Users\rosar\.gradle\caches\modules-2\files-2.1\io.netty\netty-transport-native-unix-common\4.1.97.Final\d469d84265ab70095b01b40886cabdd433b6e664\netty-transport-native-unix-common-4.1.97.Final.jar, C:\Users\rosar\.gradle\caches\modules-2\files-2.1\net.sf.jopt-simple\jopt-simple\5.0.4\4fdac2fbe92dfad86aa6e9301736f6b4342a3f5c\jopt-simple-5.0.4.jar, C:\Users\rosar\.gradle\caches\modules-2\files-2.1\net.java.dev.jna\jna-platform\5.14.0\28934d48aed814f11e4c584da55c49fa7032b31b\jna-platform-5.14.0.jar, C:\Users\rosar\.gradle\caches\modules-2\files-2.1\org.apache.logging.log4j\log4j-slf4j2-impl\2.22.1\d7e6693c2606cb7e7335047d7bb96dec52db5665\log4j-slf4j2-impl-2.22.1.jar, C:\Users\rosar\.gradle\caches\modules-2\files-2.1\com.github.oshi\oshi-core\6.4.10\b1d8ab82d11d92fd639b56d639f8f46f739dd5fa\oshi-core-6.4.10.jar, C:\Users\rosar\.gradle\caches\modules-2\files-2.1\org.lwjgl\lwjgl-freetype\3.3.3\15a8c1de7f51d07a92eae7ce1222557073a0c0c3\lwjgl-freetype-3.3.3-natives-windows-x86.jar, C:\Users\rosar\.gradle\caches\modules-2\files-2.1\org.lwjgl\lwjgl-openal\3.3.3\87b8d5050e3adb46bb58fe1cb2669a4a48fce10d\lwjgl-openal-3.3.3-natives-windows-x86.jar, C:\Users\rosar\.gradle\caches\modules-2\files-2.1\org.jline\jline-reader\3.20.0\8f15415b022a25b473e8e16c28ae913186ffb9c4\jline-reader-3.20.0.jar, C:\Users\rosar\.gradle\caches\modules-2\files-2.1\org.lwjgl\lwjgl-tinyfd\3.3.3\82d755ca94b102e9ca77283b9e2dc46d1b15fbe5\lwjgl-tinyfd-3.3.3.jar, C:\Users\rosar\.gradle\caches\modules-2\files-2.1\org.lwjgl\lwjgl-tinyfd\3.3.3\a6697981b0449a5087c1d546fc08b4f73e8f98c9\lwjgl-tinyfd-3.3.3-natives-windows.jar, C:\Users\rosar\.gradle\caches\modules-2\files-2.1\com.mojang\brigadier\1.2.9\73e324f2ee541493a5179abf367237faa782ed21\brigadier-1.2.9.jar, C:\Users\rosar\.gradle\caches\modules-2\files-2.1\io.netty\netty-buffer\4.1.97.Final\f8f3d8644afa5e6e1a40a3a6aeb9d9aa970ecb4f\netty-buffer-4.1.97.Final.jar, C:\Users\rosar\.gradle\caches\modules-2\files-2.1\org.lwjgl\lwjgl-opengl\3.3.3\65e956d3735a1abdc82eff4baec1b61174697d4b\lwjgl-opengl-3.3.3-natives-windows-arm64.jar, C:\Users\rosar\.gradle\caches\modules-2\files-2.1\org.apache.httpcomponents\httpclient\4.5.13\e5f6cae5ca7ecaac1ec2827a9e2d65ae2869cada\httpclient-4.5.13.jar, C:\Users\rosar\.gradle\caches\modules-2\files-2.1\org.lwjgl\lwjgl-freetype\3.3.3\a0db6c84a8becc8ca05f9dbfa985edc348a824c7\lwjgl-freetype-3.3.3.jar, C:\Users\rosar\.gradle\caches\modules-2\files-2.1\com.mojang\blocklist\1.0.10\5c685c5ffa94c4cd39496c7184c1d122e515ecef\blocklist-1.0.10.jar]
[05set2026 17:08:56.449] [main/DEBUG] [net.neoforged.fml.loading.FMLServiceProvider/CORE]: Preparing launch handler
[05set2026 17:08:56.449] [main/DEBUG] [net.neoforged.fml.loading.FMLLoader/CORE]: Using forgeclientuserdev as launch service
[05set2026 17:08:56.450] [main/DEBUG] [net.neoforged.fml.common.asm.RuntimeDistCleaner/DISTXFORM]: Configuring for Dist CLIENT
[05set2026 17:08:56.451] [main/DEBUG] [cpw.mods.modlauncher.TransformationServiceDecorator/MODLAUNCHER]: Initialized transformation service fml
[05set2026 17:08:56.451] [main/DEBUG] [cpw.mods.modlauncher.TransformationServicesHandler/MODLAUNCHER]: Transformation services begin scanning
[05set2026 17:08:56.452] [main/DEBUG] [cpw.mods.modlauncher.TransformationServiceDecorator/MODLAUNCHER]: Beginning scan trigger - transformation service mixin
[05set2026 17:08:56.452] [main/DEBUG] [cpw.mods.modlauncher.TransformationServiceDecorator/MODLAUNCHER]: End scan trigger - transformation service mixin
[05set2026 17:08:56.452] [main/DEBUG] [cpw.mods.modlauncher.TransformationServiceDecorator/MODLAUNCHER]: Beginning scan trigger - transformation service fml
[05set2026 17:08:56.452] [main/DEBUG] [net.neoforged.fml.loading.FMLServiceProvider/CORE]: Initiating mod scan
[05set2026 17:08:56.455] [main/DEBUG] [net.neoforged.fml.loading.targets.CommonLaunchHandler/CORE]: Got mod coordinates 1.21%%D:\Programmazione\Mod\Only Hammers\NEOFORGE\1.21\build\resources\main;1.21%%D:\Programmazione\Mod\Only Hammers\NEOFORGE\1.21\build\classes\java\main from env
[05set2026 17:08:56.455] [main/DEBUG] [net.neoforged.fml.loading.targets.CommonLaunchHandler/CORE]: Found supplied mod coordinates [{1.21=[D:\Programmazione\Mod\Only Hammers\NEOFORGE\1.21\build\resources\main, D:\Programmazione\Mod\Only Hammers\NEOFORGE\1.21\build\classes\java\main]}]
[05set2026 17:08:56.469] [main/DEBUG] [net.neoforged.fml.util.ServiceLoaderUtil/CORE]: Found 4 implementations of IModFileCandidateLocator:
[05set2026 17:08:56.471] [main/DEBUG] [net.neoforged.fml.util.ServiceLoaderUtil/CORE]: 	       0 - [built-in] net.neoforged.fml.loading.moddiscovery.locators.NeoForgeDevProvider from loader-4.0.23.jar
[05set2026 17:08:56.471] [main/DEBUG] [net.neoforged.fml.util.ServiceLoaderUtil/CORE]: 	       0 - net.neoforged.fml.loading.moddiscovery.locators.ModsFolderLocator from loader-4.0.23.jar
[05set2026 17:08:56.472] [main/DEBUG] [net.neoforged.fml.util.ServiceLoaderUtil/CORE]: 	       0 - net.neoforged.fml.loading.moddiscovery.locators.MavenDirectoryLocator from loader-4.0.23.jar
[05set2026 17:08:56.472] [main/DEBUG] [net.neoforged.fml.util.ServiceLoaderUtil/CORE]: 	   -1000 - [built-in] net.neoforged.fml.loading.moddiscovery.locators.UserdevLocator from loader-4.0.23.jar
[05set2026 17:08:56.474] [main/DEBUG] [net.neoforged.fml.util.ServiceLoaderUtil/CORE]: Found 2 implementations of IModFileReader:
[05set2026 17:08:56.474] [main/DEBUG] [net.neoforged.fml.util.ServiceLoaderUtil/CORE]: 	       0 - net.neoforged.fml.loading.moddiscovery.readers.JarModsDotTomlModFileReader from loader-4.0.23.jar
[05set2026 17:08:56.474] [main/DEBUG] [net.neoforged.fml.util.ServiceLoaderUtil/CORE]: 	   -1000 - net.neoforged.fml.loading.moddiscovery.readers.NestedLibraryModReader from loader-4.0.23.jar
[05set2026 17:08:56.476] [main/DEBUG] [net.neoforged.fml.util.ServiceLoaderUtil/CORE]: Found 1 implementations of IDependencyLocator:
[05set2026 17:08:56.476] [main/DEBUG] [net.neoforged.fml.util.ServiceLoaderUtil/CORE]: 	       0 - net.neoforged.fml.loading.moddiscovery.locators.JarInJarDependencyLocator from loader-4.0.23.jar
[05set2026 17:08:56.477] [main/DEBUG] [net.neoforged.fml.loading.moddiscovery.ModDiscoverer/SCAN]: Scanning for mods and other resources to load. We know 4 ways to find mods
[05set2026 17:08:56.477] [main/DEBUG] [net.neoforged.fml.loading.moddiscovery.ModDiscoverer/SCAN]: Trying locator neoforge devenv provider ([D:\Programmazione\Mod\Only Hammers\NEOFORGE\1.21\.gradle\repositories\ng_dummy_ng\net\neoforged\neoforge\21.0.167\neoforge-21.0.167.jar])
[05set2026 17:08:56.520] [pool-2-thread-1/INFO] [EARLYDISPLAY/]: GL info: Intel(R) UHD Graphics GL version 4.6.0 - Build 32.0.101.5972, Intel
[05set2026 17:08:56.706] [main/DEBUG] [net.neoforged.fml.loading.moddiscovery.ModFileInfo/LOADING]: Found valid mod file neoforge-21.0.167.jar with {minecraft} mods - versions {1.21}
[05set2026 17:08:56.706] [main/INFO] [net.neoforged.fml.loading.moddiscovery.ModDiscoverer/SCAN]: Found mod file "neoforge-21.0.167.jar" [locator: neoforge devenv provider ([D:\Programmazione\Mod\Only Hammers\NEOFORGE\1.21\.gradle\repositories\ng_dummy_ng\net\neoforged\neoforge\21.0.167\neoforge-21.0.167.jar])]
[05set2026 17:08:56.717] [main/DEBUG] [net.neoforged.fml.loading.moddiscovery.readers.JarModsDotTomlModFileReader/SCAN]: Found META-INF/neoforge.mods.toml mod of type null: D:\Programmazione\Mod\Only Hammers\NEOFORGE\1.21\.gradle\repositories\ng_dummy_ng\net\neoforged\neoforge\21.0.167\neoforge-21.0.167.jar
[05set2026 17:08:56.718] [main/DEBUG] [net.neoforged.fml.loading.moddiscovery.ModFileParser/LOADING]: Considering mod file candidate D:\Programmazione\Mod\Only Hammers\NEOFORGE\1.21\.gradle\repositories\ng_dummy_ng\net\neoforged\neoforge\21.0.167\neoforge-21.0.167.jar
[05set2026 17:08:56.733] [main/DEBUG] [net.neoforged.fml.loading.moddiscovery.ModFileInfo/LOADING]: Found valid mod file neoforge-21.0.167.jar with {neoforge} mods - versions {21.0.167}
[05set2026 17:08:56.733] [main/INFO] [net.neoforged.fml.loading.moddiscovery.ModDiscoverer/SCAN]: Found mod file "neoforge-21.0.167.jar" [locator: neoforge devenv provider ([D:\Programmazione\Mod\Only Hammers\NEOFORGE\1.21\.gradle\repositories\ng_dummy_ng\net\neoforged\neoforge\21.0.167\neoforge-21.0.167.jar])]
[05set2026 17:08:56.733] [main/DEBUG] [net.neoforged.fml.loading.moddiscovery.ModDiscoverer/SCAN]: Locator neoforge devenv provider ([D:\Programmazione\Mod\Only Hammers\NEOFORGE\1.21\.gradle\repositories\ng_dummy_ng\net\neoforged\neoforge\21.0.167\neoforge-21.0.167.jar]) found 2 mods, 0 warnings, 0 errors and skipped 0 candidates
[05set2026 17:08:56.734] [main/DEBUG] [net.neoforged.fml.loading.moddiscovery.ModDiscoverer/SCAN]: Trying locator {mods folder locator at D:\Programmazione\Mod\Only Hammers\NEOFORGE\1.21\runs\client\mods}
[05set2026 17:08:56.734] [main/DEBUG] [net.neoforged.fml.loading.moddiscovery.locators.ModsFolderLocator/SCAN]: Scanning mods dir D:\Programmazione\Mod\Only Hammers\NEOFORGE\1.21\runs\client\mods for mods
[05set2026 17:08:56.736] [main/DEBUG] [net.neoforged.fml.loading.moddiscovery.ModDiscoverer/SCAN]: Locator {mods folder locator at D:\Programmazione\Mod\Only Hammers\NEOFORGE\1.21\runs\client\mods} found 0 mods, 0 warnings, 0 errors and skipped 0 candidates
[05set2026 17:08:56.736] [main/DEBUG] [net.neoforged.fml.loading.moddiscovery.ModDiscoverer/SCAN]: Trying locator maven libs
[05set2026 17:08:56.740] [main/DEBUG] [net.neoforged.fml.loading.moddiscovery.ModListHandler/CORE]: Found mod coordinates from lists: []
[05set2026 17:08:56.740] [main/DEBUG] [net.neoforged.fml.loading.moddiscovery.ModDiscoverer/SCAN]: Locator maven libs found 0 mods, 0 warnings, 0 errors and skipped 0 candidates
[05set2026 17:08:56.740] [main/DEBUG] [net.neoforged.fml.loading.moddiscovery.ModDiscoverer/SCAN]: Trying locator userdev mods and services
[05set2026 17:08:56.743] [main/DEBUG] [net.neoforged.fml.loading.moddiscovery.readers.JarModsDotTomlModFileReader/SCAN]: Found META-INF/neoforge.mods.toml mod of type null: D:\Programmazione\Mod\Only Hammers\NEOFORGE\1.21\build\resources\main
[05set2026 17:08:56.743] [main/DEBUG] [net.neoforged.fml.loading.moddiscovery.ModFileParser/LOADING]: Considering mod file candidate D:\Programmazione\Mod\Only Hammers\NEOFORGE\1.21\build\resources\main
[05set2026 17:08:56.761] [main/DEBUG] [net.neoforged.fml.loading.moddiscovery.ModFileInfo/LOADING]: Found valid mod file main with {onlyhammers} mods - versions {1.21-1.0.6}
[05set2026 17:08:56.761] [main/INFO] [net.neoforged.fml.loading.moddiscovery.ModDiscoverer/SCAN]: Found mod file "main" [locator: userdev mods and services, reader: mod manifest]
[05set2026 17:08:56.774] [main/DEBUG] [net.neoforged.fml.loading.moddiscovery.readers.JarModsDotTomlModFileReader/SCAN]: Found META-INF/neoforge.mods.toml mod of type null: D:\Programmazione\Mod\Only Hammers\NEOFORGE\1.21\.gradle\repositories\ng_dummy_ng\net\neoforged\neoforge\21.0.167\neoforge-21.0.167.jar
[05set2026 17:08:56.775] [main/DEBUG] [net.neoforged.fml.loading.moddiscovery.ModFileParser/LOADING]: Considering mod file candidate D:\Programmazione\Mod\Only Hammers\NEOFORGE\1.21\.gradle\repositories\ng_dummy_ng\net\neoforged\neoforge\21.0.167\neoforge-21.0.167.jar
[05set2026 17:08:56.776] [main/DEBUG] [net.neoforged.fml.loading.moddiscovery.ModFileInfo/LOADING]: Found valid mod file neoforge-21.0.167.jar with {neoforge} mods - versions {21.0.167}
[05set2026 17:08:56.776] [main/INFO] [net.neoforged.fml.loading.moddiscovery.ModDiscoverer/SCAN]: Found mod file "neoforge-21.0.167.jar" [locator: userdev mods and services, reader: mod manifest]
[05set2026 17:08:56.783] [main/DEBUG] [net.neoforged.fml.loading.moddiscovery.readers.JarModsDotTomlModFileReader/SCAN]: Found META-INF/neoforge.mods.toml mod of type null: C:\Users\rosar\.gradle\caches\modules-2\files-2.1\dev.architectury\architectury-neoforge\13.0.5\b5cf1082d9fafbf5a9e2adba0f831398beb4ca32\architectury-neoforge-13.0.5.jar
[05set2026 17:08:56.783] [main/DEBUG] [net.neoforged.fml.loading.moddiscovery.ModFileParser/LOADING]: Considering mod file candidate C:\Users\rosar\.gradle\caches\modules-2\files-2.1\dev.architectury\architectury-neoforge\13.0.5\b5cf1082d9fafbf5a9e2adba0f831398beb4ca32\architectury-neoforge-13.0.5.jar
[05set2026 17:08:56.783] [main/DEBUG] [net.neoforged.fml.loading.moddiscovery.ModFileInfo/LOADING]: Found valid mod file architectury-neoforge-13.0.5.jar with {architectury} mods - versions {13.0.5}
[05set2026 17:08:56.783] [main/INFO] [net.neoforged.fml.loading.moddiscovery.ModDiscoverer/SCAN]: Found mod file "architectury-neoforge-13.0.5.jar" [locator: userdev mods and services, reader: mod manifest]
[05set2026 17:08:56.789] [main/DEBUG] [net.neoforged.fml.loading.moddiscovery.readers.JarModsDotTomlModFileReader/SCAN]: Found META-INF/neoforge.mods.toml mod of type null: C:\Users\rosar\.gradle\caches\modules-2\files-2.1\me.shedaniel\RoughlyEnoughItems-neoforge\16.0.776\f9e3c5f2f2ae4306b5f4247ed6a63d92697afe15\RoughlyEnoughItems-neoforge-16.0.776.jar
[05set2026 17:08:56.790] [main/DEBUG] [net.neoforged.fml.loading.moddiscovery.ModFileParser/LOADING]: Considering mod file candidate C:\Users\rosar\.gradle\caches\modules-2\files-2.1\me.shedaniel\RoughlyEnoughItems-neoforge\16.0.776\f9e3c5f2f2ae4306b5f4247ed6a63d92697afe15\RoughlyEnoughItems-neoforge-16.0.776.jar
[05set2026 17:08:56.791] [main/DEBUG] [net.neoforged.fml.loading.moddiscovery.ModFileInfo/LOADING]: Found valid mod file RoughlyEnoughItems-neoforge-16.0.776.jar with {roughlyenoughitems} mods - versions {16.0.776}
[05set2026 17:08:56.791] [main/INFO] [net.neoforged.fml.loading.moddiscovery.ModDiscoverer/SCAN]: Found mod file "RoughlyEnoughItems-neoforge-16.0.776.jar" [locator: userdev mods and services, reader: mod manifest]
[05set2026 17:08:56.793] [main/DEBUG] [net.neoforged.fml.loading.moddiscovery.readers.JarModsDotTomlModFileReader/SCAN]: Found META-INF/neoforge.mods.toml mod of type null: C:\Users\rosar\.gradle\caches\modules-2\files-2.1\mezz.jei\jei-1.21-neoforge\19.8.2.99\e1dc10d45e8c488d06ff7ae553d2c46a6b5e39c7\jei-1.21-neoforge-19.8.2.99.jar
[05set2026 17:08:56.793] [main/DEBUG] [net.neoforged.fml.loading.moddiscovery.ModFileParser/LOADING]: Considering mod file candidate C:\Users\rosar\.gradle\caches\modules-2\files-2.1\mezz.jei\jei-1.21-neoforge\19.8.2.99\e1dc10d45e8c488d06ff7ae553d2c46a6b5e39c7\jei-1.21-neoforge-19.8.2.99.jar
[05set2026 17:08:56.796] [main/DEBUG] [net.neoforged.fml.loading.moddiscovery.ModFileInfo/LOADING]: Found valid mod file jei-1.21-neoforge-19.8.2.99.jar with {jei} mods - versions {19.8.2.99}
[05set2026 17:08:56.797] [main/INFO] [net.neoforged.fml.loading.moddiscovery.ModDiscoverer/SCAN]: Found mod file "jei-1.21-neoforge-19.8.2.99.jar" [locator: userdev mods and services, reader: mod manifest]
[05set2026 17:08:56.800] [main/DEBUG] [net.neoforged.fml.loading.moddiscovery.readers.JarModsDotTomlModFileReader/SCAN]: Found META-INF/neoforge.mods.toml mod of type null: C:\Users\rosar\.gradle\caches\modules-2\files-2.1\me.shedaniel.cloth\cloth-config-neoforge\15.0.130\4ff6b51cfb5c6cac437b18067d991a0f5f8743a7\cloth-config-neoforge-15.0.130-neoforge.jar
[05set2026 17:08:56.800] [main/DEBUG] [net.neoforged.fml.loading.moddiscovery.ModFileParser/LOADING]: Considering mod file candidate C:\Users\rosar\.gradle\caches\modules-2\files-2.1\me.shedaniel.cloth\cloth-config-neoforge\15.0.130\4ff6b51cfb5c6cac437b18067d991a0f5f8743a7\cloth-config-neoforge-15.0.130-neoforge.jar
[05set2026 17:08:56.802] [main/DEBUG] [net.neoforged.fml.loading.moddiscovery.ModFileInfo/LOADING]: Found valid mod file cloth-config-neoforge-15.0.130-neoforge.jar with {cloth_config} mods - versions {15.0.130}
[05set2026 17:08:56.802] [main/INFO] [net.neoforged.fml.loading.moddiscovery.ModDiscoverer/SCAN]: Found mod file "cloth-config-neoforge-15.0.130-neoforge.jar" [locator: userdev mods and services, reader: mod manifest]
[05set2026 17:08:56.845] [main/DEBUG] [net.neoforged.fml.loading.moddiscovery.ModDiscoverer/]: Skipping C:\Users\rosar\.gradle\caches\modules-2\files-2.1\net.neoforged.fancymodloader\earlydisplay\4.0.23\c9491ed7df998cf229eae9c7364ee9ab6f26bcfe\earlydisplay-4.0.23.jar because it was already located earlier
[05set2026 17:08:56.845] [main/DEBUG] [net.neoforged.fml.loading.moddiscovery.ModDiscoverer/]: Skipping C:\Users\rosar\.gradle\caches\modules-2\files-2.1\net.neoforged.fancymodloader\loader\4.0.23\1603ac9e724a9bf4e3d4ae2631da629e4755111d\loader-4.0.23.jar because it was already located earlier
[05set2026 17:08:56.847] [main/DEBUG] [net.neoforged.fml.loading.moddiscovery.ModDiscoverer/]: Skipping C:\Users\rosar\.gradle\caches\modules-2\files-2.1\net.neoforged\coremods\7.0.3\9147e6f638b4272b3bd5fc8f92ad37802512c6c\coremods-7.0.3.jar because it was already located earlier
[05set2026 17:08:56.847] [main/DEBUG] [net.neoforged.fml.loading.moddiscovery.ModDiscoverer/]: Skipping C:\Users\rosar\.gradle\caches\modules-2\files-2.1\cpw.mods\modlauncher\11.0.4\6619d4812a3c092310d521ebc4c9503727563df7\modlauncher-11.0.4.jar because it was already located earlier
[05set2026 17:08:56.847] [main/DEBUG] [net.neoforged.fml.loading.moddiscovery.ModDiscoverer/]: Skipping C:\Users\rosar\.gradle\caches\modules-2\files-2.1\net.neoforged.accesstransformers\at-modlauncher\10.0.1\5aba50202aceead086bc09fbc2751c9f05cb4890\at-modlauncher-10.0.1.jar because it was already located earlier
[05set2026 17:08:56.847] [main/DEBUG] [net.neoforged.fml.loading.moddiscovery.ModDiscoverer/]: Skipping C:\Users\rosar\.gradle\caches\modules-2\files-2.1\net.neoforged\accesstransformers\10.0.1\fd83b5725f76eae9115e9355fa1c456a6a441400\accesstransformers-10.0.1.jar because it was already located earlier
[05set2026 17:08:56.847] [main/DEBUG] [net.neoforged.fml.loading.moddiscovery.ModDiscoverer/]: Skipping C:\Users\rosar\.gradle\caches\modules-2\files-2.1\org.openjdk.nashorn\nashorn-core\15.4\f67f5ffaa5f5130cf6fb9b133da00c7df3b532a5\nashorn-core-15.4.jar because it was already located earlier
[05set2026 17:08:56.847] [main/DEBUG] [net.neoforged.fml.loading.moddiscovery.ModDiscoverer/]: Skipping C:\Users\rosar\.gradle\caches\modules-2\files-2.1\net.neoforged\mergetool\2.0.3\1275202cbbb248f49345cf6787ce299afd9a02fb\mergetool-2.0.3-api.jar because it was already located earlier
[05set2026 17:08:56.847] [main/DEBUG] [net.neoforged.fml.loading.moddiscovery.ModDiscoverer/]: Skipping C:\Users\rosar\.gradle\caches\modules-2\files-2.1\net.neoforged\bus\8.0.1\9df0ed904cec279eb33ca6df420f6f82706ebb4c\bus-8.0.1.jar because it was already located earlier
[05set2026 17:08:56.847] [main/DEBUG] [net.neoforged.fml.loading.moddiscovery.ModDiscoverer/]: Skipping C:\Users\rosar\.gradle\caches\modules-2\files-2.1\com.electronwill.night-config\toml\3.8.0\861dbcf2757dd6701c98b3949198549ccb5f62ff\toml-3.8.0.jar because it was already located earlier
[05set2026 17:08:56.847] [main/DEBUG] [net.neoforged.fml.loading.moddiscovery.ModDiscoverer/]: Skipping C:\Users\rosar\.gradle\caches\modules-2\files-2.1\com.electronwill.night-config\core\3.8.0\2498dd2b3120dd49e963e2feab8fa5d0c5f80e0a\core-3.8.0.jar because it was already located earlier
[05set2026 17:08:56.848] [main/DEBUG] [net.neoforged.fml.loading.moddiscovery.ModDiscoverer/]: Skipping C:\Users\rosar\.gradle\caches\modules-2\files-2.1\net.neoforged\JarJarSelector\0.4.1\fb3cc7a58af22ad2880adb98af6d518128c47dae\JarJarSelector-0.4.1.jar because it was already located earlier
[05set2026 17:08:56.848] [main/DEBUG] [net.neoforged.fml.loading.moddiscovery.ModDiscoverer/]: Skipping C:\Users\rosar\.gradle\caches\modules-2\files-2.1\net.neoforged\JarJarMetadata\0.4.1\f8da03683dc81694556dc3e177c5e3bb77ae6fcb\JarJarMetadata-0.4.1.jar because it was already located earlier
[05set2026 17:08:56.848] [main/DEBUG] [net.neoforged.fml.loading.moddiscovery.ModDiscoverer/]: Skipping C:\Users\rosar\.gradle\caches\modules-2\files-2.1\org.apache.maven\maven-artifact\3.8.5\4433f50c07debefaed0553bd0068f4f48d449313\maven-artifact-3.8.5.jar because it was already located earlier
[05set2026 17:08:56.848] [main/DEBUG] [net.neoforged.fml.loading.moddiscovery.ModDiscoverer/]: Skipping C:\Users\rosar\.gradle\caches\modules-2\files-2.1\net.jodah\typetools\0.6.3\a01aaa6ddaea9ec07ec4f209487b7a46a526283a\typetools-0.6.3.jar because it was already located earlier
[05set2026 17:08:56.848] [main/DEBUG] [net.neoforged.fml.loading.moddiscovery.ModDiscoverer/]: Skipping C:\Users\rosar\.gradle\caches\modules-2\files-2.1\net.minecrell\terminalconsoleappender\1.3.0\b562e9bb61235c9520e26282cdee71f8f802d1fc\terminalconsoleappender-1.3.0.jar because it was already located earlier
[05set2026 17:08:56.848] [main/DEBUG] [net.neoforged.fml.loading.moddiscovery.ModDiscoverer/]: Skipping C:\Users\rosar\.gradle\caches\modules-2\files-2.1\net.fabricmc\sponge-mixin\0.14.0+mixin.0.8.6\c265173c84346e9e5d42a2384b2b02bd39a4a899\sponge-mixin-0.14.0+mixin.0.8.6.jar because it was already located earlier
[05set2026 17:08:56.848] [main/DEBUG] [net.neoforged.fml.loading.moddiscovery.ModDiscoverer/]: Skipping C:\Users\rosar\.gradle\caches\modules-2\files-2.1\com.mojang\authlib\6.0.54\de8bc95660e1b2fe8793fd427a7a10dcec5b3ea7\authlib-6.0.54.jar because it was already located earlier
[05set2026 17:08:56.848] [main/DEBUG] [net.neoforged.fml.loading.moddiscovery.ModDiscoverer/]: Skipping C:\Users\rosar\.gradle\caches\modules-2\files-2.1\org.apache.commons\commons-compress\1.26.0\659feffdd12280201c8aacb8f7be94f9a883c824\commons-compress-1.26.0.jar because it was already located earlier
[05set2026 17:08:56.848] [main/DEBUG] [net.neoforged.fml.loading.moddiscovery.ModDiscoverer/]: Skipping C:\Users\rosar\.gradle\caches\modules-2\files-2.1\org.apache.commons\commons-lang3\3.14.0\1ed471194b02f2c6cb734a0cd6f6f107c673afae\commons-lang3-3.14.0.jar because it was already located earlier
[05set2026 17:08:56.848] [main/DEBUG] [net.neoforged.fml.loading.moddiscovery.ModDiscoverer/]: Skipping C:\Users\rosar\.gradle\caches\modules-2\files-2.1\com.mojang\logging\1.2.7\24cb95ffb0e3433fd6e844c04e68009e504ca1c0\logging-1.2.7.jar because it was already located earlier
[05set2026 17:08:56.848] [main/DEBUG] [net.neoforged.fml.loading.moddiscovery.ModDiscoverer/]: Skipping C:\Users\rosar\.gradle\caches\modules-2\files-2.1\org.apache.logging.log4j\log4j-slf4j2-impl\2.22.1\d7e6693c2606cb7e7335047d7bb96dec52db5665\log4j-slf4j2-impl-2.22.1.jar because it was already located earlier
[05set2026 17:08:56.849] [main/DEBUG] [net.neoforged.fml.loading.moddiscovery.ModDiscoverer/]: Skipping C:\Users\rosar\.gradle\caches\modules-2\files-2.1\org.apache.logging.log4j\log4j-core\2.22.1\7183a25510a02ad00cc6a95d3b3d2a7d3c5a8dc4\log4j-core-2.22.1.jar because it was already located earlier
[05set2026 17:08:56.849] [main/DEBUG] [net.neoforged.fml.loading.moddiscovery.ModDiscoverer/]: Skipping C:\Users\rosar\.gradle\caches\modules-2\files-2.1\org.apache.logging.log4j\log4j-api\2.22.1\bea6fede6328fabafd7e68363161a7ea6605abd1\log4j-api-2.22.1.jar because it was already located earlier
[05set2026 17:08:56.853] [main/DEBUG] [net.neoforged.fml.loading.moddiscovery.readers.JarModsDotTomlModFileReader/SCAN]: Found META-INF/MANIFEST.MF mod of type GAMELIBRARY: C:\Users\rosar\.gradle\caches\modules-2\files-2.1\io.github.llamalad7\mixinextras-neoforge\0.3.5\ef3ffcf309dae656517b2f120189b1c9b21737dd\mixinextras-neoforge-0.3.5.jar
[05set2026 17:08:56.855] [main/INFO] [net.neoforged.fml.loading.moddiscovery.ModDiscoverer/SCAN]: Found gamelibrary file "mixinextras-neoforge-0.3.5.jar" [locator: userdev mods and services, reader: mod manifest]
[05set2026 17:08:56.856] [main/DEBUG] [net.neoforged.fml.loading.moddiscovery.ModDiscoverer/]: Skipping C:\Users\rosar\.gradle\caches\modules-2\files-2.1\com.github.oshi\oshi-core\6.4.10\b1d8ab82d11d92fd639b56d639f8f46f739dd5fa\oshi-core-6.4.10.jar because it was already located earlier
[05set2026 17:08:56.856] [main/DEBUG] [net.neoforged.fml.loading.moddiscovery.ModDiscoverer/]: Skipping C:\Users\rosar\.gradle\caches\modules-2\files-2.1\com.mojang\datafixerupper\8.0.16\67d4de6d7f95d89bcf5862995fb854ebaec02a34\datafixerupper-8.0.16.jar because it was already located earlier
[05set2026 17:08:56.856] [main/DEBUG] [net.neoforged.fml.loading.moddiscovery.ModDiscoverer/]: Skipping C:\Users\rosar\.gradle\caches\modules-2\files-2.1\com.mojang\text2speech\1.17.9\3cad216e3a7f0c19b4b394388bc9ffc446f13b14\text2speech-1.17.9.jar because it was already located earlier
[05set2026 17:08:56.856] [main/DEBUG] [net.neoforged.fml.loading.moddiscovery.ModDiscoverer/]: Skipping C:\Users\rosar\.gradle\caches\modules-2\files-2.1\org.slf4j\slf4j-api\2.0.9\7cf2726fdcfbc8610f9a71fb3ed639871f315340\slf4j-api-2.0.9.jar because it was already located earlier
[05set2026 17:08:56.856] [main/DEBUG] [net.neoforged.fml.loading.moddiscovery.ModDiscoverer/]: Skipping C:\Users\rosar\.gradle\caches\modules-2\files-2.1\com.google.code.gson\gson\2.10.1\b3add478d4382b78ea20b1671390a858002feb6c\gson-2.10.1.jar because it was already located earlier
[05set2026 17:08:56.856] [main/DEBUG] [net.neoforged.fml.loading.moddiscovery.ModDiscoverer/]: Skipping C:\Users\rosar\.gradle\caches\modules-2\files-2.1\com.mojang\patchy\2.2.10\da05971b07cbb379d002cf7eaec6a2048211fefc\patchy-2.2.10.jar because it was already located earlier
[05set2026 17:08:56.856] [main/DEBUG] [net.neoforged.fml.loading.moddiscovery.ModDiscoverer/]: Skipping C:\Users\rosar\.gradle\caches\modules-2\files-2.1\com.google.guava\guava\32.1.2-jre\5e64ec7e056456bef3a4bc4c6fdaef71e8ab6318\guava-32.1.2-jre.jar because it was already located earlier
[05set2026 17:08:56.856] [main/DEBUG] [net.neoforged.fml.loading.moddiscovery.ModDiscoverer/]: Skipping C:\Users\rosar\.gradle\caches\modules-2\files-2.1\com.google.guava\failureaccess\1.0.1\1dcf1de382a0bf95a3d8b0849546c88bac1292c9\failureaccess-1.0.1.jar because it was already located earlier
[05set2026 17:08:56.856] [main/DEBUG] [net.neoforged.fml.loading.moddiscovery.ModDiscoverer/]: Skipping C:\Users\rosar\.gradle\caches\modules-2\files-2.1\com.google.guava\listenablefuture\9999.0-empty-to-avoid-conflict-with-guava\b421526c5f297295adef1c886e5246c39d4ac629\listenablefuture-9999.0-empty-to-avoid-conflict-with-guava.jar because it was already located earlier
[05set2026 17:08:56.856] [main/DEBUG] [net.neoforged.fml.loading.moddiscovery.ModDiscoverer/]: Skipping C:\Users\rosar\.gradle\caches\modules-2\files-2.1\com.google.code.findbugs\jsr305\3.0.2\25ea2e8b0c338a877313bd4672d3fe056ea78f0d\jsr305-3.0.2.jar because it was already located earlier
[05set2026 17:08:56.856] [main/DEBUG] [net.neoforged.fml.loading.moddiscovery.ModDiscoverer/]: Skipping C:\Users\rosar\.gradle\caches\modules-2\files-2.1\org.checkerframework\checker-qual\3.33.0\de2b60b62da487644fc11f734e73c8b0b431238f\checker-qual-3.33.0.jar because it was already located earlier
[05set2026 17:08:56.857] [main/DEBUG] [net.neoforged.fml.loading.moddiscovery.ModDiscoverer/]: Skipping C:\Users\rosar\.gradle\caches\modules-2\files-2.1\com.google.errorprone\error_prone_annotations\2.18.0\89b684257096f548fa39a7df9fdaa409d4d4df91\error_prone_annotations-2.18.0.jar because it was already located earlier
[05set2026 17:08:56.857] [main/DEBUG] [net.neoforged.fml.loading.moddiscovery.ModDiscoverer/]: Skipping C:\Users\rosar\.gradle\caches\modules-2\files-2.1\com.google.j2objc\j2objc-annotations\2.8\c85270e307e7b822f1086b93689124b89768e273\j2objc-annotations-2.8.jar because it was already located earlier
[05set2026 17:08:56.857] [main/DEBUG] [net.neoforged.fml.loading.moddiscovery.ModDiscoverer/]: Skipping C:\Users\rosar\.gradle\caches\modules-2\files-2.1\commons-io\commons-io\2.15.1\f11560da189ab563a5c8e351941415430e9304ea\commons-io-2.15.1.jar because it was already located earlier
[05set2026 17:08:56.857] [main/DEBUG] [net.neoforged.fml.loading.moddiscovery.ModDiscoverer/]: Skipping C:\Users\rosar\.gradle\caches\modules-2\files-2.1\net.sf.jopt-simple\jopt-simple\5.0.4\4fdac2fbe92dfad86aa6e9301736f6b4342a3f5c\jopt-simple-5.0.4.jar because it was already located earlier
[05set2026 17:08:56.857] [main/DEBUG] [net.neoforged.fml.loading.moddiscovery.ModDiscoverer/]: Skipping C:\Users\rosar\.gradle\caches\modules-2\files-2.1\net.minecraftforge\srgutils\0.4.15\ca408b131759478f164e010fae0d73997e125fb5\srgutils-0.4.15.jar because it was already located earlier
[05set2026 17:08:56.857] [main/DEBUG] [net.neoforged.fml.loading.moddiscovery.ModDiscoverer/]: Skipping C:\Users\rosar\.gradle\caches\modules-2\files-2.1\org.antlr\antlr4-runtime\4.13.1\17125bae1d965624e265ef49552f6465a2bfa307\antlr4-runtime-4.13.1.jar because it was already located earlier
[05set2026 17:08:56.857] [main/DEBUG] [net.neoforged.fml.loading.moddiscovery.ModDiscoverer/]: Skipping C:\Users\rosar\.gradle\caches\modules-2\files-2.1\org.jline\jline-reader\3.20.0\8f15415b022a25b473e8e16c28ae913186ffb9c4\jline-reader-3.20.0.jar because it was already located earlier
[05set2026 17:08:56.857] [main/DEBUG] [net.neoforged.fml.loading.moddiscovery.ModDiscoverer/]: Skipping C:\Users\rosar\.gradle\caches\modules-2\files-2.1\org.jline\jline-terminal\3.20.0\d0ddcc708ddf527a3454c941b7b9225cc83a15ff\jline-terminal-3.20.0.jar because it was already located earlier
[05set2026 17:08:56.857] [main/DEBUG] [net.neoforged.fml.loading.moddiscovery.ModDiscoverer/]: Skipping C:\Users\rosar\.gradle\caches\modules-2\files-2.1\org.codehaus.plexus\plexus-utils\3.3.0\cf43b5391de623b36fe066a21127baef82c64022\plexus-utils-3.3.0.jar because it was already located earlier
[05set2026 17:08:56.857] [main/DEBUG] [net.neoforged.fml.loading.moddiscovery.ModDiscoverer/]: Skipping C:\Users\rosar\.gradle\caches\modules-2\files-2.1\com.machinezoo.noexception\noexception\1.7.1\b65330c98e38a1f915fa54a6e5eca496505e3f0a\noexception-1.7.1.jar because it was already located earlier
[05set2026 17:08:56.857] [main/DEBUG] [net.neoforged.fml.loading.moddiscovery.ModDiscoverer/]: Skipping D:\Programmazione\Mod\Only Hammers\NEOFORGE\1.21\.gradle\repositories\ng_dummy_ng\net\minecraft\client\1.21\client-1.21-client-extra.jar because it was already located earlier
[05set2026 17:08:56.857] [main/DEBUG] [net.neoforged.fml.loading.moddiscovery.ModDiscoverer/]: Skipping C:\Users\rosar\.gradle\caches\modules-2\files-2.1\com.ibm.icu\icu4j\73.2\61ad4ef7f9131fcf6d25c34b817f90d6da06c9e9\icu4j-73.2.jar because it was already located earlier
[05set2026 17:08:56.857] [main/DEBUG] [net.neoforged.fml.loading.moddiscovery.ModDiscoverer/]: Skipping C:\Users\rosar\.gradle\caches\modules-2\files-2.1\com.mojang\blocklist\1.0.10\5c685c5ffa94c4cd39496c7184c1d122e515ecef\blocklist-1.0.10.jar because it was already located earlier
[05set2026 17:08:56.857] [main/DEBUG] [net.neoforged.fml.loading.moddiscovery.ModDiscoverer/]: Skipping C:\Users\rosar\.gradle\caches\modules-2\files-2.1\com.mojang\brigadier\1.2.9\73e324f2ee541493a5179abf367237faa782ed21\brigadier-1.2.9.jar because it was already located earlier
[05set2026 17:08:56.858] [main/DEBUG] [net.neoforged.fml.loading.moddiscovery.ModDiscoverer/]: Skipping C:\Users\rosar\.gradle\caches\modules-2\files-2.1\org.apache.httpcomponents\httpclient\4.5.13\e5f6cae5ca7ecaac1ec2827a9e2d65ae2869cada\httpclient-4.5.13.jar because it was already located earlier
[05set2026 17:08:56.858] [main/DEBUG] [net.neoforged.fml.loading.moddiscovery.ModDiscoverer/]: Skipping C:\Users\rosar\.gradle\caches\modules-2\files-2.1\commons-codec\commons-codec\1.16.0\4e3eb3d79888d76b54e28b350915b5dc3919c9de\commons-codec-1.16.0.jar because it was already located earlier
[05set2026 17:08:56.858] [main/DEBUG] [net.neoforged.fml.loading.moddiscovery.ModDiscoverer/]: Skipping C:\Users\rosar\.gradle\caches\modules-2\files-2.1\commons-logging\commons-logging\1.2\4bfc12adfe4842bf07b657f0369c4cb522955686\commons-logging-1.2.jar because it was already located earlier
[05set2026 17:08:56.858] [main/DEBUG] [net.neoforged.fml.loading.moddiscovery.ModDiscoverer/]: Skipping C:\Users\rosar\.gradle\caches\modules-2\files-2.1\io.netty\netty-handler\4.1.97.Final\abb86c6906bf512bf2b797a41cd7d2e8d3cd7c36\netty-handler-4.1.97.Final.jar because it was already located earlier
[05set2026 17:08:56.858] [main/DEBUG] [net.neoforged.fml.loading.moddiscovery.ModDiscoverer/]: Skipping C:\Users\rosar\.gradle\caches\modules-2\files-2.1\io.netty\netty-codec\4.1.97.Final\384ba4d75670befbedb45c4d3b497a93639c206d\netty-codec-4.1.97.Final.jar because it was already located earlier
[05set2026 17:08:56.858] [main/DEBUG] [net.neoforged.fml.loading.moddiscovery.ModDiscoverer/]: Skipping C:\Users\rosar\.gradle\caches\modules-2\files-2.1\io.netty\netty-transport-classes-epoll\4.1.97.Final\795da37ded759e862457a82d9d92c4d39ce8ecee\netty-transport-classes-epoll-4.1.97.Final.jar because it was already located earlier
[05set2026 17:08:56.858] [main/DEBUG] [net.neoforged.fml.loading.moddiscovery.ModDiscoverer/]: Skipping C:\Users\rosar\.gradle\caches\modules-2\files-2.1\io.netty\netty-transport-native-unix-common\4.1.97.Final\d469d84265ab70095b01b40886cabdd433b6e664\netty-transport-native-unix-common-4.1.97.Final.jar because it was already located earlier
[05set2026 17:08:56.858] [main/DEBUG] [net.neoforged.fml.loading.moddiscovery.ModDiscoverer/]: Skipping C:\Users\rosar\.gradle\caches\modules-2\files-2.1\io.netty\netty-transport\4.1.97.Final\f37380d23c9bb079bc702910833b2fd532c9abd0\netty-transport-4.1.97.Final.jar because it was already located earlier
[05set2026 17:08:56.859] [main/DEBUG] [net.neoforged.fml.loading.moddiscovery.ModDiscoverer/]: Skipping C:\Users\rosar\.gradle\caches\modules-2\files-2.1\io.netty\netty-buffer\4.1.97.Final\f8f3d8644afa5e6e1a40a3a6aeb9d9aa970ecb4f\netty-buffer-4.1.97.Final.jar because it was already located earlier
[05set2026 17:08:56.859] [main/DEBUG] [net.neoforged.fml.loading.moddiscovery.ModDiscoverer/]: Skipping C:\Users\rosar\.gradle\caches\modules-2\files-2.1\io.netty\netty-resolver\4.1.97.Final\cec8348108dc76c47cf87c669d514be52c922144\netty-resolver-4.1.97.Final.jar because it was already located earlier
[05set2026 17:08:56.859] [main/DEBUG] [net.neoforged.fml.loading.moddiscovery.ModDiscoverer/]: Skipping C:\Users\rosar\.gradle\caches\modules-2\files-2.1\io.netty\netty-common\4.1.97.Final\7cceacaf11df8dc63f23d0fb58e9d4640fc88404\netty-common-4.1.97.Final.jar because it was already located earlier
[05set2026 17:08:56.859] [main/DEBUG] [net.neoforged.fml.loading.moddiscovery.ModDiscoverer/]: Skipping C:\Users\rosar\.gradle\caches\modules-2\files-2.1\it.unimi.dsi\fastutil\8.5.12\c24946d46824bd528054bface3231d2ecb7e95e8\fastutil-8.5.12.jar because it was already located earlier
[05set2026 17:08:56.859] [main/DEBUG] [net.neoforged.fml.loading.moddiscovery.ModDiscoverer/]: Skipping C:\Users\rosar\.gradle\caches\modules-2\files-2.1\net.java.dev.jna\jna-platform\5.14.0\28934d48aed814f11e4c584da55c49fa7032b31b\jna-platform-5.14.0.jar because it was already located earlier
[05set2026 17:08:56.859] [main/DEBUG] [net.neoforged.fml.loading.moddiscovery.ModDiscoverer/]: Skipping C:\Users\rosar\.gradle\caches\modules-2\files-2.1\ca.weblite\java-objc-bridge\1.1\1227f9e0666314f9de41477e3ec277e542ed7f7b\java-objc-bridge-1.1.jar because it was already located earlier
[05set2026 17:08:56.859] [main/DEBUG] [net.neoforged.fml.loading.moddiscovery.ModDiscoverer/]: Skipping C:\Users\rosar\.gradle\caches\modules-2\files-2.1\net.java.dev.jna\jna\5.14.0\67bf3eaea4f0718cb376a181a629e5f88fa1c9dd\jna-5.14.0.jar because it was already located earlier
[05set2026 17:08:56.859] [main/DEBUG] [net.neoforged.fml.loading.moddiscovery.ModDiscoverer/]: Skipping C:\Users\rosar\.gradle\caches\modules-2\files-2.1\org.apache.httpcomponents\httpcore\4.4.16\51cf043c87253c9f58b539c9f7e44c8894223850\httpcore-4.4.16.jar because it was already located earlier
[05set2026 17:08:56.859] [main/DEBUG] [net.neoforged.fml.loading.moddiscovery.ModDiscoverer/]: Skipping C:\Users\rosar\.gradle\caches\modules-2\files-2.1\org.jcraft\jorbis\0.0.17\8872d22b293e8f5d7d56ff92be966e6dc28ebdc6\jorbis-0.0.17.jar because it was already located earlier
[05set2026 17:08:56.859] [main/DEBUG] [net.neoforged.fml.loading.moddiscovery.ModDiscoverer/]: Skipping C:\Users\rosar\.gradle\caches\modules-2\files-2.1\org.joml\joml\1.10.5\22566d58af70ad3d72308bab63b8339906deb649\joml-1.10.5.jar because it was already located earlier
[05set2026 17:08:56.859] [main/DEBUG] [net.neoforged.fml.loading.moddiscovery.ModDiscoverer/]: Skipping C:\Users\rosar\.gradle\caches\modules-2\files-2.1\org.lwjgl\lwjgl-freetype\3.3.3\a0db6c84a8becc8ca05f9dbfa985edc348a824c7\lwjgl-freetype-3.3.3.jar because it was already located earlier
[05set2026 17:08:56.865] [main/DEBUG] [net.neoforged.fml.loading.moddiscovery.ModDiscoverer/]: Skipping C:\Users\rosar\.gradle\caches\modules-2\files-2.1\org.lwjgl\lwjgl-freetype\3.3.3\15a8c1de7f51d07a92eae7ce1222557073a0c0c3\lwjgl-freetype-3.3.3-natives-windows-x86.jar because it was already located earlier
[05set2026 17:08:56.865] [main/DEBUG] [net.neoforged.fml.loading.moddiscovery.ModDiscoverer/]: Skipping C:\Users\rosar\.gradle\caches\modules-2\files-2.1\org.lwjgl\lwjgl-glfw\3.3.3\efa1eb78c5ccd840e9f329717109b5e892d72f8e\lwjgl-glfw-3.3.3.jar because it was already located earlier
[05set2026 17:08:56.872] [main/DEBUG] [net.neoforged.fml.loading.moddiscovery.ModDiscoverer/]: Skipping C:\Users\rosar\.gradle\caches\modules-2\files-2.1\org.lwjgl\lwjgl-glfw\3.3.3\32334f3fd5270a59bad9939a93115acb6de36dcf\lwjgl-glfw-3.3.3-natives-windows-x86.jar because it was already located earlier
[05set2026 17:08:56.872] [main/DEBUG] [net.neoforged.fml.loading.moddiscovery.ModDiscoverer/]: Skipping C:\Users\rosar\.gradle\caches\modules-2\files-2.1\org.lwjgl\lwjgl-jemalloc\3.3.3\b543467b7ff3c6920539a88ee602d34098628be5\lwjgl-jemalloc-3.3.3.jar because it was already located earlier
[05set2026 17:08:56.872] [main/DEBUG] [net.neoforged.fml.loading.moddiscovery.ModDiscoverer/]: Skipping C:\Users\rosar\.gradle\caches\modules-2\files-2.1\org.lwjgl\lwjgl-jemalloc\3.3.3\426222fc027602a5f21b9c0fe79cde6a4c7a011f\lwjgl-jemalloc-3.3.3-natives-windows.jar because it was already located earlier
[05set2026 17:08:56.878] [main/DEBUG] [net.neoforged.fml.loading.moddiscovery.ModDiscoverer/]: Skipping C:\Users\rosar\.gradle\caches\modules-2\files-2.1\org.lwjgl\lwjgl-openal\3.3.3\daada81ceb5fc0c291fbfdd4433cb8d9423577f2\lwjgl-openal-3.3.3.jar because it was already located earlier
[05set2026 17:08:56.884] [main/DEBUG] [net.neoforged.fml.loading.moddiscovery.ModDiscoverer/]: Skipping C:\Users\rosar\.gradle\caches\modules-2\files-2.1\org.lwjgl\lwjgl-openal\3.3.3\87b8d5050e3adb46bb58fe1cb2669a4a48fce10d\lwjgl-openal-3.3.3-natives-windows-x86.jar because it was already located earlier
[05set2026 17:08:56.884] [main/DEBUG] [net.neoforged.fml.loading.moddiscovery.ModDiscoverer/]: Skipping C:\Users\rosar\.gradle\caches\modules-2\files-2.1\org.lwjgl\lwjgl-opengl\3.3.3\2f6b0147078396a58979125a4c947664e98293a\lwjgl-opengl-3.3.3.jar because it was already located earlier
[05set2026 17:08:56.888] [main/DEBUG] [net.neoforged.fml.loading.moddiscovery.ModDiscoverer/]: Skipping C:\Users\rosar\.gradle\caches\modules-2\files-2.1\org.lwjgl\lwjgl-opengl\3.3.3\65e956d3735a1abdc82eff4baec1b61174697d4b\lwjgl-opengl-3.3.3-natives-windows-arm64.jar because it was already located earlier
[05set2026 17:08:56.890] [main/DEBUG] [net.neoforged.fml.loading.moddiscovery.ModDiscoverer/]: Skipping C:\Users\rosar\.gradle\caches\modules-2\files-2.1\org.lwjgl\lwjgl-stb\3.3.3\25dd6161988d7e65f71d5065c99902402ee32746\lwjgl-stb-3.3.3.jar because it was already located earlier
[05set2026 17:08:56.891] [main/DEBUG] [net.neoforged.fml.loading.moddiscovery.ModDiscoverer/]: Skipping C:\Users\rosar\.gradle\caches\modules-2\files-2.1\org.lwjgl\lwjgl-stb\3.3.3\1d9facdf6541de114b0f963be33505b7679c78cb\lwjgl-stb-3.3.3-natives-windows.jar because it was already located earlier
[05set2026 17:08:56.899] [main/DEBUG] [net.neoforged.fml.loading.moddiscovery.ModDiscoverer/]: Skipping C:\Users\rosar\.gradle\caches\modules-2\files-2.1\org.lwjgl\lwjgl-tinyfd\3.3.3\82d755ca94b102e9ca77283b9e2dc46d1b15fbe5\lwjgl-tinyfd-3.3.3.jar because it was already located earlier
[05set2026 17:08:56.899] [main/DEBUG] [net.neoforged.fml.loading.moddiscovery.ModDiscoverer/]: Skipping C:\Users\rosar\.gradle\caches\modules-2\files-2.1\org.lwjgl\lwjgl-tinyfd\3.3.3\a6697981b0449a5087c1d546fc08b4f73e8f98c9\lwjgl-tinyfd-3.3.3-natives-windows.jar because it was already located earlier
[05set2026 17:08:56.908] [main/DEBUG] [net.neoforged.fml.loading.moddiscovery.ModDiscoverer/]: Skipping C:\Users\rosar\.gradle\caches\modules-2\files-2.1\org.lwjgl\lwjgl\3.3.3\29589b5f87ed335a6c7e7ee6a5775f81f97ecb84\lwjgl-3.3.3.jar because it was already located earlier
[05set2026 17:08:56.913] [main/DEBUG] [net.neoforged.fml.loading.moddiscovery.ModDiscoverer/]: Skipping C:\Users\rosar\.gradle\caches\modules-2\files-2.1\org.lwjgl\lwjgl\3.3.3\9e670718e050aeaeea0c2d5b907cffb142f2e58f\lwjgl-3.3.3-natives-windows-x86.jar because it was already located earlier
[05set2026 17:08:56.914] [main/DEBUG] [net.neoforged.fml.loading.moddiscovery.ModDiscoverer/]: Skipping C:\Users\rosar\.gradle\caches\modules-2\files-2.1\org.lz4\lz4-java\1.8.0\4b986a99445e49ea5fbf5d149c4b63f6ed6c6780\lz4-java-1.8.0.jar because it was already located earlier
[05set2026 17:08:56.914] [main/DEBUG] [net.neoforged.fml.loading.moddiscovery.ModDiscoverer/]: Skipping C:\Users\rosar\.gradle\caches\modules-2\files-2.1\org.jetbrains\annotations\24.1.0\7af6a669488450c4a07c2c3254e2151df42d7d04\annotations-24.1.0.jar because it was already located earlier
[05set2026 17:08:56.914] [main/DEBUG] [net.neoforged.fml.loading.moddiscovery.ModDiscoverer/SCAN]: Locator userdev mods and services found 7 mods, 0 warnings, 0 errors and skipped 85 candidates
[05set2026 17:08:56.916] [main/DEBUG] [net.neoforged.fml.loading.UniqueModListBuilder/]: Found 2 mods for first modid neoforge, selecting most recent based on version data
[05set2026 17:08:56.917] [main/DEBUG] [net.neoforged.fml.loading.UniqueModListBuilder/]: Selected file neoforge-21.0.167.jar for modid neoforge with version 21.0.167
[05set2026 17:08:56.924] [main/DEBUG] [net.neoforged.fml.loading.moddiscovery.ModDiscoverer/SCAN]: Successfully Loaded 8 mods. Attempting to load dependencies...
[05set2026 17:08:56.924] [main/DEBUG] [net.neoforged.fml.loading.moddiscovery.ModDiscoverer/SCAN]: Trying locator jarinjar
[05set2026 17:08:56.929] [main/TRACE] [net.neoforged.fml.loading.moddiscovery.locators.JarInJarDependencyLocator/]: Failed to load resource META-INF\jarjar\metadata.json from neoforge-21.0.167.jar, it does not contain dependency information.
[05set2026 17:08:56.929] [main/TRACE] [net.neoforged.fml.loading.moddiscovery.locators.JarInJarDependencyLocator/]: Failed to load resource META-INF\jarjar\metadata.json from mixinextras-neoforge-0.3.5.jar, it does not contain dependency information.
[05set2026 17:08:56.929] [main/TRACE] [net.neoforged.fml.loading.moddiscovery.locators.JarInJarDependencyLocator/]: Failed to load resource META-INF\jarjar\metadata.json from RoughlyEnoughItems-neoforge-16.0.776.jar, it does not contain dependency information.
[05set2026 17:08:56.930] [main/TRACE] [net.neoforged.fml.loading.moddiscovery.locators.JarInJarDependencyLocator/]: Failed to load resource META-INF\jarjar\metadata.json from cloth-config-neoforge-15.0.130-neoforge.jar, it does not contain dependency information.
[05set2026 17:08:56.930] [main/TRACE] [net.neoforged.fml.loading.moddiscovery.locators.JarInJarDependencyLocator/]: Failed to load resource META-INF\jarjar\metadata.json from main, it does not contain dependency information.
[05set2026 17:08:56.931] [main/TRACE] [net.neoforged.fml.loading.moddiscovery.locators.JarInJarDependencyLocator/]: Failed to load resource META-INF\jarjar\metadata.json from architectury-neoforge-13.0.5.jar, it does not contain dependency information.
[05set2026 17:08:56.931] [main/TRACE] [net.neoforged.fml.loading.moddiscovery.locators.JarInJarDependencyLocator/]: Failed to load resource META-INF\jarjar\metadata.json from jei-1.21-neoforge-19.8.2.99.jar, it does not contain dependency information.
[05set2026 17:08:57.075] [main/DEBUG] [net.neoforged.fml.loading.moddiscovery.readers.JarModsDotTomlModFileReader/SCAN]: Found META-INF/MANIFEST.MF mod of type GAMELIBRARY: 
[05set2026 17:08:57.077] [main/TRACE] [net.neoforged.fml.loading.moddiscovery.locators.JarInJarDependencyLocator/]: Failed to load resource META-INF\jarjar\metadata.json from mixinextras-neoforge-0.3.5.jar, it does not contain dependency information.
[05set2026 17:08:57.150] [main/DEBUG] [net.neoforged.fml.loading.moddiscovery.readers.JarModsDotTomlModFileReader/SCAN]: Found META-INF/MANIFEST.MF mod of type GAMELIBRARY: 
[05set2026 17:08:57.153] [main/WARN] [net.neoforged.jarjar.selection.JarSelector/]: Attempted to select a dependency jar for JarJar which was passed in as source: mixinextras-neoforge-0.3.5.jar. Using Mod File: C:\Users\rosar\.gradle\caches\modules-2\files-2.1\io.github.llamalad7\mixinextras-neoforge\0.3.5\ef3ffcf309dae656517b2f120189b1c9b21737dd\mixinextras-neoforge-0.3.5.jar
[05set2026 17:08:57.154] [main/INFO] [net.neoforged.fml.loading.moddiscovery.locators.JarInJarDependencyLocator/]: No dependencies to load found. Skipping!
[05set2026 17:08:57.158] [main/DEBUG] [net.neoforged.fml.loading.moddiscovery.ModFileInfo/LOADING]: Found valid mod file neoforge-21.0.167.jar with {minecraft} mods - versions {1.21}
[05set2026 17:08:57.164] [main/DEBUG] [net.neoforged.fml.loading.moddiscovery.ModFile/LOADING]: Loading mod file D:\Programmazione\Mod\Only Hammers\NEOFORGE\1.21\.gradle\repositories\ng_dummy_ng\net\neoforged\neoforge\21.0.167\neoforge-21.0.167.jar with languages [LanguageSpec[languageName=minecraft, acceptedVersions=1]]
[05set2026 17:08:57.166] [main/DEBUG] [net.neoforged.fml.loading.moddiscovery.ModFileParser/LOADING]: Considering mod file candidate C:\Users\rosar\.gradle\caches\modules-2\files-2.1\me.shedaniel\RoughlyEnoughItems-neoforge\16.0.776\f9e3c5f2f2ae4306b5f4247ed6a63d92697afe15\RoughlyEnoughItems-neoforge-16.0.776.jar
[05set2026 17:08:57.169] [main/DEBUG] [net.neoforged.fml.loading.moddiscovery.ModFileInfo/LOADING]: Found valid mod file RoughlyEnoughItems-neoforge-16.0.776.jar with {roughlyenoughitems} mods - versions {16.0.776}
[05set2026 17:08:57.169] [main/DEBUG] [net.neoforged.fml.loading.moddiscovery.ModFile/LOADING]: Loading mod file C:\Users\rosar\.gradle\caches\modules-2\files-2.1\me.shedaniel\RoughlyEnoughItems-neoforge\16.0.776\f9e3c5f2f2ae4306b5f4247ed6a63d92697afe15\RoughlyEnoughItems-neoforge-16.0.776.jar with languages [LanguageSpec[languageName=javafml, acceptedVersions=[1,)]]
[05set2026 17:08:57.170] [main/DEBUG] [net.neoforged.fml.loading.moddiscovery.ModFile/LOADING]: Found mixin config rei.mixins.json
[05set2026 17:08:57.170] [main/DEBUG] [net.neoforged.fml.loading.moddiscovery.ModFileParser/LOADING]: Considering mod file candidate C:\Users\rosar\.gradle\caches\modules-2\files-2.1\me.shedaniel.cloth\cloth-config-neoforge\15.0.130\4ff6b51cfb5c6cac437b18067d991a0f5f8743a7\cloth-config-neoforge-15.0.130-neoforge.jar
[05set2026 17:08:57.172] [main/DEBUG] [net.neoforged.fml.loading.moddiscovery.ModFileInfo/LOADING]: Found valid mod file cloth-config-neoforge-15.0.130-neoforge.jar with {cloth_config} mods - versions {15.0.130}
[05set2026 17:08:57.172] [main/DEBUG] [net.neoforged.fml.loading.moddiscovery.ModFile/LOADING]: Loading mod file C:\Users\rosar\.gradle\caches\modules-2\files-2.1\me.shedaniel.cloth\cloth-config-neoforge\15.0.130\4ff6b51cfb5c6cac437b18067d991a0f5f8743a7\cloth-config-neoforge-15.0.130-neoforge.jar with languages [LanguageSpec[languageName=javafml, acceptedVersions=[1,)]]
[05set2026 17:08:57.172] [main/DEBUG] [net.neoforged.fml.loading.moddiscovery.ModFileParser/LOADING]: Considering mod file candidate D:\Programmazione\Mod\Only Hammers\NEOFORGE\1.21\build\resources\main
[05set2026 17:08:57.176] [main/DEBUG] [net.neoforged.fml.loading.moddiscovery.ModFileInfo/LOADING]: Found valid mod file main with {onlyhammers} mods - versions {1.21-1.0.6}
[05set2026 17:08:57.177] [main/DEBUG] [net.neoforged.fml.loading.moddiscovery.ModFile/LOADING]: Loading mod file D:\Programmazione\Mod\Only Hammers\NEOFORGE\1.21\build\resources\main with languages [LanguageSpec[languageName=javafml, acceptedVersions=[4,)]]
[05set2026 17:08:57.177] [main/DEBUG] [net.neoforged.fml.loading.moddiscovery.ModFile/LOADING]: Found mixin config onlyhammers.mixins.json
[05set2026 17:08:57.178] [main/DEBUG] [net.neoforged.fml.loading.moddiscovery.ModFileParser/LOADING]: Considering mod file candidate C:\Users\rosar\.gradle\caches\modules-2\files-2.1\dev.architectury\architectury-neoforge\13.0.5\b5cf1082d9fafbf5a9e2adba0f831398beb4ca32\architectury-neoforge-13.0.5.jar
[05set2026 17:08:57.181] [main/DEBUG] [net.neoforged.fml.loading.moddiscovery.ModFileInfo/LOADING]: Found valid mod file architectury-neoforge-13.0.5.jar with {architectury} mods - versions {13.0.5}
[05set2026 17:08:57.181] [main/DEBUG] [net.neoforged.fml.loading.moddiscovery.ModFile/LOADING]: Loading mod file C:\Users\rosar\.gradle\caches\modules-2\files-2.1\dev.architectury\architectury-neoforge\13.0.5\b5cf1082d9fafbf5a9e2adba0f831398beb4ca32\architectury-neoforge-13.0.5.jar with languages [LanguageSpec[languageName=javafml, acceptedVersions=[1,)]]
[05set2026 17:08:57.182] [main/DEBUG] [net.neoforged.fml.loading.moddiscovery.ModFile/LOADING]: Found mixin config architectury.mixins.json
[05set2026 17:08:57.182] [main/DEBUG] [net.neoforged.fml.loading.moddiscovery.ModFile/LOADING]: Found mixin config architectury-common.mixins.json
[05set2026 17:08:57.182] [main/DEBUG] [net.neoforged.fml.loading.moddiscovery.ModFileParser/LOADING]: Considering mod file candidate D:\Programmazione\Mod\Only Hammers\NEOFORGE\1.21\.gradle\repositories\ng_dummy_ng\net\neoforged\neoforge\21.0.167\neoforge-21.0.167.jar
[05set2026 17:08:57.184] [main/DEBUG] [net.neoforged.fml.loading.moddiscovery.ModFileInfo/LOADING]: Found valid mod file neoforge-21.0.167.jar with {neoforge} mods - versions {21.0.167}
[05set2026 17:08:57.184] [main/DEBUG] [net.neoforged.fml.loading.moddiscovery.ModFile/LOADING]: Loading mod file D:\Programmazione\Mod\Only Hammers\NEOFORGE\1.21\.gradle\repositories\ng_dummy_ng\net\neoforged\neoforge\21.0.167\neoforge-21.0.167.jar with languages [LanguageSpec[languageName=javafml, acceptedVersions=[3,]]]
[05set2026 17:08:57.189] [main/DEBUG] [net.neoforged.fml.loading.moddiscovery.ModFileParser/LOADING]: Found coremod field_to_method with Javascript path coremods/field_to_method.js
[05set2026 17:08:57.189] [main/DEBUG] [net.neoforged.fml.loading.moddiscovery.ModFileParser/LOADING]: Found coremod field_to_instanceof with Javascript path coremods/field_to_instanceof.js
[05set2026 17:08:57.189] [main/DEBUG] [net.neoforged.fml.loading.moddiscovery.ModFileParser/LOADING]: Found coremod add_bouncer_method with Javascript path coremods/add_bouncer_method.js
[05set2026 17:08:57.189] [main/DEBUG] [net.neoforged.fml.loading.moddiscovery.ModFileParser/LOADING]: Found coremod method_redirector with Javascript path coremods/method_redirector.js
[05set2026 17:08:57.189] [main/DEBUG] [net.neoforged.fml.loading.moddiscovery.ModFile/LOADING]: Found mixin config neoforge.mixins.json
[05set2026 17:08:57.189] [main/DEBUG] [net.neoforged.fml.loading.moddiscovery.ModFileParser/LOADING]: Considering mod file candidate C:\Users\rosar\.gradle\caches\modules-2\files-2.1\mezz.jei\jei-1.21-neoforge\19.8.2.99\e1dc10d45e8c488d06ff7ae553d2c46a6b5e39c7\jei-1.21-neoforge-19.8.2.99.jar
[05set2026 17:08:57.191] [main/DEBUG] [net.neoforged.fml.loading.moddiscovery.ModFileInfo/LOADING]: Found valid mod file jei-1.21-neoforge-19.8.2.99.jar with {jei} mods - versions {19.8.2.99}
[05set2026 17:08:57.191] [main/DEBUG] [net.neoforged.fml.loading.moddiscovery.ModFile/LOADING]: Loading mod file C:\Users\rosar\.gradle\caches\modules-2\files-2.1\mezz.jei\jei-1.21-neoforge\19.8.2.99\e1dc10d45e8c488d06ff7ae553d2c46a6b5e39c7\jei-1.21-neoforge-19.8.2.99.jar with languages [LanguageSpec[languageName=javafml, acceptedVersions=[4,)]]
[05set2026 17:08:57.191] [main/DEBUG] [net.neoforged.fml.loading.moddiscovery.ModFile/LOADING]: Loading mod file C:\Users\rosar\.gradle\caches\modules-2\files-2.1\io.github.llamalad7\mixinextras-neoforge\0.3.5\ef3ffcf309dae656517b2f120189b1c9b21737dd\mixinextras-neoforge-0.3.5.jar with languages []
[05set2026 17:08:57.192] [main/DEBUG] [net.neoforged.fml.loading.moddiscovery.ModValidator/SCAN]: Found 8 mod files with 7 mods
[05set2026 17:08:57.196] [main/DEBUG] [cpw.mods.modlauncher.TransformationServiceDecorator/MODLAUNCHER]: End scan trigger - transformation service fml
[05set2026 17:08:57.211] [main/DEBUG] [net.neoforged.fml.util.ServiceLoaderUtil/CORE]: Found 3 implementations of IModLanguageLoader:
[05set2026 17:08:57.211] [main/DEBUG] [net.neoforged.fml.util.ServiceLoaderUtil/CORE]: 	net.neoforged.fml.javafmlmod.FMLJavaModLanguageProvider from loader-4.0.23.jar
[05set2026 17:08:57.212] [main/DEBUG] [net.neoforged.fml.util.ServiceLoaderUtil/CORE]: 	net.neoforged.fml.lowcodemod.LowCodeModLanguageProvider from loader-4.0.23.jar
[05set2026 17:08:57.212] [main/DEBUG] [net.neoforged.fml.util.ServiceLoaderUtil/CORE]: 	net.neoforged.fml.mclanguageprovider.MinecraftModLanguageProvider from loader-4.0.23.jar
[05set2026 17:08:57.212] [main/DEBUG] [net.neoforged.fml.loading.LanguageProviderLoader/CORE]: Found language provider javafml, version 4.0.23
[05set2026 17:08:57.213] [main/DEBUG] [net.neoforged.fml.loading.LanguageProviderLoader/CORE]: Found language provider lowcodefml, version 4.0.23
[05set2026 17:08:57.213] [main/DEBUG] [net.neoforged.fml.loading.LanguageProviderLoader/CORE]: Found language provider minecraft, version 4.0.23
[05set2026 17:08:57.219] [main/DEBUG] [net.neoforged.fml.loading.ModSorter/]: Configured system mods: [minecraft, neoforge]
[05set2026 17:08:57.219] [main/DEBUG] [net.neoforged.fml.loading.ModSorter/]: Found system mod: minecraft
[05set2026 17:08:57.219] [main/DEBUG] [net.neoforged.fml.loading.ModSorter/]: Found system mod: neoforge
[05set2026 17:08:57.222] [main/DEBUG] [net.neoforged.fml.loading.ModSorter/LOADING]: Found 10 mod requirements (10 mandatory, 0 optional)
[05set2026 17:08:57.223] [main/DEBUG] [net.neoforged.fml.loading.ModSorter/LOADING]: Found 0 mod requirements missing (0 mandatory, 0 optional)
[05set2026 17:08:57.246] [main/DEBUG] [net.neoforged.fml.loading.FMLLoader/SCAN]: Adding Access Transformer in C:\Users\rosar\.gradle\caches\modules-2\files-2.1\me.shedaniel\RoughlyEnoughItems-neoforge\16.0.776\f9e3c5f2f2ae4306b5f4247ed6a63d92697afe15\RoughlyEnoughItems-neoforge-16.0.776.jar
[05set2026 17:08:57.253] [main/DEBUG] [AXFORM/AXFORM]: Loading access transformer accesstransformer.cfg
[05set2026 17:08:57.366] [main/DEBUG] [AXFORM/AXFORM]: Loaded access transformer accesstransformer.cfg
[05set2026 17:08:57.367] [main/DEBUG] [net.neoforged.fml.loading.FMLLoader/SCAN]: Adding Access Transformer in C:\Users\rosar\.gradle\caches\modules-2\files-2.1\me.shedaniel.cloth\cloth-config-neoforge\15.0.130\4ff6b51cfb5c6cac437b18067d991a0f5f8743a7\cloth-config-neoforge-15.0.130-neoforge.jar
[05set2026 17:08:57.367] [main/DEBUG] [AXFORM/AXFORM]: Loading access transformer accesstransformer.cfg
[05set2026 17:08:57.368] [main/DEBUG] [AXFORM/AXFORM]: Loaded access transformer accesstransformer.cfg
[05set2026 17:08:57.368] [main/DEBUG] [net.neoforged.fml.loading.FMLLoader/SCAN]: Adding Access Transformer in C:\Users\rosar\.gradle\caches\modules-2\files-2.1\dev.architectury\architectury-neoforge\13.0.5\b5cf1082d9fafbf5a9e2adba0f831398beb4ca32\architectury-neoforge-13.0.5.jar
[05set2026 17:08:57.370] [main/DEBUG] [AXFORM/AXFORM]: Loading access transformer accesstransformer.cfg
[05set2026 17:08:57.389] [main/DEBUG] [AXFORM/AXFORM]: Loaded access transformer accesstransformer.cfg
[05set2026 17:08:57.389] [main/DEBUG] [net.neoforged.fml.loading.FMLLoader/SCAN]: Adding Access Transformer in D:\Programmazione\Mod\Only Hammers\NEOFORGE\1.21\.gradle\repositories\ng_dummy_ng\net\neoforged\neoforge\21.0.167\neoforge-21.0.167.jar
[05set2026 17:08:57.391] [main/DEBUG] [AXFORM/AXFORM]: Loading access transformer accesstransformer.cfg
[05set2026 17:08:57.419] [main/DEBUG] [AXFORM/AXFORM]: Loaded access transformer accesstransformer.cfg
[05set2026 17:08:57.419] [main/DEBUG] [net.neoforged.fml.loading.FMLLoader/SCAN]: Adding Access Transformer in C:\Users\rosar\.gradle\caches\modules-2\files-2.1\mezz.jei\jei-1.21-neoforge\19.8.2.99\e1dc10d45e8c488d06ff7ae553d2c46a6b5e39c7\jei-1.21-neoforge-19.8.2.99.jar
[05set2026 17:08:57.419] [main/DEBUG] [AXFORM/AXFORM]: Loading access transformer accesstransformer.cfg
[05set2026 17:08:57.422] [main/DEBUG] [AXFORM/AXFORM]: Loaded access transformer accesstransformer.cfg
[05set2026 17:08:57.427] [main/DEBUG] [mixin/]: Adding mixin platform agents for container net.neoforged.fml.loading.mixin.FMLMixinContainerHandle@60737b23
[05set2026 17:08:57.427] [main/DEBUG] [mixin/]: Instancing new MixinPlatformAgentMinecraftForge for net.neoforged.fml.loading.mixin.FMLMixinContainerHandle@60737b23
[05set2026 17:08:57.427] [main/DEBUG] [mixin/]: MixinPlatformAgentMinecraftForge rejected container net.neoforged.fml.loading.mixin.FMLMixinContainerHandle@60737b23
[05set2026 17:08:57.427] [main/DEBUG] [mixin/]: Instancing new MixinPlatformAgentDefault for net.neoforged.fml.loading.mixin.FMLMixinContainerHandle@60737b23
[05set2026 17:08:57.427] [main/DEBUG] [mixin/]: MixinPlatformAgentDefault accepted container net.neoforged.fml.loading.mixin.FMLMixinContainerHandle@60737b23
[05set2026 17:08:57.428] [main/DEBUG] [mixin/]: Instancing new FMLMixinPlatformAgent for net.neoforged.fml.loading.mixin.FMLMixinContainerHandle@60737b23
[05set2026 17:08:57.428] [main/DEBUG] [mixin/]: FMLMixinPlatformAgent accepted container net.neoforged.fml.loading.mixin.FMLMixinContainerHandle@60737b23
[05set2026 17:08:57.457] [main/DEBUG] [cpw.mods.modlauncher.TransformationServicesHandler/MODLAUNCHER]: Transformation services loading transformers
[05set2026 17:08:57.458] [main/DEBUG] [cpw.mods.modlauncher.TransformationServiceDecorator/MODLAUNCHER]: Initializing transformers for transformation service mixin
[05set2026 17:08:57.461] [main/DEBUG] [cpw.mods.modlauncher.TransformationServiceDecorator/MODLAUNCHER]: Initialized transformers for transformation service mixin
[05set2026 17:08:57.461] [main/DEBUG] [cpw.mods.modlauncher.TransformationServiceDecorator/MODLAUNCHER]: Initializing transformers for transformation service fml
[05set2026 17:08:57.461] [main/DEBUG] [net.neoforged.fml.loading.FMLServiceProvider/LOADING]: Loading coremod transformers
[05set2026 17:08:57.462] [main/INFO] [net.neoforged.fml.loading.FMLServiceProvider/CORE]: Loading coremod script-engine for [neoforge]
[05set2026 17:08:57.468] [main/DEBUG] [net.neoforged.fml.loading.CoreModScriptLoader/CORE]: Loading coremod scripts
[05set2026 17:08:58.291] [main/DEBUG] [net.neoforged.coremod.CoreModScriptingEngine/COREMOD]: Loading CoreMod from coremods/field_to_method.js
[05set2026 17:08:58.677] [main/DEBUG] [net.neoforged.coremod.CoreModScriptingEngine/COREMOD]: CoreMod loaded successfully
[05set2026 17:08:58.677] [main/DEBUG] [net.neoforged.coremod.CoreModScriptingEngine/COREMOD]: Loading CoreMod from coremods/field_to_instanceof.js
[05set2026 17:08:58.823] [main/DEBUG] [net.neoforged.coremod.CoreModScriptingEngine/COREMOD]: CoreMod loaded successfully
[05set2026 17:08:58.823] [main/DEBUG] [net.neoforged.coremod.CoreModScriptingEngine/COREMOD]: Loading CoreMod from coremods/add_bouncer_method.js
[05set2026 17:08:58.890] [main/DEBUG] [net.neoforged.coremod.CoreModScriptingEngine/COREMOD]: CoreMod loaded successfully
[05set2026 17:08:58.890] [main/DEBUG] [net.neoforged.coremod.CoreModScriptingEngine/COREMOD]: Loading CoreMod from coremods/method_redirector.js
[05set2026 17:08:58.981] [main/DEBUG] [net.neoforged.coremod.CoreModScriptingEngine/COREMOD]: CoreMod loaded successfully
[05set2026 17:08:58.999] [main/DEBUG] [net.neoforged.fml.util.ServiceLoaderUtil/CORE]: Found 0 implementations of ICoreMod:
[05set2026 17:08:59.009] [main/DEBUG] [cpw.mods.modlauncher.TransformStore/MODLAUNCHER]: Adding transformer net.neoforged.coremod.transformer.CoreModClassTransformer@75e09567 to Target : cpw.mods.modlauncher.api.TargetType@2a7686a7 {Lnet/minecraft/world/level/biome/Biome;} {} {V}
[05set2026 17:08:59.012] [main/DEBUG] [cpw.mods.modlauncher.TransformStore/MODLAUNCHER]: Adding transformer net.neoforged.coremod.transformer.CoreModClassTransformer@3c854752 to Target : cpw.mods.modlauncher.api.TargetType@2a7686a7 {Lnet/minecraft/world/level/levelgen/structure/Structure;} {} {V}
[05set2026 17:08:59.012] [main/DEBUG] [cpw.mods.modlauncher.TransformStore/MODLAUNCHER]: Adding transformer net.neoforged.coremod.transformer.CoreModClassTransformer@3ddeaa5f to Target : cpw.mods.modlauncher.api.TargetType@2a7686a7 {Lnet/minecraft/world/level/block/FlowerPotBlock;} {} {V}
[05set2026 17:08:59.013] [main/DEBUG] [cpw.mods.modlauncher.TransformStore/MODLAUNCHER]: Adding transformer net.neoforged.coremod.transformer.CoreModClassTransformer@1a500561 to Target : cpw.mods.modlauncher.api.TargetType@2a7686a7 {Lnet/minecraft/network/play/client/CClientSettingsPacket;} {} {V}
[05set2026 17:08:59.013] [main/DEBUG] [cpw.mods.modlauncher.TransformStore/MODLAUNCHER]: Adding transformer net.neoforged.coremod.transformer.CoreModClassTransformer@7f608e21 to Target : cpw.mods.modlauncher.api.TargetType@2a7686a7 {Lnet/minecraft/world/entity/EntityType;} {} {V}
[05set2026 17:08:59.013] [main/DEBUG] [cpw.mods.modlauncher.TransformStore/MODLAUNCHER]: Adding transformer net.neoforged.coremod.transformer.CoreModClassTransformer@7f608e21 to Target : cpw.mods.modlauncher.api.TargetType@2a7686a7 {Lnet/minecraft/world/entity/npc/Villager;} {} {V}
[05set2026 17:08:59.013] [main/DEBUG] [cpw.mods.modlauncher.TransformStore/MODLAUNCHER]: Adding transformer net.neoforged.coremod.transformer.CoreModClassTransformer@7f608e21 to Target : cpw.mods.modlauncher.api.TargetType@2a7686a7 {Lnet/minecraft/world/entity/raid/Raid;} {} {V}
[05set2026 17:08:59.013] [main/DEBUG] [cpw.mods.modlauncher.TransformStore/MODLAUNCHER]: Adding transformer net.neoforged.coremod.transformer.CoreModClassTransformer@7f608e21 to Target : cpw.mods.modlauncher.api.TargetType@2a7686a7 {Lnet/minecraft/world/entity/monster/Strider;} {} {V}
[05set2026 17:08:59.013] [main/DEBUG] [cpw.mods.modlauncher.TransformStore/MODLAUNCHER]: Adding transformer net.neoforged.coremod.transformer.CoreModClassTransformer@7f608e21 to Target : cpw.mods.modlauncher.api.TargetType@2a7686a7 {Lnet/minecraft/world/entity/monster/Zombie;} {} {V}
[05set2026 17:08:59.013] [main/DEBUG] [cpw.mods.modlauncher.TransformStore/MODLAUNCHER]: Adding transformer net.neoforged.coremod.transformer.CoreModClassTransformer@7f608e21 to Target : cpw.mods.modlauncher.api.TargetType@2a7686a7 {Lnet/minecraft/world/entity/monster/Spider;} {} {V}
[05set2026 17:08:59.013] [main/DEBUG] [cpw.mods.modlauncher.TransformStore/MODLAUNCHER]: Adding transformer net.neoforged.coremod.transformer.CoreModClassTransformer@7f608e21 to Target : cpw.mods.modlauncher.api.TargetType@2a7686a7 {Lnet/minecraft/world/level/levelgen/structure/structures/OceanRuinPieces$OceanRuinPiece;} {} {V}
[05set2026 17:08:59.013] [main/DEBUG] [cpw.mods.modlauncher.TransformStore/MODLAUNCHER]: Adding transformer net.neoforged.coremod.transformer.CoreModClassTransformer@7f608e21 to Target : cpw.mods.modlauncher.api.TargetType@2a7686a7 {Lnet/minecraft/world/level/levelgen/structure/templatesystem/StructureTemplate;} {} {V}
[05set2026 17:08:59.013] [main/DEBUG] [cpw.mods.modlauncher.TransformStore/MODLAUNCHER]: Adding transformer net.neoforged.coremod.transformer.CoreModClassTransformer@7f608e21 to Target : cpw.mods.modlauncher.api.TargetType@2a7686a7 {Lnet/minecraft/world/level/levelgen/structure/structures/OceanMonumentPieces$OceanMonumentPiece;} {} {V}
[05set2026 17:08:59.013] [main/DEBUG] [cpw.mods.modlauncher.TransformStore/MODLAUNCHER]: Adding transformer net.neoforged.coremod.transformer.CoreModClassTransformer@7f608e21 to Target : cpw.mods.modlauncher.api.TargetType@2a7686a7 {Lnet/minecraft/world/level/levelgen/structure/structures/SwampHutPiece;} {} {V}
[05set2026 17:08:59.013] [main/DEBUG] [cpw.mods.modlauncher.TransformStore/MODLAUNCHER]: Adding transformer net.neoforged.coremod.transformer.CoreModClassTransformer@7f608e21 to Target : cpw.mods.modlauncher.api.TargetType@2a7686a7 {Lnet/minecraft/world/entity/animal/frog/Tadpole;} {} {V}
[05set2026 17:08:59.013] [main/DEBUG] [cpw.mods.modlauncher.TransformStore/MODLAUNCHER]: Adding transformer net.neoforged.coremod.transformer.CoreModClassTransformer@7f608e21 to Target : cpw.mods.modlauncher.api.TargetType@2a7686a7 {Lnet/minecraft/world/level/levelgen/PhantomSpawner;} {} {V}
[05set2026 17:08:59.013] [main/DEBUG] [cpw.mods.modlauncher.TransformStore/MODLAUNCHER]: Adding transformer net.neoforged.coremod.transformer.CoreModClassTransformer@7f608e21 to Target : cpw.mods.modlauncher.api.TargetType@2a7686a7 {Lnet/minecraft/world/entity/ai/village/VillageSiege;} {} {V}
[05set2026 17:08:59.013] [main/DEBUG] [cpw.mods.modlauncher.TransformStore/MODLAUNCHER]: Adding transformer net.neoforged.coremod.transformer.CoreModClassTransformer@7f608e21 to Target : cpw.mods.modlauncher.api.TargetType@2a7686a7 {Lnet/minecraft/world/level/NaturalSpawner;} {} {V}
[05set2026 17:08:59.013] [main/DEBUG] [cpw.mods.modlauncher.TransformStore/MODLAUNCHER]: Adding transformer net.neoforged.coremod.transformer.CoreModClassTransformer@7f608e21 to Target : cpw.mods.modlauncher.api.TargetType@2a7686a7 {Lnet/minecraft/world/entity/monster/ZombieVillager;} {} {V}
[05set2026 17:08:59.013] [main/DEBUG] [cpw.mods.modlauncher.TransformStore/MODLAUNCHER]: Adding transformer net.neoforged.coremod.transformer.CoreModClassTransformer@7f608e21 to Target : cpw.mods.modlauncher.api.TargetType@2a7686a7 {Lnet/minecraft/world/level/levelgen/PatrolSpawner;} {} {V}
[05set2026 17:08:59.013] [main/DEBUG] [cpw.mods.modlauncher.TransformStore/MODLAUNCHER]: Adding transformer net.neoforged.coremod.transformer.CoreModClassTransformer@7f608e21 to Target : cpw.mods.modlauncher.api.TargetType@2a7686a7 {Lnet/minecraft/world/level/levelgen/structure/structures/WoodlandMansionPieces$WoodlandMansionPiece;} {} {V}
[05set2026 17:08:59.014] [main/DEBUG] [cpw.mods.modlauncher.TransformStore/MODLAUNCHER]: Adding transformer net.neoforged.coremod.transformer.CoreModClassTransformer@7f608e21 to Target : cpw.mods.modlauncher.api.TargetType@2a7686a7 {Lnet/minecraft/world/entity/monster/Evoker$EvokerSummonSpellGoal;} {} {V}
[05set2026 17:08:59.014] [main/DEBUG] [cpw.mods.modlauncher.TransformStore/MODLAUNCHER]: Adding transformer net.neoforged.coremod.transformer.CoreModClassTransformer@7f608e21 to Target : cpw.mods.modlauncher.api.TargetType@2a7686a7 {Lnet/minecraft/server/commands/RaidCommand;} {} {V}
[05set2026 17:08:59.014] [main/DEBUG] [cpw.mods.modlauncher.TransformStore/MODLAUNCHER]: Adding transformer net.neoforged.coremod.transformer.CoreModClassTransformer@7f608e21 to Target : cpw.mods.modlauncher.api.TargetType@2a7686a7 {Lnet/minecraft/world/entity/animal/horse/SkeletonTrapGoal;} {} {V}
[05set2026 17:08:59.014] [main/DEBUG] [cpw.mods.modlauncher.TransformStore/MODLAUNCHER]: Adding transformer net.neoforged.coremod.transformer.CoreModClassTransformer@7f608e21 to Target : cpw.mods.modlauncher.api.TargetType@2a7686a7 {Lnet/minecraft/world/entity/npc/CatSpawner;} {} {V}
[05set2026 17:08:59.014] [main/DEBUG] [cpw.mods.modlauncher.TransformStore/MODLAUNCHER]: Adding transformer net.neoforged.coremod.transformer.CoreModClassTransformer@7f608e21 to Target : cpw.mods.modlauncher.api.TargetType@2a7686a7 {Lnet/minecraft/server/commands/SummonCommand;} {} {V}
[05set2026 17:08:59.014] [main/DEBUG] [cpw.mods.modlauncher.TransformationServiceDecorator/MODLAUNCHER]: Initialized transformers for transformation service fml
[05set2026 17:08:59.132] [main/DEBUG] [mixin/]: Processing prepare() for PlatformAgent[MixinPlatformAgentDefault:ModLauncher Root Container(ModLauncher:4f56a0a2)]
[05set2026 17:08:59.132] [main/DEBUG] [mixin/]: Processing prepare() for PlatformAgent[MixinPlatformAgentDefault:net.neoforged.fml.loading.mixin.FMLMixinContainerHandle@60737b23]
[05set2026 17:08:59.133] [main/DEBUG] [mixin/]: Processing prepare() for PlatformAgent[FMLMixinPlatformAgent:null]
[05set2026 17:08:59.264] [main/DEBUG] [mixin/]: Compatibility level JAVA_8 specified by rei.mixins.json is lower than the default level supported by the current mixin service (JAVA_16).
[05set2026 17:08:59.265] [main/DEBUG] [mixin/]: Mixin config rei.mixins.json does not specify "minVersion" or "requiredFeatures" property
[05set2026 17:08:59.266] [main/DEBUG] [mixin/]: Compatibility level JAVA_8 specified by onlyhammers.mixins.json is lower than the default level supported by the current mixin service (JAVA_16).
[05set2026 17:08:59.270] [main/DEBUG] [mixin/]: Processing launch tasks for PlatformAgent[MixinPlatformAgentDefault:ModLauncher Root Container(ModLauncher:4f56a0a2)]
[05set2026 17:08:59.270] [main/DEBUG] [mixin/]: Adding mixin platform agents for container SecureJarResource(mixin_synthetic)
[05set2026 17:08:59.270] [main/DEBUG] [mixin/]: Instancing new MixinPlatformAgentMinecraftForge for SecureJarResource(mixin_synthetic)
[05set2026 17:08:59.270] [main/DEBUG] [mixin/]: MixinPlatformAgentMinecraftForge rejected container SecureJarResource(mixin_synthetic)
[05set2026 17:08:59.270] [main/DEBUG] [mixin/]: Instancing new MixinPlatformAgentDefault for SecureJarResource(mixin_synthetic)
[05set2026 17:08:59.270] [main/DEBUG] [mixin/]: MixinPlatformAgentDefault accepted container SecureJarResource(mixin_synthetic)
[05set2026 17:08:59.270] [main/DEBUG] [mixin/]: Instancing new FMLMixinPlatformAgent for SecureJarResource(mixin_synthetic)
[05set2026 17:08:59.270] [main/DEBUG] [mixin/]: FMLMixinPlatformAgent rejected container SecureJarResource(mixin_synthetic)
[05set2026 17:08:59.270] [main/DEBUG] [mixin/]: Processing prepare() for PlatformAgent[MixinPlatformAgentDefault:SecureJarResource(mixin_synthetic)]
[05set2026 17:08:59.270] [main/DEBUG] [mixin/]: Adding mixin platform agents for container SecureJarResource(minecraft)
[05set2026 17:08:59.270] [main/DEBUG] [mixin/]: Instancing new MixinPlatformAgentMinecraftForge for SecureJarResource(minecraft)
[05set2026 17:08:59.270] [main/DEBUG] [mixin/]: MixinPlatformAgentMinecraftForge rejected container SecureJarResource(minecraft)
[05set2026 17:08:59.270] [main/DEBUG] [mixin/]: Instancing new MixinPlatformAgentDefault for SecureJarResource(minecraft)
[05set2026 17:08:59.270] [main/DEBUG] [mixin/]: MixinPlatformAgentDefault accepted container SecureJarResource(minecraft)
[05set2026 17:08:59.270] [main/DEBUG] [mixin/]: Instancing new FMLMixinPlatformAgent for SecureJarResource(minecraft)
[05set2026 17:08:59.270] [main/DEBUG] [mixin/]: FMLMixinPlatformAgent rejected container SecureJarResource(minecraft)
[05set2026 17:08:59.270] [main/DEBUG] [mixin/]: Processing prepare() for PlatformAgent[MixinPlatformAgentDefault:SecureJarResource(minecraft)]
[05set2026 17:08:59.270] [main/DEBUG] [mixin/]: Adding mixin platform agents for container SecureJarResource(roughlyenoughitems)
[05set2026 17:08:59.270] [main/DEBUG] [mixin/]: Instancing new MixinPlatformAgentMinecraftForge for SecureJarResource(roughlyenoughitems)
[05set2026 17:08:59.271] [main/DEBUG] [mixin/]: MixinPlatformAgentMinecraftForge rejected container SecureJarResource(roughlyenoughitems)
[05set2026 17:08:59.271] [main/DEBUG] [mixin/]: Instancing new MixinPlatformAgentDefault for SecureJarResource(roughlyenoughitems)
[05set2026 17:08:59.271] [main/DEBUG] [mixin/]: MixinPlatformAgentDefault accepted container SecureJarResource(roughlyenoughitems)
[05set2026 17:08:59.271] [main/DEBUG] [mixin/]: Instancing new FMLMixinPlatformAgent for SecureJarResource(roughlyenoughitems)
[05set2026 17:08:59.271] [main/DEBUG] [mixin/]: FMLMixinPlatformAgent rejected container SecureJarResource(roughlyenoughitems)
[05set2026 17:08:59.271] [main/DEBUG] [mixin/]: Processing prepare() for PlatformAgent[MixinPlatformAgentDefault:SecureJarResource(roughlyenoughitems)]
[05set2026 17:08:59.271] [main/DEBUG] [mixin/]: Adding mixin platform agents for container SecureJarResource(cloth_config)
[05set2026 17:08:59.271] [main/DEBUG] [mixin/]: Instancing new MixinPlatformAgentMinecraftForge for SecureJarResource(cloth_config)
[05set2026 17:08:59.271] [main/DEBUG] [mixin/]: MixinPlatformAgentMinecraftForge rejected container SecureJarResource(cloth_config)
[05set2026 17:08:59.271] [main/DEBUG] [mixin/]: Instancing new MixinPlatformAgentDefault for SecureJarResource(cloth_config)
[05set2026 17:08:59.271] [main/DEBUG] [mixin/]: MixinPlatformAgentDefault accepted container SecureJarResource(cloth_config)
[05set2026 17:08:59.271] [main/DEBUG] [mixin/]: Instancing new FMLMixinPlatformAgent for SecureJarResource(cloth_config)
[05set2026 17:08:59.271] [main/DEBUG] [mixin/]: FMLMixinPlatformAgent rejected container SecureJarResource(cloth_config)
[05set2026 17:08:59.271] [main/DEBUG] [mixin/]: Processing prepare() for PlatformAgent[MixinPlatformAgentDefault:SecureJarResource(cloth_config)]
[05set2026 17:08:59.271] [main/DEBUG] [mixin/]: Adding mixin platform agents for container SecureJarResource(onlyhammers)
[05set2026 17:08:59.271] [main/DEBUG] [mixin/]: Instancing new MixinPlatformAgentMinecraftForge for SecureJarResource(onlyhammers)
[05set2026 17:08:59.271] [main/DEBUG] [mixin/]: MixinPlatformAgentMinecraftForge rejected container SecureJarResource(onlyhammers)
[05set2026 17:08:59.271] [main/DEBUG] [mixin/]: Instancing new MixinPlatformAgentDefault for SecureJarResource(onlyhammers)
[05set2026 17:08:59.271] [main/DEBUG] [mixin/]: MixinPlatformAgentDefault accepted container SecureJarResource(onlyhammers)
[05set2026 17:08:59.271] [main/DEBUG] [mixin/]: Instancing new FMLMixinPlatformAgent for SecureJarResource(onlyhammers)
[05set2026 17:08:59.271] [main/DEBUG] [mixin/]: FMLMixinPlatformAgent rejected container SecureJarResource(onlyhammers)
[05set2026 17:08:59.271] [main/DEBUG] [mixin/]: Processing prepare() for PlatformAgent[MixinPlatformAgentDefault:SecureJarResource(onlyhammers)]
[05set2026 17:08:59.271] [main/DEBUG] [mixin/]: Adding mixin platform agents for container SecureJarResource(architectury)
[05set2026 17:08:59.271] [main/DEBUG] [mixin/]: Instancing new MixinPlatformAgentMinecraftForge for SecureJarResource(architectury)
[05set2026 17:08:59.271] [main/DEBUG] [mixin/]: MixinPlatformAgentMinecraftForge rejected container SecureJarResource(architectury)
[05set2026 17:08:59.271] [main/DEBUG] [mixin/]: Instancing new MixinPlatformAgentDefault for SecureJarResource(architectury)
[05set2026 17:08:59.271] [main/DEBUG] [mixin/]: MixinPlatformAgentDefault accepted container SecureJarResource(architectury)
[05set2026 17:08:59.271] [main/DEBUG] [mixin/]: Instancing new FMLMixinPlatformAgent for SecureJarResource(architectury)
[05set2026 17:08:59.271] [main/DEBUG] [mixin/]: FMLMixinPlatformAgent rejected container SecureJarResource(architectury)
[05set2026 17:08:59.271] [main/DEBUG] [mixin/]: Processing prepare() for PlatformAgent[MixinPlatformAgentDefault:SecureJarResource(architectury)]
[05set2026 17:08:59.271] [main/DEBUG] [mixin/]: Adding mixin platform agents for container SecureJarResource(jei)
[05set2026 17:08:59.271] [main/DEBUG] [mixin/]: Instancing new MixinPlatformAgentMinecraftForge for SecureJarResource(jei)
[05set2026 17:08:59.271] [main/DEBUG] [mixin/]: MixinPlatformAgentMinecraftForge rejected container SecureJarResource(jei)
[05set2026 17:08:59.271] [main/DEBUG] [mixin/]: Instancing new MixinPlatformAgentDefault for SecureJarResource(jei)
[05set2026 17:08:59.271] [main/DEBUG] [mixin/]: MixinPlatformAgentDefault accepted container SecureJarResource(jei)
[05set2026 17:08:59.271] [main/DEBUG] [mixin/]: Instancing new FMLMixinPlatformAgent for SecureJarResource(jei)
[05set2026 17:08:59.271] [main/DEBUG] [mixin/]: FMLMixinPlatformAgent rejected container SecureJarResource(jei)
[05set2026 17:08:59.271] [main/DEBUG] [mixin/]: Processing prepare() for PlatformAgent[MixinPlatformAgentDefault:SecureJarResource(jei)]
[05set2026 17:08:59.271] [main/DEBUG] [mixin/]: Adding mixin platform agents for container SecureJarResource(mixinextras.neoforge)
[05set2026 17:08:59.271] [main/DEBUG] [mixin/]: Instancing new MixinPlatformAgentMinecraftForge for SecureJarResource(mixinextras.neoforge)
[05set2026 17:08:59.271] [main/DEBUG] [mixin/]: MixinPlatformAgentMinecraftForge rejected container SecureJarResource(mixinextras.neoforge)
[05set2026 17:08:59.271] [main/DEBUG] [mixin/]: Instancing new MixinPlatformAgentDefault for SecureJarResource(mixinextras.neoforge)
[05set2026 17:08:59.271] [main/DEBUG] [mixin/]: MixinPlatformAgentDefault accepted container SecureJarResource(mixinextras.neoforge)
[05set2026 17:08:59.271] [main/DEBUG] [mixin/]: Instancing new FMLMixinPlatformAgent for SecureJarResource(mixinextras.neoforge)
[05set2026 17:08:59.271] [main/DEBUG] [mixin/]: FMLMixinPlatformAgent rejected container SecureJarResource(mixinextras.neoforge)
[05set2026 17:08:59.271] [main/DEBUG] [mixin/]: Processing prepare() for PlatformAgent[MixinPlatformAgentDefault:SecureJarResource(mixinextras.neoforge)]
[05set2026 17:08:59.271] [main/DEBUG] [mixin/]: Registering mixin config: mixinextras.init.mixins.json source=SecureJarResource(mixinextras.neoforge)
[05set2026 17:08:59.272] [main/DEBUG] [mixin/]: inject() running with 10 agents
[05set2026 17:08:59.272] [main/DEBUG] [mixin/]: Processing inject() for PlatformAgent[MixinPlatformAgentDefault:ModLauncher Root Container(ModLauncher:4f56a0a2)]
[05set2026 17:08:59.272] [main/DEBUG] [mixin/]: Processing inject() for PlatformAgent[MixinPlatformAgentDefault:net.neoforged.fml.loading.mixin.FMLMixinContainerHandle@60737b23]
[05set2026 17:08:59.272] [main/DEBUG] [mixin/]: Processing inject() for PlatformAgent[FMLMixinPlatformAgent:null]
[05set2026 17:08:59.272] [main/DEBUG] [mixin/]: Processing inject() for PlatformAgent[MixinPlatformAgentDefault:SecureJarResource(mixin_synthetic)]
[05set2026 17:08:59.272] [main/DEBUG] [mixin/]: Processing inject() for PlatformAgent[MixinPlatformAgentDefault:SecureJarResource(minecraft)]
[05set2026 17:08:59.272] [main/DEBUG] [mixin/]: Processing inject() for PlatformAgent[MixinPlatformAgentDefault:SecureJarResource(roughlyenoughitems)]
[05set2026 17:08:59.272] [main/DEBUG] [mixin/]: Processing inject() for PlatformAgent[MixinPlatformAgentDefault:SecureJarResource(cloth_config)]
[05set2026 17:08:59.272] [main/DEBUG] [mixin/]: Processing inject() for PlatformAgent[MixinPlatformAgentDefault:SecureJarResource(onlyhammers)]
[05set2026 17:08:59.272] [main/DEBUG] [mixin/]: Processing inject() for PlatformAgent[MixinPlatformAgentDefault:SecureJarResource(architectury)]
[05set2026 17:08:59.272] [main/DEBUG] [mixin/]: Processing inject() for PlatformAgent[MixinPlatformAgentDefault:SecureJarResource(jei)]
[05set2026 17:08:59.272] [main/DEBUG] [mixin/]: Processing inject() for PlatformAgent[MixinPlatformAgentDefault:SecureJarResource(mixinextras.neoforge)]
[05set2026 17:08:59.272] [main/INFO] [cpw.mods.modlauncher.LaunchServiceHandler/MODLAUNCHER]: Launching target 'forgeclientuserdev' with arguments [--version, 21.0.167, --gameDir, ., --assetsDir, C:\Users\rosar\.gradle\caches\minecraft\assets\1.21, --assetIndex, asset-index]
[05set2026 17:08:59.349] [main/DEBUG] [mixin/]: Preparing mixins for MixinEnvironment[DEFAULT]
[05set2026 17:08:59.350] [main/DEBUG] [mixin/]: Selecting config rei.mixins.json
[05set2026 17:08:59.356] [main/DEBUG] [mixin/]: Selecting config onlyhammers.mixins.json
[05set2026 17:08:59.356] [main/WARN] [mixin/]: Reference map 'onlyhammers.refmap.json' for onlyhammers.mixins.json could not be read. If this is a development environment you can ignore this message
[05set2026 17:08:59.356] [main/DEBUG] [mixin/]: Selecting config architectury.mixins.json
[05set2026 17:08:59.363] [main/DEBUG] [mixin/]: Selecting config architectury-common.mixins.json
[05set2026 17:08:59.363] [main/DEBUG] [mixin/]: Selecting config neoforge.mixins.json
[05set2026 17:08:59.363] [main/DEBUG] [mixin/]: Selecting config mixinextras.init.mixins.json
[05set2026 17:08:59.421] [main/DEBUG] [MixinExtras|Service/]: com.llamalad7.mixinextras.service.MixinExtrasServiceImpl(version=0.3.5) is taking over from null
[05set2026 17:08:59.461] [main/DEBUG] [mixin/]: Registering new injector for @Inject with org.spongepowered.asm.mixin.injection.struct.CallbackInjectionInfo
[05set2026 17:08:59.463] [main/DEBUG] [mixin/]: Registering new injector for @ModifyArg with org.spongepowered.asm.mixin.injection.struct.ModifyArgInjectionInfo
[05set2026 17:08:59.464] [main/DEBUG] [mixin/]: Registering new injector for @ModifyArgs with org.spongepowered.asm.mixin.injection.struct.ModifyArgsInjectionInfo
[05set2026 17:08:59.465] [main/DEBUG] [mixin/]: Registering new injector for @Redirect with org.spongepowered.asm.mixin.injection.struct.RedirectInjectionInfo
[05set2026 17:08:59.467] [main/DEBUG] [mixin/]: Registering new injector for @ModifyVariable with org.spongepowered.asm.mixin.injection.struct.ModifyVariableInjectionInfo
[05set2026 17:08:59.468] [main/DEBUG] [mixin/]: Registering new injector for @ModifyConstant with org.spongepowered.asm.mixin.injection.struct.ModifyConstantInjectionInfo
[05set2026 17:08:59.481] [main/DEBUG] [mixin/]: Preparing rei.mixins.json (9)
[05set2026 17:08:59.516] [main/TRACE] [mixin/]: Added class metadata for net/minecraft/network/PacketEncoder to metadata cache
[05set2026 17:08:59.520] [main/TRACE] [mixin/]: Added class metadata for net/minecraft/tags/TagLoader to metadata cache
[05set2026 17:08:59.521] [main/TRACE] [mixin/]: Added class metadata for net/minecraft/tags/TagManager to metadata cache
[05set2026 17:08:59.532] [main/DEBUG] [net.neoforged.accesstransformer.AccessTransformer/AXFORM]: Transforming net.minecraft.client.multiplayer.ClientPacketListener FIELD commands to access PUBLIC and LEAVE
[05set2026 17:08:59.533] [main/DEBUG] [net.neoforged.fml.common.asm.RuntimeDistCleaner/DISTXFORM]: Removing Class Annotation: net/minecraft/client/multiplayer/ClientPacketListener @Lnet/neoforged/api/distmarker/OnlyIn;
[05set2026 17:08:59.551] [main/TRACE] [mixin/]: Added class metadata for net/minecraft/client/multiplayer/ClientPacketListener to metadata cache
[05set2026 17:08:59.553] [main/DEBUG] [net.neoforged.fml.common.asm.RuntimeDistCleaner/DISTXFORM]: Removing Class Annotation: net/minecraft/client/gui/screens/inventory/EffectRenderingInventoryScreen @Lnet/neoforged/api/distmarker/OnlyIn;
[05set2026 17:08:59.554] [main/TRACE] [mixin/]: Added class metadata for net/minecraft/client/gui/screens/inventory/EffectRenderingInventoryScreen to metadata cache
[05set2026 17:08:59.556] [main/DEBUG] [net.neoforged.fml.common.asm.RuntimeDistCleaner/DISTXFORM]: Removing Class Annotation: net/minecraft/client/gui/font/FontSet @Lnet/neoforged/api/distmarker/OnlyIn;
[05set2026 17:08:59.557] [main/TRACE] [mixin/]: Added class metadata for net/minecraft/client/gui/font/FontSet to metadata cache
[05set2026 17:08:59.557] [main/DEBUG] [net.neoforged.fml.common.asm.RuntimeDistCleaner/DISTXFORM]: Removing Class Annotation: com/mojang/blaze3d/platform/InputConstants @Lnet/neoforged/api/distmarker/OnlyIn;
[05set2026 17:08:59.560] [main/TRACE] [mixin/]: Added class metadata for com/mojang/blaze3d/platform/InputConstants to metadata cache
[05set2026 17:08:59.560] [main/DEBUG] [net.neoforged.fml.common.asm.RuntimeDistCleaner/DISTXFORM]: Removing Class Annotation: com/mojang/blaze3d/platform/InputConstants$Key @Lnet/neoforged/api/distmarker/OnlyIn;
[05set2026 17:08:59.560] [main/TRACE] [mixin/]: Added class metadata for com/mojang/blaze3d/platform/InputConstants$Key to metadata cache
[05set2026 17:08:59.560] [main/DEBUG] [net.neoforged.fml.common.asm.RuntimeDistCleaner/DISTXFORM]: Removing Class Annotation: net/minecraft/client/gui/components/toasts/RecipeToast @Lnet/neoforged/api/distmarker/OnlyIn;
[05set2026 17:08:59.561] [main/TRACE] [mixin/]: Added class metadata for net/minecraft/client/gui/components/toasts/RecipeToast to metadata cache
[05set2026 17:08:59.561] [main/DEBUG] [mixin/]: Preparing onlyhammers.mixins.json (1)
[05set2026 17:08:59.569] [main/DEBUG] [net.neoforged.accesstransformer.AccessTransformer/AXFORM]: Transforming net.minecraft.client.renderer.LevelRenderer METHOD shouldShowEntityOutlines()Z to access PUBLIC and LEAVE
[05set2026 17:08:59.570] [main/DEBUG] [net.neoforged.fml.common.asm.RuntimeDistCleaner/DISTXFORM]: Removing Class Annotation: net/minecraft/client/renderer/LevelRenderer @Lnet/neoforged/api/distmarker/OnlyIn;
[05set2026 17:08:59.581] [main/TRACE] [mixin/]: Added class metadata for net/minecraft/client/renderer/LevelRenderer to metadata cache
[05set2026 17:08:59.582] [main/DEBUG] [mixin/]: Preparing architectury.mixins.json (11)
[05set2026 17:08:59.588] [main/DEBUG] [net.neoforged.accesstransformer.AccessTransformer/AXFORM]: Transforming net.minecraft.world.item.BucketItem FIELD content to access PUBLIC and LEAVE
[05set2026 17:08:59.589] [main/TRACE] [mixin/]: Added class metadata for net/minecraft/world/item/BucketItem to metadata cache
[05set2026 17:08:59.589] [main/DEBUG] [net.neoforged.accesstransformer.AccessTransformer/AXFORM]: Transforming net.minecraft.world.level.block.LiquidBlock FIELD fluid to access PUBLIC and LEAVE
[05set2026 17:08:59.589] [main/DEBUG] [net.neoforged.accesstransformer.AccessTransformer/AXFORM]: Transforming net.minecraft.world.level.block.LiquidBlock METHOD <init>(Lnet/minecraft/world/level/material/FlowingFluid;Lnet/minecraft/world/level/block/state/BlockBehaviour$Properties;)V to access PUBLIC and LEAVE
[05set2026 17:08:59.590] [main/TRACE] [mixin/]: Added class metadata for net/minecraft/world/level/block/LiquidBlock to metadata cache
[05set2026 17:08:59.592] [main/TRACE] [mixin/]: Added class metadata for net/minecraft/world/level/chunk/storage/ChunkSerializer to metadata cache
[05set2026 17:08:59.593] [main/TRACE] [mixin/]: Added class metadata for net/minecraft/world/entity/item/FallingBlockEntity to metadata cache
[05set2026 17:08:59.594] [main/DEBUG] [net.neoforged.accesstransformer.AccessTransformer/AXFORM]: Transforming net.minecraft.world.entity.player.Inventory FIELD compartments to access PUBLIC and LEAVE
[05set2026 17:08:59.597] [main/TRACE] [mixin/]: Added class metadata for net/minecraft/world/entity/player/Inventory to metadata cache
[05set2026 17:08:59.598] [main/TRACE] [mixin/]: Added class metadata for dev/architectury/extensions/ItemExtension to metadata cache
[05set2026 17:08:59.599] [main/TRACE] [mixin/]: Added class metadata for net/neoforged/neoforge/event/level/LevelEvent to metadata cache
[05set2026 17:08:59.601] [main/DEBUG] [net.neoforged.accesstransformer.AccessTransformer/AXFORM]: Transforming net.minecraft.commands.CommandSourceStack FIELD source to access PUBLIC and LEAVE
[05set2026 17:08:59.602] [main/TRACE] [mixin/]: Added class metadata for net/minecraft/commands/CommandSourceStack to metadata cache
[05set2026 17:08:59.604] [main/DEBUG] [net.neoforged.accesstransformer.AccessTransformer/AXFORM]: Transforming net.minecraft.client.multiplayer.ClientLevel FIELD connection to access PUBLIC and LEAVE
[05set2026 17:08:59.605] [main/DEBUG] [net.neoforged.fml.common.asm.RuntimeDistCleaner/DISTXFORM]: Removing Class Annotation: net/minecraft/client/multiplayer/ClientLevel @Lnet/neoforged/api/distmarker/OnlyIn;
[05set2026 17:08:59.608] [main/TRACE] [mixin/]: Added class metadata for net/minecraft/client/multiplayer/ClientLevel to metadata cache
[05set2026 17:08:59.614] [main/DEBUG] [net.neoforged.accesstransformer.AccessTransformer/AXFORM]: Transforming net.minecraft.client.Minecraft FIELD pendingConnection to access PUBLIC and LEAVE
[05set2026 17:08:59.614] [main/DEBUG] [net.neoforged.fml.common.asm.RuntimeDistCleaner/DISTXFORM]: Removing Class Annotation: net/minecraft/client/Minecraft @Lnet/neoforged/api/distmarker/OnlyIn;
[05set2026 17:08:59.624] [main/TRACE] [mixin/]: Added class metadata for net/minecraft/client/Minecraft to metadata cache
[05set2026 17:08:59.624] [main/DEBUG] [mixin/]: Preparing architectury-common.mixins.json (9)
[05set2026 17:08:59.629] [main/DEBUG] [net.neoforged.accesstransformer.AccessTransformer/AXFORM]: Transforming net.minecraft.world.level.block.Block METHOD popExperience(Lnet/minecraft/server/level/ServerLevel;Lnet/minecraft/core/BlockPos;I)V to access PUBLIC and LEAVE
[05set2026 17:08:59.631] [main/TRACE] [mixin/]: Added class metadata for net/minecraft/world/level/block/Block to metadata cache
[05set2026 17:08:59.640] [main/DEBUG] [net.neoforged.coremod.transformer.CoreModBaseTransformer/COREMOD]: Transforming net/minecraft/world/entity/EntityType
[05set2026 17:08:59.890] [main/TRACE] [mixin/]: Added class metadata for net/minecraft/world/entity/EntityType to metadata cache
[05set2026 17:08:59.891] [main/TRACE] [mixin/]: Added class metadata for net/minecraft/world/level/material/Fluid to metadata cache
[05set2026 17:08:59.891] [main/TRACE] [mixin/]: Added class metadata for net/minecraft/world/food/FoodProperties$Builder to metadata cache
[05set2026 17:08:59.892] [main/DEBUG] [net.neoforged.accesstransformer.AccessTransformer/AXFORM]: Transforming net.minecraft.world.item.Item FIELD components to access PRIVATE and REMOVEFINAL
[05set2026 17:08:59.892] [main/DEBUG] [net.neoforged.accesstransformer.AccessTransformer/AXFORM]: Transforming net.minecraft.world.item.Item METHOD getPlayerPOVHitResult(Lnet/minecraft/world/level/Level;Lnet/minecraft/world/entity/player/Player;Lnet/minecraft/world/level/ClipContext$Fluid;)Lnet/minecraft/world/phys/BlockHitResult; to access PUBLIC and LEAVE
[05set2026 17:08:59.893] [main/TRACE] [mixin/]: Added class metadata for net/minecraft/world/item/Item to metadata cache
[05set2026 17:08:59.893] [main/TRACE] [mixin/]: Added class metadata for net/minecraft/world/item/Item$Properties to metadata cache
[05set2026 17:08:59.894] [main/TRACE] [mixin/]: Added class metadata for net/minecraft/world/entity/LightningBolt to metadata cache
[05set2026 17:08:59.894] [main/DEBUG] [mixin/]: Preparing neoforge.mixins.json (2)
[05set2026 17:08:59.898] [main/DEBUG] [net.neoforged.accesstransformer.AccessTransformer/AXFORM]: Transforming net.minecraft.world.level.block.entity.BlockEntityType INNERCLASS BlockEntitySupplier to access PUBLIC and LEAVE
[05set2026 17:08:59.900] [main/TRACE] [mixin/]: Added class metadata for net/minecraft/world/level/block/entity/BlockEntityType to metadata cache
[05set2026 17:08:59.902] [main/TRACE] [mixin/]: Added class metadata for net/minecraft/core/MappedRegistry to metadata cache
[05set2026 17:08:59.902] [main/DEBUG] [mixin/]: Preparing mixinextras.init.mixins.json (0)
[05set2026 17:08:59.918] [main/TRACE] [mixin/]: Added class metadata for java/lang/invoke/MethodHandles$Lookup to metadata cache
[05set2026 17:08:59.919] [main/TRACE] [mixin/]: Added class metadata for java/util/Map$Entry to metadata cache
[05set2026 17:08:59.919] [main/TRACE] [mixin/]: Added class metadata for me/shedaniel/rei/plugin/common/displays/tag/TagNodes$CollectionWrapper to metadata cache
[05set2026 17:08:59.921] [main/TRACE] [mixin/]: Added class metadata for me/shedaniel/rei/plugin/common/displays/tag/TagNodes$RawTagData to metadata cache
[05set2026 17:08:59.921] [main/TRACE] [mixin/]: Added class metadata for me/shedaniel/rei/plugin/common/displays/tag/TagNodes$TagData to metadata cache
[05set2026 17:08:59.921] [main/TRACE] [mixin/]: Added class metadata for net/minecraft/tags/TagLoader$EntryWithSource to metadata cache
[05set2026 17:08:59.922] [main/TRACE] [mixin/]: Added class metadata for net/minecraft/tags/TagEntry$Lookup to metadata cache
[05set2026 17:08:59.922] [main/TRACE] [mixin/]: Added class metadata for net/minecraft/core/RegistryAccess$RegistryEntry to metadata cache
[05set2026 17:08:59.922] [main/TRACE] [mixin/]: Added class metadata for net/minecraft/tags/TagManager$LoadResult to metadata cache
[05set2026 17:08:59.923] [main/TRACE] [mixin/]: Added class metadata for net/minecraft/core/RegistryAccess$Frozen to metadata cache
[05set2026 17:08:59.924] [main/DEBUG] [net.neoforged.accesstransformer.AccessTransformer/AXFORM]: Transforming net.minecraft.client.gui.screens.inventory.AbstractContainerScreen FIELD imageWidth to access PUBLIC and LEAVE
[05set2026 17:08:59.924] [main/DEBUG] [net.neoforged.accesstransformer.AccessTransformer/AXFORM]: Transforming net.minecraft.client.gui.screens.inventory.AbstractContainerScreen FIELD imageHeight to access PUBLIC and LEAVE
[05set2026 17:08:59.924] [main/DEBUG] [net.neoforged.accesstransformer.AccessTransformer/AXFORM]: Transforming net.minecraft.client.gui.screens.inventory.AbstractContainerScreen FIELD hoveredSlot to access PUBLIC and LEAVE
[05set2026 17:08:59.924] [main/DEBUG] [net.neoforged.accesstransformer.AccessTransformer/AXFORM]: Transforming net.minecraft.client.gui.screens.inventory.AbstractContainerScreen FIELD leftPos to access PUBLIC and LEAVE
[05set2026 17:08:59.924] [main/DEBUG] [net.neoforged.accesstransformer.AccessTransformer/AXFORM]: Transforming net.minecraft.client.gui.screens.inventory.AbstractContainerScreen FIELD topPos to access PUBLIC and LEAVE
[05set2026 17:08:59.924] [main/DEBUG] [net.neoforged.accesstransformer.AccessTransformer/AXFORM]: Transforming net.minecraft.client.gui.screens.inventory.AbstractContainerScreen FIELD draggingItem to access PUBLIC and REMOVEFINAL
[05set2026 17:08:59.924] [main/DEBUG] [net.neoforged.accesstransformer.AccessTransformer/AXFORM]: Transforming net.minecraft.client.gui.screens.inventory.AbstractContainerScreen FIELD isQuickCrafting to access PUBLIC and LEAVE
[05set2026 17:08:59.924] [main/DEBUG] [net.neoforged.fml.common.asm.RuntimeDistCleaner/DISTXFORM]: Removing Class Annotation: net/minecraft/client/gui/screens/inventory/AbstractContainerScreen @Lnet/neoforged/api/distmarker/OnlyIn;
[05set2026 17:08:59.928] [main/TRACE] [mixin/]: Added class metadata for net/minecraft/client/gui/screens/inventory/AbstractContainerScreen to metadata cache
[05set2026 17:08:59.930] [main/TRACE] [mixin/]: Added class metadata for net/minecraft/world/phys/HitResult$Type to metadata cache
[05set2026 17:08:59.930] [main/DEBUG] [net.neoforged.fml.common.asm.RuntimeDistCleaner/DISTXFORM]: Removing Class Annotation: net/minecraft/client/renderer/MultiBufferSource$BufferSource @Lnet/neoforged/api/distmarker/OnlyIn;
[05set2026 17:08:59.931] [main/TRACE] [mixin/]: Added class metadata for net/minecraft/client/renderer/MultiBufferSource$BufferSource to metadata cache
[05set2026 17:08:59.932] [main/TRACE] [mixin/]: Added class metadata for com/blocklegend001/onlyhammers/mixin/LevelRendererMixin$1 to metadata cache
[05set2026 17:08:59.932] [main/TRACE] [mixin/]: Added class metadata for net/minecraft/core/Direction$Axis to metadata cache
[05set2026 17:08:59.933] [main/TRACE] [mixin/]: Added class metadata for dev/architectury/event/events/common/PlayerEvent$FillBucket to metadata cache
[05set2026 17:08:59.938] [main/TRACE] [mixin/]: Added class metadata for net/neoforged/neoforge/event/level/ChunkDataEvent$Load to metadata cache
[05set2026 17:08:59.938] [main/TRACE] [mixin/]: Added class metadata for dev/architectury/event/forge/EventHandlerImplCommon$LevelEventAttachment to metadata cache
[05set2026 17:08:59.939] [main/TRACE] [mixin/]: Added class metadata for dev/architectury/event/events/common/BlockEvent$FallingLand to metadata cache
[05set2026 17:08:59.945] [main/DEBUG] [net.neoforged.accesstransformer.AccessTransformer/AXFORM]: Transforming net.minecraft.world.entity.Entity FIELD ENTITY_COUNTER to access PROTECTED and LEAVE
[05set2026 17:08:59.946] [main/DEBUG] [net.neoforged.accesstransformer.AccessTransformer/AXFORM]: Transforming net.minecraft.world.entity.Entity METHOD getEncodeId()Ljava/lang/String; to access PUBLIC and LEAVE
[05set2026 17:08:59.956] [main/TRACE] [mixin/]: Added class metadata for net/minecraft/world/entity/Entity to metadata cache
[05set2026 17:08:59.957] [main/TRACE] [mixin/]: Added class metadata for dev/architectury/event/events/client/ClientCommandRegistrationEvent$ClientCommandSourceStack to metadata cache
[05set2026 17:08:59.957] [main/DEBUG] [net.neoforged.fml.common.asm.RuntimeDistCleaner/DISTXFORM]: Removing Class Annotation: dev/architectury/event/events/client/ClientTickEvent$ClientLevel @Lnet/neoforged/api/distmarker/OnlyIn;
[05set2026 17:08:59.957] [main/TRACE] [mixin/]: Added class metadata for dev/architectury/event/events/client/ClientTickEvent$ClientLevel to metadata cache
[05set2026 17:08:59.959] [main/DEBUG] [net.neoforged.accesstransformer.AccessTransformer/AXFORM]: Transforming net.minecraft.world.level.Level FIELD oRainLevel to access PUBLIC and LEAVE
[05set2026 17:08:59.959] [main/DEBUG] [net.neoforged.accesstransformer.AccessTransformer/AXFORM]: Transforming net.minecraft.world.level.Level FIELD rainLevel to access PUBLIC and LEAVE
[05set2026 17:08:59.959] [main/DEBUG] [net.neoforged.accesstransformer.AccessTransformer/AXFORM]: Transforming net.minecraft.world.level.Level FIELD oThunderLevel to access PUBLIC and LEAVE
[05set2026 17:08:59.959] [main/DEBUG] [net.neoforged.accesstransformer.AccessTransformer/AXFORM]: Transforming net.minecraft.world.level.Level FIELD thunderLevel to access PUBLIC and LEAVE
[05set2026 17:08:59.961] [main/TRACE] [mixin/]: Added class metadata for net/minecraft/world/level/Level to metadata cache
[05set2026 17:08:59.962] [main/DEBUG] [net.neoforged.fml.common.asm.RuntimeDistCleaner/DISTXFORM]: Removing Class Annotation: dev/architectury/event/events/client/ClientLifecycleEvent$ClientState @Lnet/neoforged/api/distmarker/OnlyIn;
[05set2026 17:08:59.962] [main/TRACE] [mixin/]: Added class metadata for dev/architectury/event/events/client/ClientLifecycleEvent$ClientState to metadata cache
[05set2026 17:08:59.963] [main/TRACE] [mixin/]: Added class metadata for org/spongepowered/asm/mixin/injection/At$Shift to metadata cache
[05set2026 17:08:59.963] [main/TRACE] [mixin/]: Added class metadata for dev/architectury/event/events/common/LightningEvent$Strike to metadata cache
[05set2026 17:08:59.968] [main/DEBUG] [mixin/]: Prepared 32 mixins in 0,615 sec (19,2ms avg) (0ms load, 0ms transform, 0ms plugin)
[05set2026 17:08:59.970] [main/DEBUG] [net.neoforged.fml.common.asm.RuntimeDistCleaner/DISTXFORM]: Removing Class Annotation: net/minecraft/client/gui/screens/LoadingOverlay @Lnet/neoforged/api/distmarker/OnlyIn;
[05set2026 17:08:59.971] [main/DEBUG] [net.neoforged.fml.common.asm.RuntimeDistCleaner/DISTXFORM]: Removing Class Annotation: net/minecraft/client/gui/screens/Overlay @Lnet/neoforged/api/distmarker/OnlyIn;
[05set2026 17:08:59.971] [main/DEBUG] [net.neoforged.fml.common.asm.RuntimeDistCleaner/DISTXFORM]: Removing Class Annotation: net/minecraft/client/gui/components/Renderable @Lnet/neoforged/api/distmarker/OnlyIn;
[05set2026 17:08:59.973] [main/DEBUG] [net.neoforged.fml.common.asm.RuntimeDistCleaner/DISTXFORM]: Removing Class Annotation: net/minecraft/client/renderer/texture/AbstractTexture @Lnet/neoforged/api/distmarker/OnlyIn;
[05set2026 17:08:59.974] [main/DEBUG] [net.neoforged.fml.common.asm.RuntimeDistCleaner/DISTXFORM]: Removing Class Annotation: net/minecraft/client/gui/screens/LoadingOverlay$LogoTexture @Lnet/neoforged/api/distmarker/OnlyIn;
[05set2026 17:08:59.975] [main/DEBUG] [net.neoforged.fml.common.asm.RuntimeDistCleaner/DISTXFORM]: Removing Class Annotation: net/minecraft/client/renderer/texture/SimpleTexture @Lnet/neoforged/api/distmarker/OnlyIn;
[05set2026 17:08:59.976] [main/DEBUG] [net.neoforged.fml.common.asm.RuntimeDistCleaner/DISTXFORM]: Removing Class Annotation: com/mojang/blaze3d/vertex/VertexConsumer @Lnet/neoforged/api/distmarker/OnlyIn;
[05set2026 17:08:59.978] [main/DEBUG] [net.neoforged.accesstransformer.AccessTransformer/AXFORM]: Transforming net.minecraft.client.gui.GuiGraphics FIELD tooltipStack to access PUBLIC and LEAVE
[05set2026 17:08:59.978] [main/DEBUG] [net.neoforged.accesstransformer.AccessTransformer/AXFORM]: Transforming net.minecraft.client.gui.GuiGraphics METHOD innerBlit(Lnet/minecraft/resources/ResourceLocation;IIIIIFFFF)V to access PUBLIC and LEAVE
[05set2026 17:08:59.978] [main/DEBUG] [net.neoforged.accesstransformer.AccessTransformer/AXFORM]: Transforming net.minecraft.client.gui.GuiGraphics METHOD renderTooltipInternal(Lnet/minecraft/client/gui/Font;Ljava/util/List;IILnet/minecraft/client/gui/screens/inventory/tooltip/ClientTooltipPositioner;)V to access PUBLIC and LEAVE
[05set2026 17:08:59.993] [main/DEBUG] [net.neoforged.fml.common.asm.RuntimeDistCleaner/DISTXFORM]: Removing Class Annotation: net/minecraft/client/gui/GuiGraphics @Lnet/neoforged/api/distmarker/OnlyIn;
[05set2026 17:09:00.011] [main/DEBUG] [net.neoforged.accesstransformer.AccessTransformer/AXFORM]: Transforming net.minecraft.client.Minecraft FIELD pendingConnection to access PUBLIC and LEAVE
[05set2026 17:09:00.025] [main/INFO] [MixinExtras|Service/]: Initializing MixinExtras via com.llamalad7.mixinextras.service.MixinExtrasServiceImpl(version=0.3.5).
[05set2026 17:09:00.028] [main/DEBUG] [mixin/]: Registering new injector for @SugarWrapper with com.llamalad7.mixinextras.sugar.impl.SugarWrapperInjectionInfo
[05set2026 17:09:00.029] [main/DEBUG] [mixin/]: Registering new injector for @FactoryRedirectWrapper with com.llamalad7.mixinextras.wrapper.factory.FactoryRedirectWrapperInjectionInfo
[05set2026 17:09:00.038] [main/DEBUG] [mixin/]: Mixing MixinMinecraft from architectury.mixins.json into net.minecraft.client.Minecraft
[05set2026 17:09:00.042] [main/TRACE] [mixin/]: Added class metadata for net/minecraft/util/thread/ReentrantBlockableEventLoop to metadata cache
[05set2026 17:09:00.043] [main/DEBUG] [net.neoforged.accesstransformer.AccessTransformer/AXFORM]: Transforming net.minecraft.util.thread.BlockableEventLoop METHOD submitAsync(Ljava/lang/Runnable;)Ljava/util/concurrent/CompletableFuture; to access PUBLIC and LEAVE
[05set2026 17:09:00.044] [main/TRACE] [mixin/]: Added class metadata for net/minecraft/util/thread/BlockableEventLoop to metadata cache
[05set2026 17:09:00.044] [main/DEBUG] [mixin/]: architectury.mixins.json:MixinMinecraft from mod architectury: Class version 65 required is higher than the class version supported by the current version of Mixin (JAVA_16 supports class version 60)
[05set2026 17:09:00.077] [main/DEBUG] [net.neoforged.fml.common.asm.RuntimeDistCleaner/DISTXFORM]: Removing Class Annotation: dev/architectury/event/events/client/ClientLifecycleEvent @Lnet/neoforged/api/distmarker/OnlyIn;
[05set2026 17:09:00.077] [main/TRACE] [mixin/]: Added class metadata for dev/architectury/event/events/client/ClientLifecycleEvent to metadata cache
[05set2026 17:09:00.078] [main/TRACE] [mixin/]: Added class metadata for dev/architectury/event/Event to metadata cache
[05set2026 17:09:00.079] [main/TRACE] [mixin/]: Added class metadata for dev/architectury/event/events/common/LifecycleEvent$InstanceState to metadata cache
[05set2026 17:09:00.081] [main/TRACE] [mixin/]: Added class metadata for net/minecraft/util/profiling/metrics/ProfilerMeasured to metadata cache
[05set2026 17:09:00.081] [main/TRACE] [mixin/]: Added class metadata for java/util/concurrent/Executor to metadata cache
[05set2026 17:09:00.082] [main/TRACE] [mixin/]: Added class metadata for net/minecraft/util/thread/ProcessorHandle to metadata cache
[05set2026 17:09:00.082] [main/TRACE] [mixin/]: Added class metadata for java/lang/AutoCloseable to metadata cache
[05set2026 17:09:00.083] [main/TRACE] [mixin/]: Added class metadata for net/neoforged/neoforge/client/extensions/IMinecraftExtension to metadata cache
[05set2026 17:09:00.083] [main/DEBUG] [net.neoforged.fml.common.asm.RuntimeDistCleaner/DISTXFORM]: Removing Class Annotation: com/mojang/blaze3d/platform/WindowEventHandler @Lnet/neoforged/api/distmarker/OnlyIn;
[05set2026 17:09:00.083] [main/TRACE] [mixin/]: Added class metadata for com/mojang/blaze3d/platform/WindowEventHandler to metadata cache
[05set2026 17:09:00.088] [main/TRACE] [mixin/]: Added class metadata for org/spongepowered/asm/mixin/injection/callback/CallbackInfo to metadata cache
[05set2026 17:09:00.221] [main/DEBUG] [mixin/]: architectury.mixins.json:MixinMinecraft from mod architectury->@Inject::onStart(Lorg/spongepowered/asm/mixin/injection/callback/CallbackInfo;)V doesn't use it's CallbackInfo
[05set2026 17:09:00.221] [main/DEBUG] [mixin/]: architectury.mixins.json:MixinMinecraft from mod architectury->@Inject::onStart(Lorg/spongepowered/asm/mixin/injection/callback/CallbackInfo;)V has 0 override(s) in child classes
[05set2026 17:09:00.221] [main/DEBUG] [mixin/]: architectury.mixins.json:MixinMinecraft from mod architectury->@Inject::onStart(Lorg/spongepowered/asm/mixin/injection/callback/CallbackInfo;)V won't be passed a CallbackInfo as a result
[05set2026 17:09:00.221] [main/DEBUG] [mixin/]: architectury.mixins.json:MixinMinecraft from mod architectury->@Inject::onStopping(Lorg/spongepowered/asm/mixin/injection/callback/CallbackInfo;)V doesn't use it's CallbackInfo
[05set2026 17:09:00.221] [main/DEBUG] [mixin/]: architectury.mixins.json:MixinMinecraft from mod architectury->@Inject::onStopping(Lorg/spongepowered/asm/mixin/injection/callback/CallbackInfo;)V has 0 override(s) in child classes
[05set2026 17:09:00.221] [main/DEBUG] [mixin/]: architectury.mixins.json:MixinMinecraft from mod architectury->@Inject::onStopping(Lorg/spongepowered/asm/mixin/injection/callback/CallbackInfo;)V won't be passed a CallbackInfo as a result
[05set2026 17:09:00.226] [main/DEBUG] [net.neoforged.fml.common.asm.RuntimeDistCleaner/DISTXFORM]: Removing Class Annotation: net/minecraft/client/Minecraft @Lnet/neoforged/api/distmarker/OnlyIn;
[05set2026 17:09:00.229] [main/DEBUG] [net.neoforged.accesstransformer.AccessTransformer/AXFORM]: Transforming net.minecraft.util.thread.BlockableEventLoop METHOD submitAsync(Ljava/lang/Runnable;)Ljava/util/concurrent/CompletableFuture; to access PUBLIC and LEAVE
[05set2026 17:09:00.236] [main/DEBUG] [net.neoforged.fml.common.asm.RuntimeDistCleaner/DISTXFORM]: Removing Class Annotation: com/mojang/blaze3d/platform/WindowEventHandler @Lnet/neoforged/api/distmarker/OnlyIn;
[05set2026 17:09:00.239] [main/DEBUG] [net.neoforged.accesstransformer.AccessTransformer/AXFORM]: Transforming net.minecraft.client.gui.screens.Screen FIELD narratables to access PUBLIC and LEAVE
[05set2026 17:09:00.239] [main/DEBUG] [net.neoforged.accesstransformer.AccessTransformer/AXFORM]: Transforming net.minecraft.client.gui.screens.Screen FIELD renderables to access PUBLIC and LEAVE
[05set2026 17:09:00.239] [main/DEBUG] [net.neoforged.accesstransformer.AccessTransformer/AXFORM]: Transforming net.minecraft.client.gui.screens.Screen METHOD addRenderableWidget(Lnet/minecraft/client/gui/components/events/GuiEventListener;)Lnet/minecraft/client/gui/components/events/GuiEventListener; to access PUBLIC and LEAVE
[05set2026 17:09:00.239] [main/DEBUG] [net.neoforged.accesstransformer.AccessTransformer/AXFORM]: Transforming net.minecraft.client.gui.screens.Screen METHOD addRenderableOnly(Lnet/minecraft/client/gui/components/Renderable;)Lnet/minecraft/client/gui/components/Renderable; to access PUBLIC and LEAVE
[05set2026 17:09:00.239] [main/DEBUG] [net.neoforged.accesstransformer.AccessTransformer/AXFORM]: Transforming net.minecraft.client.gui.screens.Screen METHOD addWidget(Lnet/minecraft/client/gui/components/events/GuiEventListener;)Lnet/minecraft/client/gui/components/events/GuiEventListener; to access PUBLIC and LEAVE
[05set2026 17:09:00.239] [main/DEBUG] [net.neoforged.accesstransformer.AccessTransformer/AXFORM]: Transforming net.minecraft.client.gui.screens.Screen METHOD insertText(Ljava/lang/String;Z)V to access PUBLIC and LEAVE
[05set2026 17:09:00.239] [main/DEBUG] [net.neoforged.accesstransformer.AccessTransformer/AXFORM]: Transforming net.minecraft.client.gui.screens.Screen METHOD init(Lnet/minecraft/client/Minecraft;II)V to access PROTECTED and LEAVE
[05set2026 17:09:00.239] [main/DEBUG] [net.neoforged.accesstransformer.AccessTransformer/AXFORM]: Transforming net.minecraft.client.gui.screens.Screen METHOD init()V to access PUBLIC and LEAVE
[05set2026 17:09:00.239] [main/DEBUG] [net.neoforged.accesstransformer.AccessTransformer/AXFORM]: Transforming net.minecraft.client.gui.screens.Screen METHOD isValidCharacterForName(Ljava/lang/String;CI)Z to access PUBLIC and LEAVE
[05set2026 17:09:00.239] [main/DEBUG] [net.neoforged.fml.common.asm.RuntimeDistCleaner/DISTXFORM]: Removing Class Annotation: net/minecraft/client/gui/screens/Screen @Lnet/neoforged/api/distmarker/OnlyIn;
[05set2026 17:09:00.241] [main/DEBUG] [net.neoforged.fml.common.asm.RuntimeDistCleaner/DISTXFORM]: Removing Class Annotation: net/minecraft/client/gui/components/events/AbstractContainerEventHandler @Lnet/neoforged/api/distmarker/OnlyIn;
[05set2026 17:09:00.241] [main/DEBUG] [net.neoforged.fml.common.asm.RuntimeDistCleaner/DISTXFORM]: Removing Class Annotation: net/minecraft/client/gui/components/events/ContainerEventHandler @Lnet/neoforged/api/distmarker/OnlyIn;
[05set2026 17:09:00.242] [main/DEBUG] [net.neoforged.fml.common.asm.RuntimeDistCleaner/DISTXFORM]: Removing Class Annotation: net/minecraft/client/gui/components/events/GuiEventListener @Lnet/neoforged/api/distmarker/OnlyIn;
[05set2026 17:09:00.243] [main/DEBUG] [net.neoforged.fml.common.asm.RuntimeDistCleaner/DISTXFORM]: Removing Class Annotation: net/minecraft/client/gui/components/TabOrderedElement @Lnet/neoforged/api/distmarker/OnlyIn;
[05set2026 17:09:00.243] [main/DEBUG] [net.neoforged.fml.common.asm.RuntimeDistCleaner/DISTXFORM]: Removing Class Annotation: net/minecraft/client/gui/screens/DeathScreen @Lnet/neoforged/api/distmarker/OnlyIn;
[05set2026 17:09:00.244] [main/DEBUG] [net.neoforged.fml.common.asm.RuntimeDistCleaner/DISTXFORM]: Removing Class Annotation: net/minecraft/client/gui/screens/TitleScreen @Lnet/neoforged/api/distmarker/OnlyIn;
[05set2026 17:09:00.250] [main/DEBUG] [net.neoforged.fml.common.asm.RuntimeDistCleaner/DISTXFORM]: Removing Class Annotation: net/minecraft/client/multiplayer/ServerData @Lnet/neoforged/api/distmarker/OnlyIn;
[05set2026 17:09:00.258] [main/DEBUG] [net.neoforged.accesstransformer.AccessTransformer/AXFORM]: Transforming net.minecraft.world.entity.Entity FIELD ENTITY_COUNTER to access PROTECTED and LEAVE
[05set2026 17:09:00.258] [main/DEBUG] [net.neoforged.accesstransformer.AccessTransformer/AXFORM]: Transforming net.minecraft.world.entity.Entity METHOD getEncodeId()Ljava/lang/String; to access PUBLIC and LEAVE
[05set2026 17:09:00.269] [main/DEBUG] [net.neoforged.fml.common.asm.RuntimeDistCleaner/DISTXFORM]: Removing Class Annotation: com/mojang/blaze3d/platform/WindowEventHandler @Lnet/neoforged/api/distmarker/OnlyIn;
[05set2026 17:09:00.274] [main/DEBUG] [net.neoforged.accesstransformer.AccessTransformer/AXFORM]: Transforming net.minecraft.util.thread.BlockableEventLoop METHOD submitAsync(Ljava/lang/Runnable;)Ljava/util/concurrent/CompletableFuture; to access PUBLIC and LEAVE
[05set2026 17:09:00.629] [main/DEBUG] [io.netty.util.internal.logging.InternalLoggerFactory/]: Using SLF4J as the default logging framework
[05set2026 17:09:00.633] [main/DEBUG] [io.netty.util.ResourceLeakDetector/]: -Dio.netty.leakDetection.level: simple
[05set2026 17:09:00.633] [main/DEBUG] [io.netty.util.ResourceLeakDetector/]: -Dio.netty.leakDetection.targetRecords: 4
[05set2026 17:09:01.569] [main/DEBUG] [oshi.util.FileUtil/]: No oshi.properties file found from ClassLoader cpw.mods.modlauncher.TransformingClassLoader@6bccd036
[05set2026 17:09:01.854] [Datafixer Bootstrap/INFO] [com.mojang.datafixers.DataFixerBuilder/]: 229 Datafixer optimizations took 328 milliseconds
[05set2026 17:09:01.958] [main/DEBUG] [oshi.util.FileUtil/]: No oshi.architecture.properties file found from ClassLoader cpw.mods.modlauncher.TransformingClassLoader@6bccd036
[05set2026 17:09:02.047] [pool-11-thread-1/DEBUG] [mixin/]: Mixing MappedRegistryAccessor from neoforge.mixins.json into net.minecraft.core.MappedRegistry
[05set2026 17:09:02.048] [pool-11-thread-1/DEBUG] [mixin/]: neoforge.mixins.json:MappedRegistryAccessor from mod neoforge: Class version 65 required is higher than the class version supported by the current version of Mixin (JAVA_16 supports class version 60)
[05set2026 17:09:02.121] [pool-11-thread-1/DEBUG] [mixin/]: Mixing inject.MixinBlock from architectury-common.mixins.json into net.minecraft.world.level.block.Block
[05set2026 17:09:02.123] [pool-11-thread-1/DEBUG] [mixin/]: architectury-common.mixins.json:inject.MixinBlock from mod architectury: Class version 65 required is higher than the class version supported by the current version of Mixin (JAVA_16 supports class version 60)
[05set2026 17:09:02.374] [pool-11-thread-1/DEBUG] [mixin/]: Mixing neoforge.LiquidBlockAccessor from architectury.mixins.json into net.minecraft.world.level.block.LiquidBlock
[05set2026 17:09:02.374] [pool-11-thread-1/DEBUG] [mixin/]: architectury.mixins.json:neoforge.LiquidBlockAccessor from mod architectury: Class version 65 required is higher than the class version supported by the current version of Mixin (JAVA_16 supports class version 60)
[05set2026 17:09:02.374] [pool-11-thread-1/DEBUG] [mixin/]: Mixing inject.MixinLiquidBlock from architectury-common.mixins.json into net.minecraft.world.level.block.LiquidBlock
[05set2026 17:09:02.375] [pool-11-thread-1/DEBUG] [mixin/]: architectury-common.mixins.json:inject.MixinLiquidBlock from mod architectury: Class version 65 required is higher than the class version supported by the current version of Mixin (JAVA_16 supports class version 60)
[05set2026 17:09:02.517] [pool-11-thread-1/DEBUG] [net.neoforged.coremod.transformer.CoreModBaseTransformer/COREMOD]: Transforming net/minecraft/world/level/block/FlowerPotBlock
[05set2026 17:09:02.538] [pool-11-thread-1/DEBUG] [net.neoforged.coremod.transformer.CoreModBaseTransformer/COREMOD]: Transforming net/minecraft/world/entity/EntityType
[05set2026 17:09:02.575] [pool-11-thread-1/DEBUG] [mixin/]: Mixing inject.MixinEntityType from architectury-common.mixins.json into net.minecraft.world.entity.EntityType
[05set2026 17:09:02.576] [pool-11-thread-1/DEBUG] [mixin/]: architectury-common.mixins.json:inject.MixinEntityType from mod architectury: Class version 65 required is higher than the class version supported by the current version of Mixin (JAVA_16 supports class version 60)
[05set2026 17:09:02.641] [pool-11-thread-1/DEBUG] [mixin/]: Mixing inject.MixinFluid from architectury-common.mixins.json into net.minecraft.world.level.material.Fluid
[05set2026 17:09:02.641] [pool-11-thread-1/DEBUG] [mixin/]: architectury-common.mixins.json:inject.MixinFluid from mod architectury: Class version 65 required is higher than the class version supported by the current version of Mixin (JAVA_16 supports class version 60)
[05set2026 17:09:02.727] [pool-11-thread-1/DEBUG] [mixin/]: Mixing MixinFallingBlockEntity from architectury.mixins.json into net.minecraft.world.entity.item.FallingBlockEntity
[05set2026 17:09:02.727] [pool-11-thread-1/DEBUG] [mixin/]: architectury.mixins.json:MixinFallingBlockEntity from mod architectury: Class version 65 required is higher than the class version supported by the current version of Mixin (JAVA_16 supports class version 60)
[05set2026 17:09:02.747] [pool-11-thread-1/DEBUG] [mixin/]: architectury.mixins.json:MixinFallingBlockEntity from mod architectury->@Inject::handleLand(Lorg/spongepowered/asm/mixin/injection/callback/CallbackInfo;Lnet/minecraft/world/level/block/Block;Lnet/minecraft/core/BlockPos;ZZDLnet/minecraft/world/level/block/state/BlockState;)V doesn't use it's CallbackInfo
[05set2026 17:09:02.747] [pool-11-thread-1/DEBUG] [mixin/]: architectury.mixins.json:MixinFallingBlockEntity from mod architectury->@Inject::handleLand(Lorg/spongepowered/asm/mixin/injection/callback/CallbackInfo;Lnet/minecraft/world/level/block/Block;Lnet/minecraft/core/BlockPos;ZZDLnet/minecraft/world/level/block/state/BlockState;)V has 0 override(s) in child classes
[05set2026 17:09:02.748] [pool-11-thread-1/DEBUG] [mixin/]: architectury.mixins.json:MixinFallingBlockEntity from mod architectury->@Inject::handleLand(Lorg/spongepowered/asm/mixin/injection/callback/CallbackInfo;Lnet/minecraft/world/level/block/Block;Lnet/minecraft/core/BlockPos;ZZDLnet/minecraft/world/level/block/state/BlockState;)V won't be passed a CallbackInfo as a result
[05set2026 17:09:03.126] [pool-11-thread-1/DEBUG] [mixin/]: Mixing BlockEntityTypeAccessor from neoforge.mixins.json into net.minecraft.world.level.block.entity.BlockEntityType
[05set2026 17:09:03.126] [pool-11-thread-1/DEBUG] [mixin/]: neoforge.mixins.json:BlockEntityTypeAccessor from mod neoforge: Class version 65 required is higher than the class version supported by the current version of Mixin (JAVA_16 supports class version 60)
[05set2026 17:09:03.412] [pool-11-thread-1/DEBUG] [net.neoforged.coremod.transformer.CoreModBaseTransformer/COREMOD]: Transforming net/minecraft/world/level/biome/Biome
[05set2026 17:09:04.101] [pool-11-thread-1/DEBUG] [net.neoforged.coremod.transformer.CoreModBaseTransformer/COREMOD]: Transforming net/minecraft/world/entity/animal/frog/Tadpole
[05set2026 17:09:04.791] [pool-11-thread-1/DEBUG] [mixin/]: Mixing inject.MixinItem from architectury-common.mixins.json into net.minecraft.world.item.Item
[05set2026 17:09:04.791] [pool-11-thread-1/DEBUG] [mixin/]: architectury-common.mixins.json:inject.MixinItem from mod architectury: Class version 65 required is higher than the class version supported by the current version of Mixin (JAVA_16 supports class version 60)
[05set2026 17:09:04.803] [pool-11-thread-1/DEBUG] [mixin/]: architectury-common.mixins.json:inject.MixinItem from mod architectury->@Inject::init(Lnet/minecraft/world/item/Item$Properties;Lorg/spongepowered/asm/mixin/injection/callback/CallbackInfo;)V doesn't use it's CallbackInfo
[05set2026 17:09:04.804] [pool-11-thread-1/DEBUG] [mixin/]: architectury-common.mixins.json:inject.MixinItem from mod architectury->@Inject::init(Lnet/minecraft/world/item/Item$Properties;Lorg/spongepowered/asm/mixin/injection/callback/CallbackInfo;)V has 0 override(s) in child classes
[05set2026 17:09:04.804] [pool-11-thread-1/DEBUG] [mixin/]: architectury-common.mixins.json:inject.MixinItem from mod architectury->@Inject::init(Lnet/minecraft/world/item/Item$Properties;Lorg/spongepowered/asm/mixin/injection/callback/CallbackInfo;)V won't be passed a CallbackInfo as a result
[05set2026 17:09:04.828] [pool-11-thread-1/DEBUG] [mixin/]: Mixing neoforge.MixinBucketItem from architectury.mixins.json into net.minecraft.world.item.BucketItem
[05set2026 17:09:04.829] [pool-11-thread-1/DEBUG] [mixin/]: architectury.mixins.json:neoforge.MixinBucketItem from mod architectury: Class version 65 required is higher than the class version supported by the current version of Mixin (JAVA_16 supports class version 60)
[05set2026 17:09:04.832] [pool-11-thread-1/DEBUG] [mixin/]: Mixing neoforge.BucketItemAccessor from architectury.mixins.json into net.minecraft.world.item.BucketItem
[05set2026 17:09:04.833] [pool-11-thread-1/DEBUG] [mixin/]: architectury.mixins.json:neoforge.BucketItemAccessor from mod architectury: Class version 65 required is higher than the class version supported by the current version of Mixin (JAVA_16 supports class version 60)
[05set2026 17:09:04.833] [pool-11-thread-1/DEBUG] [mixin/]: Mixing inject.MixinBucketItem from architectury-common.mixins.json into net.minecraft.world.item.BucketItem
[05set2026 17:09:04.833] [pool-11-thread-1/DEBUG] [mixin/]: architectury-common.mixins.json:inject.MixinBucketItem from mod architectury: Class version 65 required is higher than the class version supported by the current version of Mixin (JAVA_16 supports class version 60)
[05set2026 17:09:04.871] [pool-11-thread-1/DEBUG] [mixin/]: architectury.mixins.json:neoforge.MixinBucketItem from mod architectury->@Inject::fillBucket(Lnet/minecraft/world/level/Level;Lnet/minecraft/world/entity/player/Player;Lnet/minecraft/world/InteractionHand;Lorg/spongepowered/asm/mixin/injection/callback/CallbackInfoReturnable;Lnet/minecraft/world/item/ItemStack;Lnet/minecraft/world/phys/BlockHitResult;)V does use it's CallbackInfoReturnable
[05set2026 17:09:04.930] [pool-11-thread-1/DEBUG] [mixin/]: Mixing inject.MixinItemProperties from architectury-common.mixins.json into net.minecraft.world.item.Item$Properties
[05set2026 17:09:04.931] [pool-11-thread-1/DEBUG] [mixin/]: architectury-common.mixins.json:inject.MixinItemProperties from mod architectury: Class version 65 required is higher than the class version supported by the current version of Mixin (JAVA_16 supports class version 60)
[05set2026 17:09:05.007] [pool-11-thread-1/DEBUG] [io.netty.util.internal.PlatformDependent0/]: -Dio.netty.noUnsafe: false
[05set2026 17:09:05.007] [pool-11-thread-1/DEBUG] [io.netty.util.internal.PlatformDependent0/]: Java version: 21
[05set2026 17:09:05.007] [pool-11-thread-1/DEBUG] [io.netty.util.internal.PlatformDependent0/]: sun.misc.Unsafe.theUnsafe: available
[05set2026 17:09:05.008] [pool-11-thread-1/DEBUG] [io.netty.util.internal.PlatformDependent0/]: sun.misc.Unsafe.copyMemory: available
[05set2026 17:09:05.008] [pool-11-thread-1/DEBUG] [io.netty.util.internal.PlatformDependent0/]: sun.misc.Unsafe.storeFence: available
[05set2026 17:09:05.008] [pool-11-thread-1/DEBUG] [io.netty.util.internal.PlatformDependent0/]: java.nio.Buffer.address: available
[05set2026 17:09:05.009] [pool-11-thread-1/DEBUG] [io.netty.util.internal.PlatformDependent0/]: java.nio.Bits.unaligned: available, true
[05set2026 17:09:05.010] [pool-11-thread-1/DEBUG] [io.netty.util.internal.PlatformDependent0/]: java.nio.DirectByteBuffer.<init>(long, {int,long}): unavailable
[05set2026 17:09:05.011] [pool-11-thread-1/DEBUG] [io.netty.util.internal.PlatformDependent/]: sun.misc.Unsafe: available
[05set2026 17:09:05.011] [pool-11-thread-1/DEBUG] [io.netty.util.internal.PlatformDependent/]: maxDirectMemory: 8514437120 bytes (maybe)
[05set2026 17:09:05.012] [pool-11-thread-1/DEBUG] [io.netty.util.internal.PlatformDependent/]: -Dio.netty.tmpdir: C:\Users\rosar\AppData\Local\Temp (java.io.tmpdir)
[05set2026 17:09:05.012] [pool-11-thread-1/DEBUG] [io.netty.util.internal.PlatformDependent/]: -Dio.netty.bitMode: 64 (sun.arch.data.model)
[05set2026 17:09:05.012] [pool-11-thread-1/DEBUG] [io.netty.util.internal.PlatformDependent/]: Platform: Windows
[05set2026 17:09:05.012] [pool-11-thread-1/DEBUG] [io.netty.util.internal.PlatformDependent/]: -Dio.netty.maxDirectMemory: -1 bytes
[05set2026 17:09:05.013] [pool-11-thread-1/DEBUG] [io.netty.util.internal.PlatformDependent/]: -Dio.netty.uninitializedArrayAllocationThreshold: -1
[05set2026 17:09:05.014] [pool-11-thread-1/DEBUG] [io.netty.util.internal.CleanerJava9/]: java.nio.ByteBuffer.cleaner(): available
[05set2026 17:09:05.015] [pool-11-thread-1/DEBUG] [io.netty.util.internal.PlatformDependent/]: -Dio.netty.noPreferDirect: false
[05set2026 17:09:05.354] [pool-11-thread-1/DEBUG] [net.neoforged.coremod.transformer.CoreModBaseTransformer/COREMOD]: Transforming net/minecraft/world/entity/monster/Spider
[05set2026 17:09:05.407] [pool-11-thread-1/DEBUG] [net.neoforged.coremod.transformer.CoreModBaseTransformer/COREMOD]: Transforming net/minecraft/world/entity/monster/Zombie
[05set2026 17:09:05.432] [pool-11-thread-1/DEBUG] [net.neoforged.coremod.transformer.CoreModBaseTransformer/COREMOD]: Transforming net/minecraft/world/entity/monster/ZombieVillager
[05set2026 17:09:05.548] [pool-11-thread-1/DEBUG] [net.neoforged.coremod.transformer.CoreModBaseTransformer/COREMOD]: Transforming net/minecraft/world/entity/monster/Evoker$EvokerSummonSpellGoal
[05set2026 17:09:05.609] [pool-11-thread-1/DEBUG] [mixin/]: Mixing MixinLightningBolt from architectury-common.mixins.json into net.minecraft.world.entity.LightningBolt
[05set2026 17:09:05.609] [pool-11-thread-1/DEBUG] [mixin/]: architectury-common.mixins.json:MixinLightningBolt from mod architectury: Class version 65 required is higher than the class version supported by the current version of Mixin (JAVA_16 supports class version 60)
[05set2026 17:09:05.618] [pool-11-thread-1/DEBUG] [mixin/]: architectury-common.mixins.json:MixinLightningBolt from mod architectury->@Inject::handleLightning(Lorg/spongepowered/asm/mixin/injection/callback/CallbackInfo;Ljava/util/List;)V doesn't use it's CallbackInfo
[05set2026 17:09:05.618] [pool-11-thread-1/DEBUG] [mixin/]: architectury-common.mixins.json:MixinLightningBolt from mod architectury->@Inject::handleLightning(Lorg/spongepowered/asm/mixin/injection/callback/CallbackInfo;Ljava/util/List;)V has 0 override(s) in child classes
[05set2026 17:09:05.618] [pool-11-thread-1/DEBUG] [mixin/]: architectury-common.mixins.json:MixinLightningBolt from mod architectury->@Inject::handleLightning(Lorg/spongepowered/asm/mixin/injection/callback/CallbackInfo;Ljava/util/List;)V won't be passed a CallbackInfo as a result
[05set2026 17:09:05.679] [pool-11-thread-1/DEBUG] [net.neoforged.coremod.transformer.CoreModBaseTransformer/COREMOD]: Transforming net/minecraft/world/entity/animal/horse/SkeletonTrapGoal
[05set2026 17:09:05.691] [pool-11-thread-1/DEBUG] [net.neoforged.coremod.transformer.CoreModBaseTransformer/COREMOD]: Transforming net/minecraft/world/entity/monster/Strider
[05set2026 17:09:05.719] [pool-11-thread-1/DEBUG] [net.neoforged.coremod.transformer.CoreModBaseTransformer/COREMOD]: Transforming net/minecraft/world/entity/npc/Villager
[05set2026 17:09:05.820] [pool-11-thread-1/DEBUG] [mixin/]: Mixing inject.MixinFoodPropertiesBuilder from architectury-common.mixins.json into net.minecraft.world.food.FoodProperties$Builder
[05set2026 17:09:05.821] [pool-11-thread-1/DEBUG] [mixin/]: architectury-common.mixins.json:inject.MixinFoodPropertiesBuilder from mod architectury: Class version 65 required is higher than the class version supported by the current version of Mixin (JAVA_16 supports class version 60)
[05set2026 17:09:06.293] [pool-11-thread-1/DEBUG] [mixin/]: Mixing MixinInventory from architectury.mixins.json into net.minecraft.world.entity.player.Inventory
[05set2026 17:09:06.293] [pool-11-thread-1/DEBUG] [mixin/]: architectury.mixins.json:MixinInventory from mod architectury: Class version 65 required is higher than the class version supported by the current version of Mixin (JAVA_16 supports class version 60)
[05set2026 17:09:06.299] [pool-11-thread-1/DEBUG] [mixin/]: architectury.mixins.json:MixinInventory from mod architectury->@Inject::updateItems(Lorg/spongepowered/asm/mixin/injection/callback/CallbackInfo;)V doesn't use it's CallbackInfo
[05set2026 17:09:06.299] [pool-11-thread-1/DEBUG] [mixin/]: architectury.mixins.json:MixinInventory from mod architectury->@Inject::updateItems(Lorg/spongepowered/asm/mixin/injection/callback/CallbackInfo;)V has 0 override(s) in child classes
[05set2026 17:09:06.300] [pool-11-thread-1/DEBUG] [mixin/]: architectury.mixins.json:MixinInventory from mod architectury->@Inject::updateItems(Lorg/spongepowered/asm/mixin/injection/callback/CallbackInfo;)V won't be passed a CallbackInfo as a result
[05set2026 17:09:06.730] [pool-11-thread-1/DEBUG] [net.neoforged.coremod.transformer.CoreModBaseTransformer/COREMOD]: Transforming net/minecraft/world/level/levelgen/structure/Structure
[05set2026 17:09:06.753] [pool-11-thread-1/DEBUG] [net.neoforged.coremod.transformer.CoreModBaseTransformer/COREMOD]: Transforming net/minecraft/world/level/levelgen/structure/structures/OceanRuinPieces$OceanRuinPiece
[05set2026 17:09:06.761] [pool-11-thread-1/DEBUG] [net.neoforged.coremod.transformer.CoreModBaseTransformer/COREMOD]: Transforming net/minecraft/world/level/levelgen/structure/structures/SwampHutPiece
[05set2026 17:09:06.765] [pool-11-thread-1/DEBUG] [net.neoforged.coremod.transformer.CoreModBaseTransformer/COREMOD]: Transforming net/minecraft/world/level/levelgen/structure/structures/OceanMonumentPieces$OceanMonumentPiece
[05set2026 17:09:06.776] [pool-11-thread-1/DEBUG] [net.neoforged.coremod.transformer.CoreModBaseTransformer/COREMOD]: Transforming net/minecraft/world/level/levelgen/structure/structures/WoodlandMansionPieces$WoodlandMansionPiece
[05set2026 17:09:07.365] [pool-11-thread-1/DEBUG] [net.neoforged.neoforge.registries.GameData/REGISTRIES]: Creating vanilla freeze snapshot
[05set2026 17:09:07.416] [pool-11-thread-1/DEBUG] [net.neoforged.neoforge.registries.GameData/REGISTRIES]: Vanilla freeze snapshot created
[05set2026 17:09:07.531] [main/DEBUG] [mixin/]: Mixing MixinLevelEvent from architectury.mixins.json into net.neoforged.neoforge.event.level.LevelEvent
[05set2026 17:09:07.531] [main/DEBUG] [mixin/]: architectury.mixins.json:MixinLevelEvent from mod architectury: Class version 65 required is higher than the class version supported by the current version of Mixin (JAVA_16 supports class version 60)
[05set2026 17:09:07.829] [main/DEBUG] [mixin/]: Mixing client.MixinCommandSourceStack from architectury.mixins.json into net.minecraft.commands.CommandSourceStack
[05set2026 17:09:07.829] [main/DEBUG] [mixin/]: architectury.mixins.json:client.MixinCommandSourceStack from mod architectury: Class version 65 required is higher than the class version supported by the current version of Mixin (JAVA_16 supports class version 60)
[05set2026 17:09:07.939] [main/DEBUG] [net.neoforged.coremod.transformer.CoreModBaseTransformer/COREMOD]: Transforming net/minecraft/server/commands/SummonCommand
[05set2026 17:09:08.017] [main/DEBUG] [net.neoforged.coremod.transformer.CoreModBaseTransformer/COREMOD]: Transforming net/minecraft/server/commands/RaidCommand
[05set2026 17:09:08.062] [main/WARN] [net.minecraft.commands.Commands/]: Ambiguity between arguments [teleport, location] and [teleport, destination] with inputs: [0.1 -0.5 .9, 0 0 0]
[05set2026 17:09:08.064] [main/WARN] [net.minecraft.commands.Commands/]: Ambiguity between arguments [teleport, location] and [teleport, targets] with inputs: [0.1 -0.5 .9, 0 0 0]
[05set2026 17:09:08.066] [main/WARN] [net.minecraft.commands.Commands/]: Ambiguity between arguments [teleport, destination] and [teleport, targets] with inputs: [Player, 0123, @e, dd12be42-52a9-4a91-a8a1-11c01849e498]
[05set2026 17:09:08.067] [main/WARN] [net.minecraft.commands.Commands/]: Ambiguity between arguments [teleport, targets] and [teleport, destination] with inputs: [Player, 0123, dd12be42-52a9-4a91-a8a1-11c01849e498]
[05set2026 17:09:08.068] [main/WARN] [net.minecraft.commands.Commands/]: Ambiguity between arguments [teleport, targets, location] and [teleport, targets, destination] with inputs: [0.1 -0.5 .9, 0 0 0]
[05set2026 17:09:08.100] [Render thread/DEBUG] [mixin/]: Mixing MixinClientLevel from architectury.mixins.json into net.minecraft.client.multiplayer.ClientLevel
[05set2026 17:09:08.100] [Render thread/DEBUG] [mixin/]: architectury.mixins.json:MixinClientLevel from mod architectury: Class version 65 required is higher than the class version supported by the current version of Mixin (JAVA_16 supports class version 60)
[05set2026 17:09:08.117] [Render thread/DEBUG] [mixin/]: architectury.mixins.json:MixinClientLevel from mod architectury->@Inject::tickEntities(Lorg/spongepowered/asm/mixin/injection/callback/CallbackInfo;)V doesn't use it's CallbackInfo
[05set2026 17:09:08.118] [Render thread/DEBUG] [mixin/]: architectury.mixins.json:MixinClientLevel from mod architectury->@Inject::tickEntities(Lorg/spongepowered/asm/mixin/injection/callback/CallbackInfo;)V has 0 override(s) in child classes
[05set2026 17:09:08.118] [Render thread/DEBUG] [mixin/]: architectury.mixins.json:MixinClientLevel from mod architectury->@Inject::tickEntities(Lorg/spongepowered/asm/mixin/injection/callback/CallbackInfo;)V won't be passed a CallbackInfo as a result
[05set2026 17:09:08.118] [Render thread/DEBUG] [mixin/]: architectury.mixins.json:MixinClientLevel from mod architectury->@Inject::tickEntitiesPost(Lorg/spongepowered/asm/mixin/injection/callback/CallbackInfo;)V doesn't use it's CallbackInfo
[05set2026 17:09:08.118] [Render thread/DEBUG] [mixin/]: architectury.mixins.json:MixinClientLevel from mod architectury->@Inject::tickEntitiesPost(Lorg/spongepowered/asm/mixin/injection/callback/CallbackInfo;)V has 0 override(s) in child classes
[05set2026 17:09:08.118] [Render thread/DEBUG] [mixin/]: architectury.mixins.json:MixinClientLevel from mod architectury->@Inject::tickEntitiesPost(Lorg/spongepowered/asm/mixin/injection/callback/CallbackInfo;)V won't be passed a CallbackInfo as a result
[05set2026 17:09:08.145] [Render thread/DEBUG] [mixin/]: Mixing MixinEffectRenderingInventoryScreen from rei.mixins.json into net.minecraft.client.gui.screens.inventory.EffectRenderingInventoryScreen
[05set2026 17:09:08.147] [Render thread/DEBUG] [mixin/]: rei.mixins.json:MixinEffectRenderingInventoryScreen from mod roughlyenoughitems: Class version 65 required is higher than the class version supported by the current version of Mixin (JAVA_8 supports class version 52)
[05set2026 17:09:08.283] [Render thread/WARN] [net.minecraft.server.packs.VanillaPackResourcesBuilder/]: Assets URL 'union:/D:/Programmazione/Mod/Only%20Hammers/NEOFORGE/1.21/.gradle/repositories/ng_dummy_ng/net/neoforged/neoforge/21.0.167/neoforge-21.0.167.jar%23189!/assets/.mcassetsroot' uses unexpected schema
[05set2026 17:09:08.284] [Render thread/WARN] [net.minecraft.server.packs.VanillaPackResourcesBuilder/]: Assets URL 'union:/D:/Programmazione/Mod/Only%20Hammers/NEOFORGE/1.21/.gradle/repositories/ng_dummy_ng/net/neoforged/neoforge/21.0.167/neoforge-21.0.167.jar%23189!/data/.mcassetsroot' uses unexpected schema
[05set2026 17:09:08.338] [Render thread/INFO] [com.mojang.authlib.yggdrasil.YggdrasilAuthenticationService/]: Environment: Environment[sessionHost=https://sessionserver.mojang.com, servicesHost=https://api.minecraftservices.com, name=PROD]
[05set2026 17:09:08.350] [Render thread/INFO] [net.minecraft.client.Minecraft/]: Setting user: Dev
[05set2026 17:09:08.437] [Render thread/DEBUG] [mixin/]: Mixing MixinInputConstantsKey from rei.mixins.json into com.mojang.blaze3d.platform.InputConstants$Key
[05set2026 17:09:08.437] [Render thread/DEBUG] [mixin/]: rei.mixins.json:MixinInputConstantsKey from mod roughlyenoughitems: Class version 65 required is higher than the class version supported by the current version of Mixin (JAVA_8 supports class version 52)
[05set2026 17:09:08.441] [Render thread/DEBUG] [mixin/]: rei.mixins.json:MixinInputConstantsKey from mod roughlyenoughitems->@Inject::getDisplayName(Lorg/spongepowered/asm/mixin/injection/callback/CallbackInfoReturnable;)V does use it's CallbackInfoReturnable
[05set2026 17:09:08.449] [Render thread/DEBUG] [mixin/]: Mixing MixinInputConstants from rei.mixins.json into com.mojang.blaze3d.platform.InputConstants
[05set2026 17:09:08.449] [Render thread/DEBUG] [mixin/]: rei.mixins.json:MixinInputConstants from mod roughlyenoughitems: Class version 65 required is higher than the class version supported by the current version of Mixin (JAVA_8 supports class version 52)
[05set2026 17:09:08.451] [Render thread/DEBUG] [mixin/]: rei.mixins.json:MixinInputConstants from mod roughlyenoughitems->@Inject::isKeyDown(JILorg/spongepowered/asm/mixin/injection/callback/CallbackInfoReturnable;)V does use it's CallbackInfoReturnable
[05set2026 17:09:08.574] [Render thread/INFO] [net.minecraft.client.Minecraft/]: Backend library: LWJGL version 3.3.3+5
[05set2026 17:09:08.856] [Render thread/DEBUG] [net.neoforged.fml.ModWorkManager/LOADING]: Using 16 threads for parallel mod-loading
[05set2026 17:09:08.920] [Render thread/DEBUG] [net.neoforged.fml.javafmlmod.FMLModContainer/LOADING]: Creating FMLModContainer instance for [me.shedaniel.rei.forge.RoughlyEnoughItemsForge]
[05set2026 17:09:08.931] [Render thread/DEBUG] [net.neoforged.fml.javafmlmod.FMLModContainer/LOADING]: Creating FMLModContainer instance for [me.shedaniel.clothconfig.ClothConfigForge]
[05set2026 17:09:08.932] [Render thread/DEBUG] [net.neoforged.fml.javafmlmod.FMLModContainer/LOADING]: Creating FMLModContainer instance for [com.blocklegend001.onlyhammers.OnlyHammers]
[05set2026 17:09:08.936] [Render thread/DEBUG] [net.neoforged.fml.javafmlmod.FMLModContainer/LOADING]: Creating FMLModContainer instance for [dev.architectury.neoforge.ArchitecturyNeoForge]
[05set2026 17:09:08.940] [Render thread/DEBUG] [net.neoforged.fml.javafmlmod.FMLModContainer/LOADING]: Creating FMLModContainer instance for [net.neoforged.neoforge.common.NeoForgeMod, net.neoforged.neoforge.client.ClientNeoForgeMod]
[05set2026 17:09:08.947] [Render thread/DEBUG] [net.neoforged.fml.javafmlmod.FMLModContainer/LOADING]: Creating FMLModContainer instance for [mezz.jei.neoforge.JustEnoughItems]
[05set2026 17:09:08.978] [modloading-worker-0/DEBUG] [net.neoforged.fml.javafmlmod.AutomaticEventSubscriber/LOADING]: Attempting to inject @EventBusSubscriber classes into the eventbus for cloth_config
[05set2026 17:09:09.086] [modloading-worker-0/DEBUG] [net.neoforged.fml.javafmlmod.AutomaticEventSubscriber/LOADING]: Attempting to inject @EventBusSubscriber classes into the eventbus for onlyhammers
[05set2026 17:09:09.089] [modloading-worker-0/DEBUG] [net.neoforged.fml.config.ConfigTracker/CONFIG]: Config file jei-server.toml for jei tracking
[05set2026 17:09:09.089] [modloading-worker-0/DEBUG] [net.neoforged.fml.javafmlmod.AutomaticEventSubscriber/LOADING]: Auto-subscribing com.blocklegend001.onlyhammers.datagen.DataGenerators to MOD
[05set2026 17:09:09.095] [modloading-worker-0/DEBUG] [net.neoforged.neoforge.internal.versions.neoforge.NeoForgeVersion/CORE]: Found NeoForge version 21.0.167
[05set2026 17:09:09.096] [modloading-worker-0/DEBUG] [net.neoforged.neoforge.internal.versions.neoforge.NeoForgeVersion/CORE]: Found FML version 4.0.23
[05set2026 17:09:09.096] [modloading-worker-0/INFO] [net.neoforged.neoforge.common.NeoForgeMod/NEOFORGE-MOD]: NeoForge mod loading, version 21.0.167, for MC 1.21
[05set2026 17:09:09.100] [modloading-worker-0/DEBUG] [net.neoforged.fml.javafmlmod.AutomaticEventSubscriber/LOADING]: Auto-subscribing com.blocklegend001.onlyhammers.event.KeyBindingEvents to GAME
[05set2026 17:09:09.106] [modloading-worker-0/DEBUG] [net.neoforged.fml.javafmlmod.AutomaticEventSubscriber/LOADING]: Auto-subscribing com.blocklegend001.onlyhammers.event.ModEvents to GAME
[05set2026 17:09:09.106] [modloading-worker-0/DEBUG] [net.neoforged.fml.javafmlmod.AutomaticEventSubscriber/LOADING]: Auto-subscribing com.blocklegend001.onlyhammers.utils.KeyBinding to MOD
[05set2026 17:09:09.140] [modloading-worker-0/DEBUG] [net.neoforged.fml.config.ConfigTracker/CONFIG]: Config file neoforge-client.toml for neoforge tracking
[05set2026 17:09:09.140] [modloading-worker-0/DEBUG] [net.neoforged.fml.config.ConfigTracker/CONFIG]: Config file neoforge-server.toml for neoforge tracking
[05set2026 17:09:09.140] [modloading-worker-0/DEBUG] [net.neoforged.fml.config.ConfigTracker/CONFIG]: Config file neoforge-common.toml for neoforge tracking
[05set2026 17:09:09.181] [modloading-worker-0/DEBUG] [mezz.jei.common.platform.Services/]: Loaded mezz.jei.neoforge.platform.PlatformHelper@2794470b for service interface mezz.jei.common.platform.IPlatformHelper
[05set2026 17:09:09.270] [modloading-worker-0/DEBUG] [net.neoforged.fml.javafmlmod.AutomaticEventSubscriber/LOADING]: Attempting to inject @EventBusSubscriber classes into the eventbus for architectury
[05set2026 17:09:09.282] [modloading-worker-0/DEBUG] [net.neoforged.fml.javafmlmod.AutomaticEventSubscriber/LOADING]: Attempting to inject @EventBusSubscriber classes into the eventbus for neoforge
[05set2026 17:09:09.282] [modloading-worker-0/DEBUG] [net.neoforged.fml.javafmlmod.AutomaticEventSubscriber/LOADING]: Auto-subscribing net.neoforged.neoforge.server.command.ConfigCommand to GAME
[05set2026 17:09:09.284] [modloading-worker-0/DEBUG] [mezz.jei.common.config.file.ConfigSerializer/]: Loading config file: D:\Programmazione\Mod\Only Hammers\NEOFORGE\1.21\runs\client\config\jei\jei-debug.ini
[05set2026 17:09:09.284] [modloading-worker-0/DEBUG] [net.neoforged.fml.javafmlmod.AutomaticEventSubscriber/LOADING]: Auto-subscribing net.neoforged.neoforge.network.filters.GenericPacketSplitter to MOD
[05set2026 17:09:09.284] [modloading-worker-0/DEBUG] [REI/]: [REI] Added filtering rule [roughlyenoughitems:search]: INSTANCE
[05set2026 17:09:09.284] [modloading-worker-0/DEBUG] [REI/]: [REI] Added filtering rule [roughlyenoughitems:manual]: INSTANCE
[05set2026 17:09:09.285] [modloading-worker-0/DEBUG] [REI/]: [REI] Added filtering rule [roughlyenoughitems:basic]: INSTANCE
[05set2026 17:09:09.285] [modloading-worker-0/DEBUG] [mezz.jei.common.config.file.ConfigSerializer/]: Saving config file: D:\Programmazione\Mod\Only Hammers\NEOFORGE\1.21\runs\client\config\jei\jei-debug.ini
[05set2026 17:09:09.291] [modloading-worker-0/DEBUG] [mezz.jei.common.config.file.ConfigSerializer/]: Loading config file: D:\Programmazione\Mod\Only Hammers\NEOFORGE\1.21\runs\client\config\jei\jei-mod-id-format.ini
[05set2026 17:09:09.293] [modloading-worker-0/DEBUG] [mezz.jei.common.config.file.ConfigSerializer/]: Saving config file: D:\Programmazione\Mod\Only Hammers\NEOFORGE\1.21\runs\client\config\jei\jei-mod-id-format.ini
[05set2026 17:09:09.296] [modloading-worker-0/DEBUG] [mezz.jei.common.config.file.ConfigSerializer/]: Loading config file: D:\Programmazione\Mod\Only Hammers\NEOFORGE\1.21\runs\client\config\jei\jei-colors.ini
[05set2026 17:09:09.298] [modloading-worker-0/DEBUG] [mezz.jei.common.config.file.ConfigSerializer/]: Saving config file: D:\Programmazione\Mod\Only Hammers\NEOFORGE\1.21\runs\client\config\jei\jei-colors.ini
[05set2026 17:09:09.315] [modloading-worker-0/DEBUG] [mezz.jei.common.config.file.ConfigSerializer/]: Loading config file: D:\Programmazione\Mod\Only Hammers\NEOFORGE\1.21\runs\client\config\jei\jei-client.ini
[05set2026 17:09:09.318] [modloading-worker-0/DEBUG] [mezz.jei.common.config.file.ConfigSerializer/]: Saving config file: D:\Programmazione\Mod\Only Hammers\NEOFORGE\1.21\runs\client\config\jei\jei-client.ini
[05set2026 17:09:09.329] [modloading-worker-0/INFO] [mezz.jei.library.load.PluginCaller/]: Sending ConfigManager...
[05set2026 17:09:09.331] [modloading-worker-0/DEBUG] [mezz.jei.library.load.PluginCallerTimerRunnable/]: Sending ConfigManager: jei:minecraft...
[05set2026 17:09:09.331] [modloading-worker-0/DEBUG] [mezz.jei.library.load.PluginCallerTimerRunnable/]: Sending ConfigManager: jei:neoforge_gui...
[05set2026 17:09:09.331] [modloading-worker-0/DEBUG] [mezz.jei.library.load.PluginCallerTimerRunnable/]: Sending ConfigManager: jei:debug...
[05set2026 17:09:09.331] [modloading-worker-0/DEBUG] [mezz.jei.library.load.PluginCallerTimerRunnable/]: Sending ConfigManager: jei:gui...
[05set2026 17:09:09.331] [modloading-worker-0/DEBUG] [mezz.jei.library.load.PluginCallerTimerRunnable/]: Sending ConfigManager: jei:internal...
[05set2026 17:09:09.332] [modloading-worker-0/DEBUG] [io.netty.buffer.AbstractByteBuf/]: -Dio.netty.buffer.checkAccessible: true
[05set2026 17:09:09.333] [modloading-worker-0/DEBUG] [io.netty.buffer.AbstractByteBuf/]: -Dio.netty.buffer.checkBounds: true
[05set2026 17:09:09.334] [modloading-worker-0/INFO] [mezz.jei.library.load.PluginCaller/]: Sending ConfigManager took 2.146 ms
[05set2026 17:09:09.334] [modloading-worker-0/DEBUG] [io.netty.util.ResourceLeakDetectorFactory/]: Loaded default ResourceLeakDetector: io.netty.util.ResourceLeakDetector@7e047086
[05set2026 17:09:09.338] [modloading-worker-0/DEBUG] [net.neoforged.fml.javafmlmod.AutomaticEventSubscriber/LOADING]: Attempting to inject @EventBusSubscriber classes into the eventbus for jei
[05set2026 17:09:09.347] [modloading-worker-0/DEBUG] [io.netty.util.internal.InternalThreadLocalMap/]: -Dio.netty.threadLocalMap.stringBuilder.initialSize: 1024
[05set2026 17:09:09.347] [modloading-worker-0/DEBUG] [io.netty.util.internal.InternalThreadLocalMap/]: -Dio.netty.threadLocalMap.stringBuilder.maxSize: 4096
[05set2026 17:09:09.353] [modloading-worker-0/DEBUG] [io.netty.buffer.PooledByteBufAllocator/]: -Dio.netty.allocator.numHeapArenas: 32
[05set2026 17:09:09.354] [modloading-worker-0/DEBUG] [io.netty.buffer.PooledByteBufAllocator/]: -Dio.netty.allocator.numDirectArenas: 32
[05set2026 17:09:09.354] [modloading-worker-0/DEBUG] [io.netty.buffer.PooledByteBufAllocator/]: -Dio.netty.allocator.pageSize: 8192
[05set2026 17:09:09.354] [modloading-worker-0/DEBUG] [io.netty.buffer.PooledByteBufAllocator/]: -Dio.netty.allocator.maxOrder: 9
[05set2026 17:09:09.354] [modloading-worker-0/DEBUG] [io.netty.buffer.PooledByteBufAllocator/]: -Dio.netty.allocator.chunkSize: 4194304
[05set2026 17:09:09.354] [modloading-worker-0/DEBUG] [io.netty.buffer.PooledByteBufAllocator/]: -Dio.netty.allocator.smallCacheSize: 256
[05set2026 17:09:09.354] [modloading-worker-0/DEBUG] [io.netty.buffer.PooledByteBufAllocator/]: -Dio.netty.allocator.normalCacheSize: 64
[05set2026 17:09:09.354] [modloading-worker-0/DEBUG] [io.netty.buffer.PooledByteBufAllocator/]: -Dio.netty.allocator.maxCachedBufferCapacity: 32768
[05set2026 17:09:09.355] [modloading-worker-0/DEBUG] [io.netty.buffer.PooledByteBufAllocator/]: -Dio.netty.allocator.cacheTrimInterval: 8192
[05set2026 17:09:09.355] [modloading-worker-0/DEBUG] [io.netty.buffer.PooledByteBufAllocator/]: -Dio.netty.allocator.cacheTrimIntervalMillis: 0
[05set2026 17:09:09.355] [modloading-worker-0/DEBUG] [io.netty.buffer.PooledByteBufAllocator/]: -Dio.netty.allocator.useCacheForAllThreads: false
[05set2026 17:09:09.355] [modloading-worker-0/DEBUG] [io.netty.buffer.PooledByteBufAllocator/]: -Dio.netty.allocator.maxCachedByteBuffersPerChunk: 1023
[05set2026 17:09:09.375] [modloading-worker-0/DEBUG] [io.netty.buffer.ByteBufUtil/]: -Dio.netty.allocator.type: pooled
[05set2026 17:09:09.376] [modloading-worker-0/DEBUG] [io.netty.buffer.ByteBufUtil/]: -Dio.netty.threadLocalDirectBufferSize: 0
[05set2026 17:09:09.376] [modloading-worker-0/DEBUG] [io.netty.buffer.ByteBufUtil/]: -Dio.netty.maxThreadLocalCharBufferSize: 16384
[05set2026 17:09:09.397] [modloading-worker-0/DEBUG] [net.neoforged.fml.javafmlmod.AutomaticEventSubscriber/LOADING]: Auto-subscribing net.neoforged.neoforge.network.NetworkInitialization to MOD
[05set2026 17:09:09.399] [modloading-worker-0/DEBUG] [net.neoforged.fml.javafmlmod.AutomaticEventSubscriber/LOADING]: Auto-subscribing net.neoforged.neoforge.network.ConfigurationInitialization to MOD
[05set2026 17:09:09.404] [modloading-worker-0/DEBUG] [net.neoforged.fml.javafmlmod.AutomaticEventSubscriber/LOADING]: Auto-subscribing net.neoforged.neoforge.common.MonsterRoomHooks to GAME
[05set2026 17:09:09.405] [modloading-worker-0/DEBUG] [net.neoforged.fml.javafmlmod.AutomaticEventSubscriber/LOADING]: Auto-subscribing net.neoforged.neoforge.common.DeferredSpawnEggItem$CommonHandler to MOD
[05set2026 17:09:09.405] [modloading-worker-0/DEBUG] [net.neoforged.fml.javafmlmod.AutomaticEventSubscriber/LOADING]: Auto-subscribing net.neoforged.neoforge.common.DeferredSpawnEggItem$ColorRegisterHandler to MOD
[05set2026 17:09:09.409] [modloading-worker-0/DEBUG] [net.neoforged.fml.javafmlmod.AutomaticEventSubscriber/LOADING]: Auto-subscribing net.neoforged.neoforge.client.model.data.ModelDataManager to GAME
[05set2026 17:09:09.415] [modloading-worker-0/DEBUG] [net.neoforged.fml.javafmlmod.AutomaticEventSubscriber/LOADING]: Auto-subscribing net.neoforged.neoforge.client.ParticleBoundsDebugRenderer to GAME
[05set2026 17:09:09.423] [modloading-worker-0/DEBUG] [net.neoforged.fml.javafmlmod.AutomaticEventSubscriber/LOADING]: Auto-subscribing net.neoforged.neoforge.client.ClientHooks$ClientEvents to MOD
[05set2026 17:09:09.427] [modloading-worker-0/DEBUG] [net.neoforged.fml.javafmlmod.AutomaticEventSubscriber/LOADING]: Auto-subscribing net.neoforged.neoforge.client.BlockEntityRenderBoundsDebugRenderer to GAME
[05set2026 17:09:09.429] [modloading-worker-0/INFO] [REI/]: [REI] Config loaded
[05set2026 17:09:09.429] [modloading-worker-0/DEBUG] [net.neoforged.fml.javafmlmod.AutomaticEventSubscriber/LOADING]: Auto-subscribing net.neoforged.neoforge.attachment.AttachmentInternals to GAME
[05set2026 17:09:09.440] [modloading-worker-0/DEBUG] [REI/]: [REI] Config saved
[05set2026 17:09:09.444] [modloading-worker-0/DEBUG] [REI/]: [REI] Config saved
[05set2026 17:09:09.451] [modloading-worker-0/DEBUG] [REI/]: [REI] Config saved
[05set2026 17:09:09.526] [modloading-worker-0/INFO] [REI/]: [REI] Registered plugin provider DefaultPluginImpl [roughlyenoughitems] for REIServerPlugin
[05set2026 17:09:09.526] [modloading-worker-0/INFO] [REI/]: [REI] Registered plugin provider DefaultPluginImpl [roughlyenoughitems] for REIPlugin
[05set2026 17:09:09.527] [modloading-worker-0/INFO] [REI/]: [REI] Registered plugin provider DefaultRuntimePlugin [roughlyenoughitems] for REIServerPlugin
[05set2026 17:09:09.527] [modloading-worker-0/INFO] [REI/]: [REI] Registered plugin provider DefaultRuntimePlugin [roughlyenoughitems] for REIPlugin
[05set2026 17:09:09.551] [modloading-worker-0/INFO] [REI/]: [REI] Registered plugin provider DefaultClientPluginImpl [roughlyenoughitems] for REIClientPlugin
[05set2026 17:09:09.551] [modloading-worker-0/INFO] [REI/]: [REI] Registered plugin provider DefaultClientPluginImpl [roughlyenoughitems] for REIPlugin
[05set2026 17:09:09.562] [modloading-worker-0/INFO] [REI/]: [REI] Registered plugin provider DefaultClientRuntimePlugin [roughlyenoughitems] for REIClientPlugin
[05set2026 17:09:09.563] [modloading-worker-0/INFO] [REI/]: [REI] Registered plugin provider DefaultClientRuntimePlugin [roughlyenoughitems] for REIPlugin
[05set2026 17:09:09.564] [modloading-worker-0/DEBUG] [REI/]: [REI] Added filtering rule [roughlyenoughitems:hidden_from_recipe_viewers]: INSTANCE
[05set2026 17:09:09.565] [modloading-worker-0/INFO] [REI/]: [REI] Registered plugin provider HideIngredientsFromTagsPlugin [roughlyenoughitems] for REIClientPlugin
[05set2026 17:09:09.566] [modloading-worker-0/INFO] [REI/]: [REI] Registered plugin provider HideIngredientsFromTagsPlugin [roughlyenoughitems] for REIPlugin
[05set2026 17:09:09.586] [modloading-worker-0/DEBUG] [net.neoforged.fml.javafmlmod.AutomaticEventSubscriber/LOADING]: Attempting to inject @EventBusSubscriber classes into the eventbus for roughlyenoughitems
[05set2026 17:09:09.600] [modloading-sync-worker/DEBUG] [net.neoforged.neoforge.registries.GameData/REGISTRIES]: Unfreezing registries
[05set2026 17:09:09.779] [modloading-sync-worker/DEBUG] [net.neoforged.neoforge.registries.GameData/REGISTRIES]: Freezing registries
[05set2026 17:09:09.804] [modloading-sync-worker/DEBUG] [net.neoforged.neoforge.registries.GameData/REGISTRIES]: All registries frozen
[05set2026 17:09:09.805] [modloading-sync-worker/DEBUG] [net.neoforged.fml.config.ConfigTracker/CONFIG]: Loading configs type CLIENT
[05set2026 17:09:09.814] [modloading-sync-worker/DEBUG] [net.neoforged.neoforge.common.NeoForgeConfig/FORGEMOD]: Loaded NeoForge config file neoforge-client.toml
[05set2026 17:09:09.814] [modloading-sync-worker/DEBUG] [net.neoforged.fml.config.ConfigTracker/CONFIG]: Loaded TOML config file D:\Programmazione\Mod\Only Hammers\NEOFORGE\1.21\runs\client\config\neoforge-client.toml
[05set2026 17:09:09.826] [modloading-sync-worker/DEBUG] [net.neoforged.fml.config.ConfigTracker/CONFIG]: Watching TOML config file D:\Programmazione\Mod\Only Hammers\NEOFORGE\1.21\runs\client\config\neoforge-client.toml for changes
[05set2026 17:09:09.827] [modloading-sync-worker/DEBUG] [net.neoforged.fml.config.ConfigTracker/CONFIG]: Loading configs type COMMON
[05set2026 17:09:09.830] [modloading-sync-worker/DEBUG] [net.neoforged.neoforge.common.NeoForgeConfig/FORGEMOD]: Loaded NeoForge config file neoforge-common.toml
[05set2026 17:09:09.830] [modloading-sync-worker/DEBUG] [net.neoforged.fml.config.ConfigTracker/CONFIG]: Loaded TOML config file D:\Programmazione\Mod\Only Hammers\NEOFORGE\1.21\runs\client\config\neoforge-common.toml
[05set2026 17:09:09.832] [modloading-sync-worker/DEBUG] [net.neoforged.fml.config.ConfigTracker/CONFIG]: Watching TOML config file D:\Programmazione\Mod\Only Hammers\NEOFORGE\1.21\runs\client\config\neoforge-common.toml for changes
[05set2026 17:09:10.059] [Render thread/DEBUG] [mixin/]: Mixing MixinFontSet from rei.mixins.json into net.minecraft.client.gui.font.FontSet
[05set2026 17:09:10.059] [Render thread/DEBUG] [mixin/]: rei.mixins.json:MixinFontSet from mod roughlyenoughitems: Class version 65 required is higher than the class version supported by the current version of Mixin (JAVA_8 supports class version 52)
[05set2026 17:09:10.071] [Render thread/DEBUG] [mixin/]: rei.mixins.json:MixinFontSet from mod roughlyenoughitems->@Inject::init(Lnet/minecraft/client/renderer/texture/TextureManager;Lnet/minecraft/resources/ResourceLocation;Lorg/spongepowered/asm/mixin/injection/callback/CallbackInfo;)V doesn't use it's CallbackInfo
[05set2026 17:09:10.071] [Render thread/DEBUG] [mixin/]: rei.mixins.json:MixinFontSet from mod roughlyenoughitems->@Inject::init(Lnet/minecraft/client/renderer/texture/TextureManager;Lnet/minecraft/resources/ResourceLocation;Lorg/spongepowered/asm/mixin/injection/callback/CallbackInfo;)V has 0 override(s) in child classes
[05set2026 17:09:10.071] [Render thread/DEBUG] [mixin/]: rei.mixins.json:MixinFontSet from mod roughlyenoughitems->@Inject::init(Lnet/minecraft/client/renderer/texture/TextureManager;Lnet/minecraft/resources/ResourceLocation;Lorg/spongepowered/asm/mixin/injection/callback/CallbackInfo;)V won't be passed a CallbackInfo as a result
[05set2026 17:09:10.152] [Render thread/DEBUG] [mixin/]: Mixing LevelRendererMixin from onlyhammers.mixins.json into net.minecraft.client.renderer.LevelRenderer
[05set2026 17:09:10.152] [Render thread/DEBUG] [mixin/]: onlyhammers.mixins.json:LevelRendererMixin from mod onlyhammers: Class version 65 required is higher than the class version supported by the current version of Mixin (JAVA_8 supports class version 52)
[05set2026 17:09:10.215] [Render thread/DEBUG] [mixin/]: onlyhammers.mixins.json:LevelRendererMixin from mod onlyhammers->@Inject::renderLevelAfter(Lnet/minecraft/client/DeltaTracker;ZLnet/minecraft/client/Camera;Lnet/minecraft/client/renderer/GameRenderer;Lnet/minecraft/client/renderer/LightTexture;Lorg/joml/Matrix4f;Lorg/joml/Matrix4f;Lorg/spongepowered/asm/mixin/injection/callback/CallbackInfo;)V doesn't use it's CallbackInfo
[05set2026 17:09:10.215] [Render thread/DEBUG] [mixin/]: onlyhammers.mixins.json:LevelRendererMixin from mod onlyhammers->@Inject::renderLevelAfter(Lnet/minecraft/client/DeltaTracker;ZLnet/minecraft/client/Camera;Lnet/minecraft/client/renderer/GameRenderer;Lnet/minecraft/client/renderer/LightTexture;Lorg/joml/Matrix4f;Lorg/joml/Matrix4f;Lorg/spongepowered/asm/mixin/injection/callback/CallbackInfo;)V has 0 override(s) in child classes
[05set2026 17:09:10.215] [Render thread/DEBUG] [mixin/]: onlyhammers.mixins.json:LevelRendererMixin from mod onlyhammers->@Inject::renderLevelAfter(Lnet/minecraft/client/DeltaTracker;ZLnet/minecraft/client/Camera;Lnet/minecraft/client/renderer/GameRenderer;Lnet/minecraft/client/renderer/LightTexture;Lorg/joml/Matrix4f;Lorg/joml/Matrix4f;Lorg/spongepowered/asm/mixin/injection/callback/CallbackInfo;)V won't be passed a CallbackInfo as a result
[05set2026 17:09:10.562] [Render thread/INFO] [net.neoforged.neoforge.gametest.GameTestHooks/]: Enabled Gametest Namespaces: []
[05set2026 17:09:10.726] [Render thread/INFO] [net.minecraft.server.packs.resources.ReloadableResourceManager/]: Reloading ResourceManager: vanilla, mod_resources, mod/roughlyenoughitems, mod/cloth_config, mod/onlyhammers, mod/architectury, mod/neoforge, mod/jei
[05set2026 17:09:10.925] [Render thread/DEBUG] [net.neoforged.fml.DeferredWorkQueue/LOADING]: Dispatching synchronous work for work queue Common setup: 1 jobs
[05set2026 17:09:10.933] [Render thread/DEBUG] [net.neoforged.fml.DeferredWorkQueue/LOADING]: Synchronous work queue completed in 7.027 ms
[05set2026 17:09:10.955] [Worker-Main-13/INFO] [net.minecraft.client.gui.font.providers.UnihexProvider/]: Found unifont_all_no_pua-15.1.05.hex, loading
[05set2026 17:09:11.103] [Worker-Main-10/INFO] [net.minecraft.client.gui.font.providers.UnihexProvider/]: Found unifont_jp_patch-15.1.05.hex, loading
[05set2026 17:09:13.136] [Render thread/WARN] [net.minecraft.client.sounds.SoundEngine/]: Missing sound for event: minecraft:item.goat_horn.play
[05set2026 17:09:13.136] [Render thread/WARN] [net.minecraft.client.sounds.SoundEngine/]: Missing sound for event: minecraft:entity.goat.screaming.horn_break
[05set2026 17:09:13.370] [Render thread/INFO] [com.mojang.blaze3d.audio.Library/]: OpenAL initialized on device OpenAL Soft on Altoparlanti (Maonocaster G1 Neo)
[05set2026 17:09:13.370] [Render thread/INFO] [net.minecraft.client.sounds.SoundEngine/SOUNDS]: Sound engine started
[05set2026 17:09:13.507] [Render thread/INFO] [net.minecraft.client.renderer.texture.TextureAtlas/]: Created: 1024x512x4 minecraft:textures/atlas/blocks.png-atlas
[05set2026 17:09:13.606] [Render thread/INFO] [net.minecraft.client.renderer.texture.TextureAtlas/]: Created: 256x256x4 minecraft:textures/atlas/signs.png-atlas
[05set2026 17:09:13.609] [Render thread/INFO] [net.minecraft.client.renderer.texture.TextureAtlas/]: Created: 512x512x4 minecraft:textures/atlas/banner_patterns.png-atlas
[05set2026 17:09:13.615] [Render thread/INFO] [net.minecraft.client.renderer.texture.TextureAtlas/]: Created: 512x512x4 minecraft:textures/atlas/shield_patterns.png-atlas
[05set2026 17:09:13.621] [Render thread/INFO] [net.minecraft.client.renderer.texture.TextureAtlas/]: Created: 1024x1024x4 minecraft:textures/atlas/armor_trims.png-atlas
[05set2026 17:09:13.676] [Render thread/INFO] [net.minecraft.client.renderer.texture.TextureAtlas/]: Created: 256x256x4 minecraft:textures/atlas/chest.png-atlas
[05set2026 17:09:13.679] [Render thread/INFO] [net.minecraft.client.renderer.texture.TextureAtlas/]: Created: 128x64x4 minecraft:textures/atlas/decorated_pot.png-atlas
[05set2026 17:09:13.713] [Render thread/INFO] [net.minecraft.client.renderer.texture.TextureAtlas/]: Created: 512x256x4 minecraft:textures/atlas/shulker_boxes.png-atlas
[05set2026 17:09:13.717] [Render thread/INFO] [net.minecraft.client.renderer.texture.TextureAtlas/]: Created: 512x256x4 minecraft:textures/atlas/beds.png-atlas
[05set2026 17:09:14.016] [Render thread/INFO] [net.minecraft.client.renderer.texture.TextureAtlas/]: Created: 512x256x0 minecraft:textures/atlas/particles.png-atlas
[05set2026 17:09:14.048] [Render thread/INFO] [net.minecraft.client.renderer.texture.TextureAtlas/]: Created: 512x256x0 minecraft:textures/atlas/paintings.png-atlas
[05set2026 17:09:14.054] [Render thread/INFO] [net.minecraft.client.renderer.texture.TextureAtlas/]: Created: 256x128x0 minecraft:textures/atlas/mob_effects.png-atlas
[05set2026 17:09:14.059] [Render thread/INFO] [net.minecraft.client.renderer.texture.TextureAtlas/]: Created: 64x64x0 minecraft:textures/atlas/map_decorations.png-atlas
[05set2026 17:09:14.061] [Render thread/INFO] [net.minecraft.client.renderer.texture.TextureAtlas/]: Created: 1024x512x0 minecraft:textures/atlas/gui.png-atlas
[05set2026 17:09:14.159] [Render thread/WARN] [net.minecraft.client.renderer.ShaderInstance/]: Shader rendertype_entity_translucent_emissive could not find sampler named Sampler2 in the specified shader program.
[05set2026 17:09:14.307] [Render thread/INFO] [net.minecraft.client.renderer.texture.TextureAtlas/]: Created: 256x256x0 jei:textures/atlas/gui.png-atlas
[05set2026 17:09:23.636] [Worker-Main-11/DEBUG] [mixin/]: Mixing MixinTagManager from rei.mixins.json into net.minecraft.tags.TagManager
[05set2026 17:09:23.637] [Worker-Main-11/DEBUG] [mixin/]: rei.mixins.json:MixinTagManager from mod roughlyenoughitems: Class version 65 required is higher than the class version supported by the current version of Mixin (JAVA_8 supports class version 52)
[05set2026 17:09:23.639] [Worker-Main-11/DEBUG] [mixin/]: rei.mixins.json:MixinTagManager from mod roughlyenoughitems->@Inject::load(Lnet/minecraft/server/packs/resources/ResourceManager;Ljava/util/concurrent/Executor;Lnet/minecraft/core/RegistryAccess$RegistryEntry;Lorg/spongepowered/asm/mixin/injection/callback/CallbackInfoReturnable;)V doesn't use it's CallbackInfoReturnable
[05set2026 17:09:23.639] [Worker-Main-11/DEBUG] [mixin/]: rei.mixins.json:MixinTagManager from mod roughlyenoughitems->@Inject::load(Lnet/minecraft/server/packs/resources/ResourceManager;Ljava/util/concurrent/Executor;Lnet/minecraft/core/RegistryAccess$RegistryEntry;Lorg/spongepowered/asm/mixin/injection/callback/CallbackInfoReturnable;)V has 0 override(s) in child classes
[05set2026 17:09:23.639] [Worker-Main-11/DEBUG] [mixin/]: rei.mixins.json:MixinTagManager from mod roughlyenoughitems->@Inject::load(Lnet/minecraft/server/packs/resources/ResourceManager;Ljava/util/concurrent/Executor;Lnet/minecraft/core/RegistryAccess$RegistryEntry;Lorg/spongepowered/asm/mixin/injection/callback/CallbackInfoReturnable;)V won't be passed a CallbackInfoReturnable as a result
[05set2026 17:09:23.691] [Worker-Main-11/DEBUG] [mixin/]: Mixing MixinTagLoader from rei.mixins.json into net.minecraft.tags.TagLoader
[05set2026 17:09:23.691] [Worker-Main-11/DEBUG] [mixin/]: rei.mixins.json:MixinTagLoader from mod roughlyenoughitems: Class version 65 required is higher than the class version supported by the current version of Mixin (JAVA_8 supports class version 52)
[05set2026 17:09:23.709] [Worker-Main-11/DEBUG] [mixin/]: rei.mixins.json:MixinTagLoader from mod roughlyenoughitems->@Inject::load(Ljava/util/Map;Lorg/spongepowered/asm/mixin/injection/callback/CallbackInfoReturnable;)V doesn't use it's CallbackInfoReturnable
[05set2026 17:09:23.709] [Worker-Main-11/DEBUG] [mixin/]: rei.mixins.json:MixinTagLoader from mod roughlyenoughitems->@Inject::load(Ljava/util/Map;Lorg/spongepowered/asm/mixin/injection/callback/CallbackInfoReturnable;)V has 0 override(s) in child classes
[05set2026 17:09:23.709] [Worker-Main-11/DEBUG] [mixin/]: rei.mixins.json:MixinTagLoader from mod roughlyenoughitems->@Inject::load(Ljava/util/Map;Lorg/spongepowered/asm/mixin/injection/callback/CallbackInfoReturnable;)V won't be passed a CallbackInfoReturnable as a result
[05set2026 17:09:23.709] [Worker-Main-11/DEBUG] [mixin/]: rei.mixins.json:MixinTagLoader from mod roughlyenoughitems->@Inject::loadPost(Ljava/util/Map;Lorg/spongepowered/asm/mixin/injection/callback/CallbackInfoReturnable;)V does use it's CallbackInfoReturnable
[05set2026 17:09:23.709] [Worker-Main-11/DEBUG] [mixin/]: rei.mixins.json:MixinTagLoader from mod roughlyenoughitems->@Inject::load(Lnet/minecraft/tags/TagEntry$Lookup;Ljava/util/List;Lorg/spongepowered/asm/mixin/injection/callback/CallbackInfoReturnable;)V does use it's CallbackInfoReturnable
[05set2026 17:09:23.743] [Worker-Main-4/DEBUG] [REI/]: [REI] Processed 5 tags in 3.394 ms for minecraft:game_event
[05set2026 17:09:23.743] [Worker-Main-11/DEBUG] [REI/]: [REI] Processed 3 tags in 2.980 ms for minecraft:point_of_interest_type
[05set2026 17:09:23.743] [Worker-Main-12/DEBUG] [REI/]: [REI] Processed 38 tags in 2.522 ms for minecraft:entity_type
[05set2026 17:09:23.743] [Worker-Main-14/DEBUG] [REI/]: [REI] Processed 2 tags in 3.470 ms for minecraft:cat_variant
[05set2026 17:09:23.743] [Worker-Main-5/DEBUG] [REI/]: [REI] Processed 5 tags in 3.213 ms for minecraft:fluid
[05set2026 17:09:23.742] [Worker-Main-3/DEBUG] [REI/]: [REI] Processed 0 tags in 5.700 μs for minecraft:worldgen/structure
[05set2026 17:09:23.743] [Worker-Main-9/DEBUG] [REI/]: [REI] Processed 3 tags in 3.456 ms for minecraft:instrument
[05set2026 17:09:23.742] [Worker-Main-7/DEBUG] [REI/]: [REI] Processed 0 tags in 3.300 μs for minecraft:worldgen/world_preset
[05set2026 17:09:23.742] [Worker-Main-13/DEBUG] [REI/]: [REI] Processed 0 tags in 4.600 μs for minecraft:banner_pattern
[05set2026 17:09:23.742] [Worker-Main-15/DEBUG] [REI/]: [REI] Processed 0 tags in 5.300 μs for minecraft:worldgen/flat_level_generator_preset
[05set2026 17:09:23.742] [Worker-Main-8/DEBUG] [REI/]: [REI] Processed 0 tags in 9.000 μs for minecraft:enchantment
[05set2026 17:09:23.742] [Worker-Main-6/DEBUG] [REI/]: [REI] Processed 0 tags in 33.10 μs for minecraft:painting_variant
[05set2026 17:09:23.742] [Worker-Main-1/DEBUG] [REI/]: [REI] Processed 0 tags in 5.900 μs for minecraft:damage_type
[05set2026 17:09:23.754] [Worker-Main-10/DEBUG] [REI/]: [REI] Processed 288 tags in 726.0 μs for minecraft:block
[05set2026 17:09:23.757] [Worker-Main-14/DEBUG] [REI/]: [REI] Processed 0 tags in 29.50 μs for minecraft:worldgen/biome
[05set2026 17:09:23.769] [Worker-Main-2/DEBUG] [REI/]: [REI] Processed 370 tags in 8.155 ms for minecraft:item
[05set2026 17:09:23.909] [Render thread/INFO] [net.minecraft.world.item.crafting.RecipeManager/]: Loaded 1300 recipes
[05set2026 17:09:24.130] [Render thread/INFO] [net.minecraft.advancements.AdvancementTree/]: Loaded 1409 advancements
[05set2026 17:09:24.468] [Render thread/INFO] [mezz.jei.neoforge.startup.StartEventObserver/]: JEI StartEventObserver received class net.neoforged.neoforge.event.TagsUpdatedEvent too early, ignoring
[05set2026 17:09:24.486] [Render thread/DEBUG] [REI/]: [REI] Player quit, clearing reload tasks!
[05set2026 17:09:24.487] [Render thread/DEBUG] [REI/]: [REI] Did not fulfill the request of termination of REI reload tasks because there are no uninterrupted running tasks. This is not an error.
[05set2026 17:09:24.500] [Render thread/DEBUG] [net.neoforged.neoforge.common.CommonHooks/WP]: Gathered mod list to write to world save New World
[05set2026 17:09:24.529] [Server thread/INFO] [net.minecraft.client.server.IntegratedServer/]: Starting integrated minecraft server version 1.21
[05set2026 17:09:24.529] [Server thread/INFO] [net.minecraft.server.MinecraftServer/]: Generating keypair
[05set2026 17:09:24.609] [Server thread/DEBUG] [net.neoforged.fml.config.ConfigTracker/CONFIG]: Loading configs type SERVER
[05set2026 17:09:24.611] [Server thread/DEBUG] [net.neoforged.fml.config.ConfigTracker/CONFIG]: Loaded TOML config file D:\Programmazione\Mod\Only Hammers\NEOFORGE\1.21\runs\client\config\jei-server.toml
[05set2026 17:09:24.611] [Server thread/DEBUG] [net.neoforged.fml.config.ConfigTracker/CONFIG]: Watching TOML config file D:\Programmazione\Mod\Only Hammers\NEOFORGE\1.21\runs\client\config\jei-server.toml for changes
[05set2026 17:09:24.612] [Server thread/DEBUG] [net.neoforged.neoforge.common.NeoForgeConfig/FORGEMOD]: Loaded NeoForge config file neoforge-server.toml
[05set2026 17:09:24.612] [Server thread/DEBUG] [net.neoforged.fml.config.ConfigTracker/CONFIG]: Loaded TOML config file D:\Programmazione\Mod\Only Hammers\NEOFORGE\1.21\runs\client\config\neoforge-server.toml
[05set2026 17:09:24.613] [Server thread/DEBUG] [net.neoforged.fml.config.ConfigTracker/CONFIG]: Watching TOML config file D:\Programmazione\Mod\Only Hammers\NEOFORGE\1.21\runs\client\config\neoforge-server.toml for changes
[05set2026 17:09:24.653] [Server thread/DEBUG] [net.neoforged.coremod.transformer.CoreModBaseTransformer/COREMOD]: Transforming net/minecraft/world/level/levelgen/PhantomSpawner
[05set2026 17:09:24.657] [Server thread/DEBUG] [net.neoforged.coremod.transformer.CoreModBaseTransformer/COREMOD]: Transforming net/minecraft/world/level/levelgen/PatrolSpawner
[05set2026 17:09:24.659] [Server thread/DEBUG] [net.neoforged.coremod.transformer.CoreModBaseTransformer/COREMOD]: Transforming net/minecraft/world/entity/npc/CatSpawner
[05set2026 17:09:24.661] [Server thread/DEBUG] [net.neoforged.coremod.transformer.CoreModBaseTransformer/COREMOD]: Transforming net/minecraft/world/entity/ai/village/VillageSiege
[05set2026 17:09:25.673] [Server thread/INFO] [net.minecraft.server.MinecraftServer/]: Preparing start region for dimension minecraft:overworld
[05set2026 17:09:25.749] [Server thread/DEBUG] [mixin/]: Mixing neoforge.MixinChunkSerializer from architectury.mixins.json into net.minecraft.world.level.chunk.storage.ChunkSerializer
[05set2026 17:09:25.749] [Server thread/DEBUG] [mixin/]: architectury.mixins.json:neoforge.MixinChunkSerializer from mod architectury: Class version 65 required is higher than the class version supported by the current version of Mixin (JAVA_16 supports class version 60)
[05set2026 17:09:25.758] [Server thread/DEBUG] [mixin/]: architectury.mixins.json:neoforge.MixinChunkSerializer from mod architectury->@Inject::read(Lnet/minecraft/server/level/ServerLevel;Lnet/minecraft/world/entity/ai/village/poi/PoiManager;Lnet/minecraft/world/level/chunk/storage/RegionStorageInfo;Lnet/minecraft/world/level/ChunkPos;Lnet/minecraft/nbt/CompoundTag;Lorg/spongepowered/asm/mixin/injection/callback/CallbackInfoReturnable;)V doesn't use it's CallbackInfoReturnable
[05set2026 17:09:26.098] [progressListener/INFO] [net.minecraft.server.level.progress.LoggerChunkProgressListener/]: Preparing spawn area: 0%
[05set2026 17:09:26.263] [progressListener/INFO] [net.minecraft.server.level.progress.LoggerChunkProgressListener/]: Time elapsed: 588 ms
[05set2026 17:09:26.263] [Server thread/INFO] [net.neoforged.neoforge.server.permission.PermissionAPI/]: Successfully initialized permission handler neoforge:default_handler
[05set2026 17:09:26.352] [Server thread/DEBUG] [net.neoforged.coremod.transformer.CoreModBaseTransformer/COREMOD]: Transforming net/minecraft/world/level/NaturalSpawner
[05set2026 17:09:26.368] [Server thread/INFO] [net.minecraft.client.server.IntegratedServer/]: Changing view distance to 12, from 10
[05set2026 17:09:26.368] [Server thread/INFO] [net.minecraft.client.server.IntegratedServer/]: Changing simulation distance to 12, from 0
[05set2026 17:09:26.398] [Render thread/DEBUG] [io.netty.channel.MultithreadEventLoopGroup/]: -Dio.netty.eventLoopThreads: 32
[05set2026 17:09:26.418] [Render thread/DEBUG] [io.netty.util.concurrent.GlobalEventExecutor/]: -Dio.netty.globalEventExecutor.quietPeriodSeconds: 1
[05set2026 17:09:26.443] [Render thread/DEBUG] [io.netty.channel.nio.NioEventLoop/]: -Dio.netty.noKeySetOptimization: false
[05set2026 17:09:26.443] [Render thread/DEBUG] [io.netty.channel.nio.NioEventLoop/]: -Dio.netty.selectorAutoRebuildThreshold: 512
[05set2026 17:09:26.447] [Render thread/DEBUG] [io.netty.util.internal.PlatformDependent/]: org.jctools-core.MpscChunkedArrayQueue: available
[05set2026 17:09:26.500] [Render thread/DEBUG] [io.netty.channel.DefaultChannelId/]: -Dio.netty.processId: 5668 (auto-detected)
[05set2026 17:09:26.502] [Render thread/DEBUG] [io.netty.util.NetUtil/]: -Djava.net.preferIPv4Stack: false
[05set2026 17:09:26.502] [Render thread/DEBUG] [io.netty.util.NetUtil/]: -Djava.net.preferIPv6Addresses: system
[05set2026 17:09:26.509] [Render thread/DEBUG] [io.netty.util.NetUtilInitializations/]: Loopback interface: loopback_0 (Software Loopback Interface 1, 0:0:0:0:0:0:0:1)
[05set2026 17:09:26.511] [Render thread/DEBUG] [io.netty.util.NetUtil/]: Failed to get SOMAXCONN from sysctl and file \proc\sys\net\core\somaxconn. Default: 200
[05set2026 17:09:26.514] [Render thread/DEBUG] [io.netty.channel.DefaultChannelId/]: -Dio.netty.machineId: 34:5a:60:ff:fe:27:db:0f (auto-detected)
[05set2026 17:09:26.611] [Render thread/DEBUG] [mixin/]: Mixing MixinPacketEncoder from rei.mixins.json into net.minecraft.network.PacketEncoder
[05set2026 17:09:26.612] [Render thread/DEBUG] [mixin/]: rei.mixins.json:MixinPacketEncoder from mod roughlyenoughitems: Class version 65 required is higher than the class version supported by the current version of Mixin (JAVA_8 supports class version 52)
[05set2026 17:09:26.612] [Render thread/DEBUG] [mixin/]: Renaming synthetic method lambda$failedToEncode$0(Lnet/minecraft/server/MinecraftServer;Ljava/lang/String;)V to mdfb56e1$roughlyenoughitems$lambda$failedToEncode$0$0 in rei.mixins.json:MixinPacketEncoder from mod roughlyenoughitems
[05set2026 17:09:26.622] [Render thread/DEBUG] [mixin/]: rei.mixins.json:MixinPacketEncoder from mod roughlyenoughitems->@Inject::failedToEncode(Lio/netty/channel/ChannelHandlerContext;Lnet/minecraft/network/protocol/Packet;Lio/netty/buffer/ByteBuf;Lorg/spongepowered/asm/mixin/injection/callback/CallbackInfo;)V doesn't use it's CallbackInfo
[05set2026 17:09:26.622] [Render thread/DEBUG] [mixin/]: rei.mixins.json:MixinPacketEncoder from mod roughlyenoughitems->@Inject::failedToEncode(Lio/netty/channel/ChannelHandlerContext;Lnet/minecraft/network/protocol/Packet;Lio/netty/buffer/ByteBuf;Lorg/spongepowered/asm/mixin/injection/callback/CallbackInfo;)V has 0 override(s) in child classes
[05set2026 17:09:26.622] [Render thread/DEBUG] [mixin/]: rei.mixins.json:MixinPacketEncoder from mod roughlyenoughitems->@Inject::failedToEncode(Lio/netty/channel/ChannelHandlerContext;Lnet/minecraft/network/protocol/Packet;Lio/netty/buffer/ByteBuf;Lorg/spongepowered/asm/mixin/injection/callback/CallbackInfo;)V won't be passed a CallbackInfo as a result
[05set2026 17:09:26.791] [Render thread/DEBUG] [io.netty.util.Recycler/]: -Dio.netty.recycler.maxCapacityPerThread: 4096
[05set2026 17:09:26.791] [Render thread/DEBUG] [io.netty.util.Recycler/]: -Dio.netty.recycler.ratio: 8
[05set2026 17:09:26.791] [Render thread/DEBUG] [io.netty.util.Recycler/]: -Dio.netty.recycler.chunkSize: 32
[05set2026 17:09:26.791] [Render thread/DEBUG] [io.netty.util.Recycler/]: -Dio.netty.recycler.blocking: false
[05set2026 17:09:26.791] [Render thread/DEBUG] [io.netty.util.Recycler/]: -Dio.netty.recycler.batchFastThreadLocalOnly: true
[05set2026 17:09:27.075] [Netty Server IO #1/DEBUG] [net.neoforged.neoforge.network.filters.NetworkFilters/]: Injected net.neoforged.neoforge.network.filters.GenericPacketSplitter@5ad0142e into net.minecraft.network.Connection@7e85bc30
[05set2026 17:09:27.080] [Netty Local Client IO #0/DEBUG] [net.neoforged.neoforge.network.filters.NetworkFilters/]: Injected net.neoforged.neoforge.network.filters.GenericPacketSplitter@69b4a372 into net.minecraft.network.Connection@406180c3
[05set2026 17:09:27.269] [Render thread/INFO] [mezz.jei.neoforge.startup.StartEventObserver/]: JEI StartEventObserver received class net.neoforged.neoforge.event.TagsUpdatedEvent
[05set2026 17:09:27.393] [Render thread/DEBUG] [mixin/]: Mixing MixinClientPacketListener from rei.mixins.json into net.minecraft.client.multiplayer.ClientPacketListener
[05set2026 17:09:27.394] [Render thread/DEBUG] [mixin/]: rei.mixins.json:MixinClientPacketListener from mod roughlyenoughitems: Class version 65 required is higher than the class version supported by the current version of Mixin (JAVA_8 supports class version 52)
[05set2026 17:09:27.397] [Render thread/DEBUG] [mixin/]: rei.mixins.json:MixinClientPacketListener from mod roughlyenoughitems->@Inject::handleUpdateRecipes(Lnet/minecraft/network/protocol/game/ClientboundUpdateRecipesPacket;Lorg/spongepowered/asm/mixin/injection/callback/CallbackInfo;)V doesn't use it's CallbackInfo
[05set2026 17:09:27.397] [Render thread/DEBUG] [mixin/]: rei.mixins.json:MixinClientPacketListener from mod roughlyenoughitems->@Inject::handleUpdateRecipes(Lnet/minecraft/network/protocol/game/ClientboundUpdateRecipesPacket;Lorg/spongepowered/asm/mixin/injection/callback/CallbackInfo;)V has 0 override(s) in child classes
[05set2026 17:09:27.397] [Render thread/DEBUG] [mixin/]: rei.mixins.json:MixinClientPacketListener from mod roughlyenoughitems->@Inject::handleUpdateRecipes(Lnet/minecraft/network/protocol/game/ClientboundUpdateRecipesPacket;Lorg/spongepowered/asm/mixin/injection/callback/CallbackInfo;)V won't be passed a CallbackInfo as a result
[05set2026 17:09:27.397] [Render thread/DEBUG] [mixin/]: rei.mixins.json:MixinClientPacketListener from mod roughlyenoughitems->@Inject::handleUpdateTags(Lnet/minecraft/network/protocol/common/ClientboundUpdateTagsPacket;Lorg/spongepowered/asm/mixin/injection/callback/CallbackInfo;)V doesn't use it's CallbackInfo
[05set2026 17:09:27.398] [Render thread/DEBUG] [mixin/]: rei.mixins.json:MixinClientPacketListener from mod roughlyenoughitems->@Inject::handleUpdateTags(Lnet/minecraft/network/protocol/common/ClientboundUpdateTagsPacket;Lorg/spongepowered/asm/mixin/injection/callback/CallbackInfo;)V has 0 override(s) in child classes
[05set2026 17:09:27.398] [Render thread/DEBUG] [mixin/]: rei.mixins.json:MixinClientPacketListener from mod roughlyenoughitems->@Inject::handleUpdateTags(Lnet/minecraft/network/protocol/common/ClientboundUpdateTagsPacket;Lorg/spongepowered/asm/mixin/injection/callback/CallbackInfo;)V won't be passed a CallbackInfo as a result
[05set2026 17:09:27.428] [Netty Server IO #1/DEBUG] [net.neoforged.neoforge.network.filters.NetworkFilters/]: Injected net.neoforged.neoforge.network.filters.GenericPacketSplitter@131deba1 into net.minecraft.network.Connection@7e85bc30
[05set2026 17:09:27.522] [Server thread/INFO] [net.minecraft.server.players.PlayerList/]: Dev[local:E:ed9b7931] logged in with entity id 99 at (1.7944984933443797, 87.0, 7.632246095262672)
[05set2026 17:09:27.618] [Server thread/INFO] [net.minecraft.server.MinecraftServer/]: Dev joined the game
[05set2026 17:09:27.730] [Server thread/DEBUG] [mixin/]: Mixing MixinItemExtension from architectury.mixins.json into dev.architectury.extensions.ItemExtension
[05set2026 17:09:27.731] [Server thread/DEBUG] [mixin/]: architectury.mixins.json:MixinItemExtension from mod architectury: Class version 65 required is higher than the class version supported by the current version of Mixin (JAVA_16 supports class version 60)
[05set2026 17:09:27.738] [Render thread/DEBUG] [REI/]: [REI] Starting Reload Plugins of stage START
java.lang.Throwable: null
	at TRANSFORMER/roughlyenoughitems@16.0.776/me.shedaniel.rei.impl.common.plugins.ReloadManagerImpl.reloadPlugins(ReloadManagerImpl.java:110) ~[RoughlyEnoughItems-neoforge-16.0.776.jar%23194!/:?]
	at TRANSFORMER/roughlyenoughitems@16.0.776/me.shedaniel.rei.RoughlyEnoughItemsCoreClient.reloadPlugins(RoughlyEnoughItemsCoreClient.java:478) ~[RoughlyEnoughItems-neoforge-16.0.776.jar%23194!/:?]
	at TRANSFORMER/roughlyenoughitems@16.0.776/me.shedaniel.rei.RoughlyEnoughItemsCoreClient.lambda$registerEvents$9(RoughlyEnoughItemsCoreClient.java:312) ~[RoughlyEnoughItems-neoforge-16.0.776.jar%23194!/:?]
	at TRANSFORMER/minecraft@1.21/net.minecraft.client.multiplayer.ClientPacketListener.handler$zzd000$roughlyenoughitems$handleUpdateRecipes(ClientPacketListener.java:2619) ~[neoforge-21.0.167.jar%23189!/:?]
	at TRANSFORMER/minecraft@1.21/net.minecraft.client.multiplayer.ClientPacketListener.handleUpdateRecipes(ClientPacketListener.java) ~[neoforge-21.0.167.jar%23189!/:?]
	at TRANSFORMER/minecraft@1.21/net.minecraft.network.protocol.game.ClientboundUpdateRecipesPacket.handle(ClientboundUpdateRecipesPacket.java:28) ~[neoforge-21.0.167.jar%23189!/:?]
	at TRANSFORMER/minecraft@1.21/net.minecraft.network.protocol.game.ClientboundUpdateRecipesPacket.handle(ClientboundUpdateRecipesPacket.java:12) ~[neoforge-21.0.167.jar%23189!/:?]
	at TRANSFORMER/minecraft@1.21/net.minecraft.network.protocol.PacketUtils.lambda$ensureRunningOnSameThread$0(PacketUtils.java:26) ~[neoforge-21.0.167.jar%23189!/:?]
	at TRANSFORMER/minecraft@1.21/net.minecraft.util.thread.BlockableEventLoop.doRunTask(BlockableEventLoop.java:148) ~[neoforge-21.0.167.jar%23189!/:?]
	at TRANSFORMER/minecraft@1.21/net.minecraft.util.thread.ReentrantBlockableEventLoop.doRunTask(ReentrantBlockableEventLoop.java:24) ~[neoforge-21.0.167.jar%23189!/:?]
	at TRANSFORMER/minecraft@1.21/net.minecraft.util.thread.BlockableEventLoop.pollTask(BlockableEventLoop.java:122) ~[neoforge-21.0.167.jar%23189!/:?]
	at TRANSFORMER/minecraft@1.21/net.minecraft.util.thread.BlockableEventLoop.runAllTasks(BlockableEventLoop.java:111) ~[neoforge-21.0.167.jar%23189!/:?]
	at TRANSFORMER/minecraft@1.21/net.minecraft.client.Minecraft.runTick(Minecraft.java:1155) ~[neoforge-21.0.167.jar%23189!/:?]
	at TRANSFORMER/minecraft@1.21/net.minecraft.client.Minecraft.run(Minecraft.java:807) ~[neoforge-21.0.167.jar%23189!/:?]
	at TRANSFORMER/minecraft@1.21/net.minecraft.client.main.Main.main(Main.java:230) ~[neoforge-21.0.167.jar%23189!/:?]
	at java.base/jdk.internal.reflect.DirectMethodHandleAccessor.invoke(DirectMethodHandleAccessor.java:103) ~[?:?]
	at java.base/java.lang.reflect.Method.invoke(Method.java:580) ~[?:?]
	at MC-BOOTSTRAP/fml_loader@4.0.23/net.neoforged.fml.loading.targets.CommonLaunchHandler.runTarget(CommonLaunchHandler.java:136) ~[loader-4.0.23.jar%23143!/:4.0]
	at MC-BOOTSTRAP/fml_loader@4.0.23/net.neoforged.fml.loading.targets.CommonLaunchHandler.clientService(CommonLaunchHandler.java:124) ~[loader-4.0.23.jar%23143!/:4.0]
	at MC-BOOTSTRAP/fml_loader@4.0.23/net.neoforged.fml.loading.targets.NeoForgeClientUserdevLaunchHandler.runService(NeoForgeClientUserdevLaunchHandler.java:23) ~[loader-4.0.23.jar%23143!/:4.0]
	at MC-BOOTSTRAP/fml_loader@4.0.23/net.neoforged.fml.loading.targets.CommonLaunchHandler.lambda$launchService$4(CommonLaunchHandler.java:118) ~[loader-4.0.23.jar%23143!/:4.0]
	at MC-BOOTSTRAP/cpw.mods.modlauncher@11.0.4/cpw.mods.modlauncher.LaunchServiceHandlerDecorator.launch(LaunchServiceHandlerDecorator.java:30) [modlauncher-11.0.4.jar%23125!/:?]
	at MC-BOOTSTRAP/cpw.mods.modlauncher@11.0.4/cpw.mods.modlauncher.LaunchServiceHandler.launch(LaunchServiceHandler.java:53) [modlauncher-11.0.4.jar%23125!/:?]
	at MC-BOOTSTRAP/cpw.mods.modlauncher@11.0.4/cpw.mods.modlauncher.LaunchServiceHandler.launch(LaunchServiceHandler.java:71) [modlauncher-11.0.4.jar%23125!/:?]
	at MC-BOOTSTRAP/cpw.mods.modlauncher@11.0.4/cpw.mods.modlauncher.Launcher.run(Launcher.java:103) [modlauncher-11.0.4.jar%23125!/:?]
	at MC-BOOTSTRAP/cpw.mods.modlauncher@11.0.4/cpw.mods.modlauncher.Launcher.main(Launcher.java:74) [modlauncher-11.0.4.jar%23125!/:?]
	at MC-BOOTSTRAP/cpw.mods.modlauncher@11.0.4/cpw.mods.modlauncher.BootstrapLaunchConsumer.accept(BootstrapLaunchConsumer.java:26) [modlauncher-11.0.4.jar%23125!/:?]
	at MC-BOOTSTRAP/cpw.mods.modlauncher@11.0.4/cpw.mods.modlauncher.BootstrapLaunchConsumer.accept(BootstrapLaunchConsumer.java:23) [modlauncher-11.0.4.jar%23125!/:?]
	at cpw.mods.bootstraplauncher@2.0.2/cpw.mods.bootstraplauncher.BootstrapLauncher.run(BootstrapLauncher.java:210) [bootstraplauncher-2.0.2.jar:?]
	at cpw.mods.bootstraplauncher@2.0.2/cpw.mods.bootstraplauncher.BootstrapLauncher.main(BootstrapLauncher.java:69) [bootstraplauncher-2.0.2.jar:?]
[05set2026 17:09:27.760] [REI-ReloadPlugins/DEBUG] [REI/]: [REI] ========================================
[05set2026 17:09:27.760] [REI-ReloadPlugins/DEBUG] [REI/]: [REI] REIPlugin starting pre-reload for START.
[05set2026 17:09:27.760] [REI-ReloadPlugins/DEBUG] [REI/]: [REI] Reloadables (8):
[05set2026 17:09:27.760] [REI-ReloadPlugins/DEBUG] [REI/]: [REI]  - EntryTypeRegistryImpl
[05set2026 17:09:27.760] [REI-ReloadPlugins/DEBUG] [REI/]: [REI]  - EntrySettingsAdapterRegistryImpl
[05set2026 17:09:27.760] [REI-ReloadPlugins/DEBUG] [REI/]: [REI]  - RecipeManagerContextImpl
[05set2026 17:09:27.760] [REI-ReloadPlugins/DEBUG] [REI/]: [REI]  - ItemComparatorRegistryImpl
[05set2026 17:09:27.760] [REI-ReloadPlugins/DEBUG] [REI/]: [REI]  - FluidComparatorRegistryImpl
[05set2026 17:09:27.760] [REI-ReloadPlugins/DEBUG] [REI/]: [REI]  - DisplaySerializerRegistryImpl
[05set2026 17:09:27.760] [REI-ReloadPlugins/DEBUG] [REI/]: [REI]  - FluidSupportProviderImpl
[05set2026 17:09:27.761] [REI-ReloadPlugins/DEBUG] [REI/]: [REI]  - me.shedaniel.rei.plugin.client.runtime.PluginStageExecutionWatcher$1
[05set2026 17:09:27.761] [REI-ReloadPlugins/DEBUG] [REI/]: [REI] Plugins (5):
[05set2026 17:09:27.761] [REI-ReloadPlugins/DEBUG] [REI/]: [REI]  - (-100,00) DefaultClientPluginImpl of DefaultClientPluginImpl [roughlyenoughitems]
[05set2026 17:09:27.761] [REI-ReloadPlugins/DEBUG] [REI/]: [REI]  - (-100,00) DefaultPluginImpl of DefaultPluginImpl [roughlyenoughitems]
[05set2026 17:09:27.761] [REI-ReloadPlugins/DEBUG] [REI/]: [REI]  - (0,00) HideIngredientsFromTagsPlugin of HideIngredientsFromTagsPlugin [roughlyenoughitems]
[05set2026 17:09:27.761] [REI-ReloadPlugins/DEBUG] [REI/]: [REI]  - (0,00) DefaultClientRuntimePlugin of DefaultClientRuntimePlugin [roughlyenoughitems]
[05set2026 17:09:27.762] [REI-ReloadPlugins/DEBUG] [REI/]: [REI]  - (0,00) DefaultRuntimePlugin of DefaultRuntimePlugin [roughlyenoughitems]
[05set2026 17:09:27.762] [REI-ReloadPlugins/DEBUG] [REI/]: [REI] ========================================
[05set2026 17:09:27.777] [Render thread/DEBUG] [REI/]: [REI] Starting Reload Plugins of stage END
java.lang.Throwable: null
	at TRANSFORMER/roughlyenoughitems@16.0.776/me.shedaniel.rei.impl.common.plugins.ReloadManagerImpl.reloadPlugins(ReloadManagerImpl.java:110) ~[RoughlyEnoughItems-neoforge-16.0.776.jar%23194!/:?]
	at TRANSFORMER/roughlyenoughitems@16.0.776/me.shedaniel.rei.RoughlyEnoughItemsCoreClient.reloadPlugins(RoughlyEnoughItemsCoreClient.java:478) ~[RoughlyEnoughItems-neoforge-16.0.776.jar%23194!/:?]
	at TRANSFORMER/roughlyenoughitems@16.0.776/me.shedaniel.rei.RoughlyEnoughItemsCoreClient.reloadPlugins(RoughlyEnoughItemsCoreClient.java:465) ~[RoughlyEnoughItems-neoforge-16.0.776.jar%23194!/:?]
	at TRANSFORMER/roughlyenoughitems@16.0.776/me.shedaniel.rei.RoughlyEnoughItemsCoreClient.lambda$registerEvents$10(RoughlyEnoughItemsCoreClient.java:315) ~[RoughlyEnoughItems-neoforge-16.0.776.jar%23194!/:?]
	at TRANSFORMER/architectury@13.0.5/dev.architectury.event.forge.EventHandlerImplClient.event(EventHandlerImplClient.java:176) ~[architectury-neoforge-13.0.5.jar%23193!/:?]
	at MC-BOOTSTRAP/net.neoforged.bus/net.neoforged.bus.EventBus.post(EventBus.java:350) ~[bus-8.0.1.jar%23147!/:?]
	at MC-BOOTSTRAP/net.neoforged.bus/net.neoforged.bus.EventBus.post(EventBus.java:315) ~[bus-8.0.1.jar%23147!/:?]
	at TRANSFORMER/neoforge@21.0.167/net.neoforged.neoforge.client.ClientHooks.onRecipesUpdated(ClientHooks.java:662) ~[neoforge-21.0.167.jar%23190!/:?]
	at TRANSFORMER/minecraft@1.21/net.minecraft.client.multiplayer.ClientPacketListener.handleUpdateRecipes(ClientPacketListener.java:1500) ~[neoforge-21.0.167.jar%23189!/:?]
	at TRANSFORMER/minecraft@1.21/net.minecraft.network.protocol.game.ClientboundUpdateRecipesPacket.handle(ClientboundUpdateRecipesPacket.java:28) ~[neoforge-21.0.167.jar%23189!/:?]
	at TRANSFORMER/minecraft@1.21/net.minecraft.network.protocol.game.ClientboundUpdateRecipesPacket.handle(ClientboundUpdateRecipesPacket.java:12) ~[neoforge-21.0.167.jar%23189!/:?]
	at TRANSFORMER/minecraft@1.21/net.minecraft.network.protocol.PacketUtils.lambda$ensureRunningOnSameThread$0(PacketUtils.java:26) ~[neoforge-21.0.167.jar%23189!/:?]
	at TRANSFORMER/minecraft@1.21/net.minecraft.util.thread.BlockableEventLoop.doRunTask(BlockableEventLoop.java:148) ~[neoforge-21.0.167.jar%23189!/:?]
	at TRANSFORMER/minecraft@1.21/net.minecraft.util.thread.ReentrantBlockableEventLoop.doRunTask(ReentrantBlockableEventLoop.java:24) ~[neoforge-21.0.167.jar%23189!/:?]
	at TRANSFORMER/minecraft@1.21/net.minecraft.util.thread.BlockableEventLoop.pollTask(BlockableEventLoop.java:122) ~[neoforge-21.0.167.jar%23189!/:?]
	at TRANSFORMER/minecraft@1.21/net.minecraft.util.thread.BlockableEventLoop.runAllTasks(BlockableEventLoop.java:111) ~[neoforge-21.0.167.jar%23189!/:?]
	at TRANSFORMER/minecraft@1.21/net.minecraft.client.Minecraft.runTick(Minecraft.java:1155) ~[neoforge-21.0.167.jar%23189!/:?]
	at TRANSFORMER/minecraft@1.21/net.minecraft.client.Minecraft.run(Minecraft.java:807) ~[neoforge-21.0.167.jar%23189!/:?]
	at TRANSFORMER/minecraft@1.21/net.minecraft.client.main.Main.main(Main.java:230) ~[neoforge-21.0.167.jar%23189!/:?]
	at java.base/jdk.internal.reflect.DirectMethodHandleAccessor.invoke(DirectMethodHandleAccessor.java:103) ~[?:?]
	at java.base/java.lang.reflect.Method.invoke(Method.java:580) ~[?:?]
	at MC-BOOTSTRAP/fml_loader@4.0.23/net.neoforged.fml.loading.targets.CommonLaunchHandler.runTarget(CommonLaunchHandler.java:136) ~[loader-4.0.23.jar%23143!/:4.0]
	at MC-BOOTSTRAP/fml_loader@4.0.23/net.neoforged.fml.loading.targets.CommonLaunchHandler.clientService(CommonLaunchHandler.java:124) ~[loader-4.0.23.jar%23143!/:4.0]
	at MC-BOOTSTRAP/fml_loader@4.0.23/net.neoforged.fml.loading.targets.NeoForgeClientUserdevLaunchHandler.runService(NeoForgeClientUserdevLaunchHandler.java:23) ~[loader-4.0.23.jar%23143!/:4.0]
	at MC-BOOTSTRAP/fml_loader@4.0.23/net.neoforged.fml.loading.targets.CommonLaunchHandler.lambda$launchService$4(CommonLaunchHandler.java:118) ~[loader-4.0.23.jar%23143!/:4.0]
	at MC-BOOTSTRAP/cpw.mods.modlauncher@11.0.4/cpw.mods.modlauncher.LaunchServiceHandlerDecorator.launch(LaunchServiceHandlerDecorator.java:30) [modlauncher-11.0.4.jar%23125!/:?]
	at MC-BOOTSTRAP/cpw.mods.modlauncher@11.0.4/cpw.mods.modlauncher.LaunchServiceHandler.launch(LaunchServiceHandler.java:53) [modlauncher-11.0.4.jar%23125!/:?]
	at MC-BOOTSTRAP/cpw.mods.modlauncher@11.0.4/cpw.mods.modlauncher.LaunchServiceHandler.launch(LaunchServiceHandler.java:71) [modlauncher-11.0.4.jar%23125!/:?]
	at MC-BOOTSTRAP/cpw.mods.modlauncher@11.0.4/cpw.mods.modlauncher.Launcher.run(Launcher.java:103) [modlauncher-11.0.4.jar%23125!/:?]
	at MC-BOOTSTRAP/cpw.mods.modlauncher@11.0.4/cpw.mods.modlauncher.Launcher.main(Launcher.java:74) [modlauncher-11.0.4.jar%23125!/:?]
	at MC-BOOTSTRAP/cpw.mods.modlauncher@11.0.4/cpw.mods.modlauncher.BootstrapLaunchConsumer.accept(BootstrapLaunchConsumer.java:26) [modlauncher-11.0.4.jar%23125!/:?]
	at MC-BOOTSTRAP/cpw.mods.modlauncher@11.0.4/cpw.mods.modlauncher.BootstrapLaunchConsumer.accept(BootstrapLaunchConsumer.java:23) [modlauncher-11.0.4.jar%23125!/:?]
	at cpw.mods.bootstraplauncher@2.0.2/cpw.mods.bootstraplauncher.BootstrapLauncher.run(BootstrapLauncher.java:210) [bootstraplauncher-2.0.2.jar:?]
	at cpw.mods.bootstraplauncher@2.0.2/cpw.mods.bootstraplauncher.BootstrapLauncher.main(BootstrapLauncher.java:69) [bootstraplauncher-2.0.2.jar:?]
[05set2026 17:09:27.778] [Render thread/WARN] [REI/]: [REI] Found 1 existing reload task(s) after trying to terminate them!
[05set2026 17:09:27.779] [Render thread/INFO] [mezz.jei.neoforge.startup.StartEventObserver/]: JEI StartEventObserver received class net.neoforged.neoforge.client.event.RecipesUpdatedEvent
[05set2026 17:09:27.779] [Render thread/INFO] [mezz.jei.neoforge.startup.StartEventObserver/]: JEI StartEventObserver transitioning state from LISTENING to JEI_STARTED
[05set2026 17:09:27.780] [Render thread/INFO] [mezz.jei.core.util.LoggedTimer/]: Starting JEI...
[05set2026 17:09:27.797] [Render thread/INFO] [mezz.jei.library.load.PluginCaller/]: Registering item subtypes...
[05set2026 17:09:27.798] [Render thread/DEBUG] [mezz.jei.library.load.PluginCallerTimerRunnable/]: Registering item subtypes: jei:minecraft...
[05set2026 17:09:27.817] [Render thread/INFO] [mezz.jei.library.load.PluginCallerTimerRunnable/]: Registering item subtypes: jei:minecraft took 18.66 milliseconds
[05set2026 17:09:27.818] [Render thread/DEBUG] [mezz.jei.library.load.PluginCallerTimerRunnable/]: Registering item subtypes: jei:neoforge_gui...
[05set2026 17:09:27.818] [Render thread/DEBUG] [mezz.jei.library.load.PluginCallerTimerRunnable/]: Registering item subtypes: jei:debug...
[05set2026 17:09:27.818] [Render thread/DEBUG] [mezz.jei.library.load.PluginCallerTimerRunnable/]: Registering item subtypes: jei:gui...
[05set2026 17:09:27.818] [Render thread/DEBUG] [mezz.jei.library.load.PluginCallerTimerRunnable/]: Registering item subtypes: jei:internal...
[05set2026 17:09:27.818] [Render thread/INFO] [mezz.jei.library.load.PluginCaller/]: Registering item subtypes took 20.21 ms
[05set2026 17:09:27.820] [Render thread/INFO] [mezz.jei.library.load.PluginCaller/]: Registering fluid subtypes...
[05set2026 17:09:27.820] [Render thread/DEBUG] [mezz.jei.library.load.PluginCallerTimerRunnable/]: Registering fluid subtypes: jei:minecraft...
[05set2026 17:09:27.820] [Render thread/DEBUG] [mezz.jei.library.load.PluginCallerTimerRunnable/]: Registering fluid subtypes: jei:neoforge_gui...
[05set2026 17:09:27.820] [Render thread/DEBUG] [mezz.jei.library.load.PluginCallerTimerRunnable/]: Registering fluid subtypes: jei:debug...
[05set2026 17:09:27.824] [Render thread/DEBUG] [mezz.jei.library.load.PluginCallerTimerRunnable/]: Registering fluid subtypes: jei:gui...
[05set2026 17:09:27.824] [Render thread/DEBUG] [mezz.jei.library.load.PluginCallerTimerRunnable/]: Registering fluid subtypes: jei:internal...
[05set2026 17:09:27.824] [Render thread/INFO] [mezz.jei.library.load.PluginCaller/]: Registering fluid subtypes took 4.455 ms
[05set2026 17:09:27.829] [Render thread/INFO] [mezz.jei.library.load.PluginCaller/]: Registering ingredients...
[05set2026 17:09:27.829] [Render thread/DEBUG] [mezz.jei.library.load.PluginCallerTimerRunnable/]: Registering ingredients: jei:minecraft...
[05set2026 17:09:27.858] [Render thread/DEBUG] [mezz.jei.library.plugins.vanilla.ingredients.ItemStackListFactory/]: Added 402/402 new items from creative tab: Building Blocks
[05set2026 17:09:27.862] [Render thread/DEBUG] [mezz.jei.library.plugins.vanilla.ingredients.ItemStackListFactory/]: Added 198/198 new items from creative tab: Colored Blocks
[05set2026 17:09:27.865] [Render thread/DEBUG] [mezz.jei.library.plugins.vanilla.ingredients.ItemStackListFactory/]: Added 201/226 new items from creative tab: Natural Blocks
[05set2026 17:09:27.869] [REI-ReloadPlugins/DEBUG] [REI/]: [REI] ========================================
[05set2026 17:09:27.869] [REI-ReloadPlugins/DEBUG] [REI/]: [REI] REIPlugin finished pre-reload for START in 107.2 ms.
[05set2026 17:09:27.869] [REI-ReloadPlugins/DEBUG] [REI/]: [REI] ========================================
[05set2026 17:09:27.869] [REI-ReloadPlugins/DEBUG] [REI/]: [REI] ========================================
[05set2026 17:09:27.869] [REI-ReloadPlugins/DEBUG] [REI/]: [REI] REIClientPlugin starting pre-reload for START.
[05set2026 17:09:27.869] [REI-ReloadPlugins/DEBUG] [REI/]: [REI] Reloadables (18):
[05set2026 17:09:27.869] [REI-ReloadPlugins/DEBUG] [REI/]: [REI]  - EntryRendererRegistryImpl
[05set2026 17:09:27.869] [REI-ReloadPlugins/DEBUG] [REI/]: [REI]  - ViewsImpl
[05set2026 17:09:27.869] [REI-ReloadPlugins/DEBUG] [REI/]: [REI]  - InputMethodRegistryImpl
[05set2026 17:09:27.869] [REI-ReloadPlugins/DEBUG] [REI/]: [REI]  - SearchProviderImpl
[05set2026 17:09:27.869] [REI-ReloadPlugins/DEBUG] [REI/]: [REI]  - ConfigManagerImpl
[05set2026 17:09:27.869] [REI-ReloadPlugins/DEBUG] [REI/]: [REI]  - EntryRegistryImpl
[05set2026 17:09:27.869] [REI-ReloadPlugins/DEBUG] [REI/]: [REI]  - CollapsibleEntryRegistryImpl
[05set2026 17:09:27.869] [REI-ReloadPlugins/DEBUG] [REI/]: [REI]  - BasicFilteringRuleImpl
[05set2026 17:09:27.869] [REI-ReloadPlugins/DEBUG] [REI/]: [REI]  - CategoryRegistryImpl
[05set2026 17:09:27.869] [REI-ReloadPlugins/DEBUG] [REI/]: [REI]  - DisplayRegistryImpl
[05set2026 17:09:27.870] [REI-ReloadPlugins/DEBUG] [REI/]: [REI]  - ScreenRegistryImpl
[05set2026 17:09:27.870] [REI-ReloadPlugins/DEBUG] [REI/]: [REI]  - FavoriteEntryTypeRegistryImpl
[05set2026 17:09:27.870] [REI-ReloadPlugins/DEBUG] [REI/]: [REI]  - SubsetsRegistryImpl
[05set2026 17:09:27.870] [REI-ReloadPlugins/DEBUG] [REI/]: [REI]  - TransferHandlerRegistryImpl
[05set2026 17:09:27.870] [REI-ReloadPlugins/DEBUG] [REI/]: [REI]  - SearchRuntime
[05set2026 17:09:27.870] [REI-ReloadPlugins/DEBUG] [REI/]: [REI]  - REIRuntimeImpl
[05set2026 17:09:27.870] [REI-ReloadPlugins/DEBUG] [REI/]: [REI]  - ConfigAddonRegistryImpl
[05set2026 17:09:27.870] [REI-ReloadPlugins/DEBUG] [REI/]: [REI]  - me.shedaniel.rei.plugin.client.runtime.PluginStageExecutionWatcher$1
[05set2026 17:09:27.870] [REI-ReloadPlugins/DEBUG] [REI/]: [REI] Plugins (3):
[05set2026 17:09:27.870] [REI-ReloadPlugins/DEBUG] [REI/]: [REI]  - (-100,00) DefaultClientPluginImpl of DefaultClientPluginImpl [roughlyenoughitems]
[05set2026 17:09:27.870] [REI-ReloadPlugins/DEBUG] [REI/]: [REI]  - (0,00) HideIngredientsFromTagsPlugin of HideIngredientsFromTagsPlugin [roughlyenoughitems]
[05set2026 17:09:27.870] [REI-ReloadPlugins/DEBUG] [REI/]: [REI]  - (0,00) DefaultClientRuntimePlugin of DefaultClientRuntimePlugin [roughlyenoughitems]
[05set2026 17:09:27.870] [REI-ReloadPlugins/DEBUG] [REI/]: [REI] ========================================
[05set2026 17:09:27.872] [REI-ReloadPlugins/DEBUG] [REI/]: [REI] ========================================
[05set2026 17:09:27.872] [REI-ReloadPlugins/DEBUG] [REI/]: [REI] REIClientPlugin finished pre-reload for START in 1.645 ms.
[05set2026 17:09:27.872] [REI-ReloadPlugins/DEBUG] [REI/]: [REI] ========================================
[05set2026 17:09:27.872] [REI-ReloadPlugins/DEBUG] [REI/]: [REI] ========================================
[05set2026 17:09:27.872] [REI-ReloadPlugins/DEBUG] [REI/]: [REI] REIServerPlugin starting pre-reload for START.
[05set2026 17:09:27.872] [REI-ReloadPlugins/DEBUG] [REI/]: [REI] Reloadables (3):
[05set2026 17:09:27.872] [REI-ReloadPlugins/DEBUG] [REI/]: [REI]  - MenuInfoRegistryImpl
[05set2026 17:09:27.873] [REI-ReloadPlugins/DEBUG] [REI/]: [REI]  - SlotAccessorRegistryImpl
[05set2026 17:09:27.873] [REI-ReloadPlugins/DEBUG] [REI/]: [REI]  - me.shedaniel.rei.plugin.client.runtime.PluginStageExecutionWatcher$1
[05set2026 17:09:27.873] [REI-ReloadPlugins/DEBUG] [REI/]: [REI] Plugins (2):
[05set2026 17:09:27.873] [REI-ReloadPlugins/DEBUG] [REI/]: [REI]  - (-100,00) DefaultPluginImpl of DefaultPluginImpl [roughlyenoughitems]
[05set2026 17:09:27.873] [REI-ReloadPlugins/DEBUG] [REI/]: [REI]  - (0,00) DefaultRuntimePlugin of DefaultRuntimePlugin [roughlyenoughitems]
[05set2026 17:09:27.873] [REI-ReloadPlugins/DEBUG] [REI/]: [REI] ========================================
[05set2026 17:09:27.874] [REI-ReloadPlugins/DEBUG] [REI/]: [REI] ========================================
[05set2026 17:09:27.875] [REI-ReloadPlugins/DEBUG] [REI/]: [REI] REIServerPlugin finished pre-reload for START in 834.0 μs.
[05set2026 17:09:27.875] [REI-ReloadPlugins/DEBUG] [REI/]: [REI] ========================================
[05set2026 17:09:27.878] [Render thread/DEBUG] [net.neoforged.coremod.transformer.CoreModBaseTransformer/COREMOD]: Transforming net/minecraft/world/entity/raid/Raid
[05set2026 17:09:27.878] [REI-ReloadPlugins/INFO] [REI/]: [REI] OOOOOOOOOOOOOOOOOOOOOOOOOOOOOOOOOOOOOOOO
[05set2026 17:09:27.878] [REI-ReloadPlugins/INFO] [REI/]: [REI] REIPlugin starting main-reload for START.
[05set2026 17:09:27.878] [REI-ReloadPlugins/DEBUG] [REI/]: [REI] Reloadables (8):
[05set2026 17:09:27.878] [REI-ReloadPlugins/DEBUG] [REI/]: [REI]  - EntryTypeRegistryImpl
[05set2026 17:09:27.878] [REI-ReloadPlugins/DEBUG] [REI/]: [REI]  - EntrySettingsAdapterRegistryImpl
[05set2026 17:09:27.878] [REI-ReloadPlugins/DEBUG] [REI/]: [REI]  - RecipeManagerContextImpl
[05set2026 17:09:27.878] [REI-ReloadPlugins/DEBUG] [REI/]: [REI]  - ItemComparatorRegistryImpl
[05set2026 17:09:27.878] [REI-ReloadPlugins/DEBUG] [REI/]: [REI]  - FluidComparatorRegistryImpl
[05set2026 17:09:27.878] [REI-ReloadPlugins/DEBUG] [REI/]: [REI]  - DisplaySerializerRegistryImpl
[05set2026 17:09:27.878] [REI-ReloadPlugins/DEBUG] [REI/]: [REI]  - FluidSupportProviderImpl
[05set2026 17:09:27.878] [REI-ReloadPlugins/DEBUG] [REI/]: [REI]  - me.shedaniel.rei.plugin.client.runtime.PluginStageExecutionWatcher$1
[05set2026 17:09:27.878] [REI-ReloadPlugins/INFO] [REI/]: [REI] Plugins (5):
[05set2026 17:09:27.879] [REI-ReloadPlugins/INFO] [REI/]: [REI]  - (-100,00) DefaultClientPluginImpl of DefaultClientPluginImpl [roughlyenoughitems]
[05set2026 17:09:27.879] [REI-ReloadPlugins/INFO] [REI/]: [REI]  - (-100,00) DefaultPluginImpl of DefaultPluginImpl [roughlyenoughitems]
[05set2026 17:09:27.879] [REI-ReloadPlugins/INFO] [REI/]: [REI]  - (0,00) HideIngredientsFromTagsPlugin of HideIngredientsFromTagsPlugin [roughlyenoughitems]
[05set2026 17:09:27.879] [REI-ReloadPlugins/INFO] [REI/]: [REI]  - (0,00) DefaultClientRuntimePlugin of DefaultClientRuntimePlugin [roughlyenoughitems]
[05set2026 17:09:27.879] [REI-ReloadPlugins/INFO] [REI/]: [REI]  - (0,00) DefaultRuntimePlugin of DefaultRuntimePlugin [roughlyenoughitems]
[05set2026 17:09:27.879] [REI-ReloadPlugins/INFO] [REI/]: [REI] OOOOOOOOOOOOOOOOOOOOOOOOOOOOOOOOOOOOOOOO
[05set2026 17:09:27.880] [REI-ReloadPlugins/DEBUG] [REI/]: [REI] ========================================
[05set2026 17:09:27.880] [REI-ReloadPlugins/DEBUG] [REI/]: [REI] REIPlugin started main-reload for START.
[05set2026 17:09:27.880] [REI-ReloadPlugins/DEBUG] [REI/]: [REI] ========================================
[05set2026 17:09:27.901] [Render thread/DEBUG] [mezz.jei.library.plugins.vanilla.ingredients.ItemStackListFactory/]: Added 138/225 new items from creative tab: Functional Blocks
[05set2026 17:09:27.902] [Render thread/DEBUG] [mezz.jei.library.plugins.vanilla.ingredients.ItemStackListFactory/]: Added 29/68 new items from creative tab: Redstone Blocks
[05set2026 17:09:27.902] [Render thread/DEBUG] [mezz.jei.library.plugins.vanilla.ingredients.ItemStackListFactory/]: Skipping creative tab: 'Saved Hotbars' because it is type: HOTBAR
[05set2026 17:09:27.902] [Render thread/DEBUG] [mezz.jei.library.plugins.vanilla.ingredients.ItemStackListFactory/]: Skipping creative tab: 'Search Items' because it is type: SEARCH
[05set2026 17:09:27.909] [Render thread/DEBUG] [mezz.jei.library.plugins.vanilla.ingredients.ItemStackListFactory/]: Added 101/113 new items from creative tab: Tools & Utilities
[05set2026 17:09:27.917] [Render thread/DEBUG] [mezz.jei.library.plugins.vanilla.ingredients.ItemStackListFactory/]: Added 92/104 new items from creative tab: Combat
[05set2026 17:09:27.927] [Render thread/DEBUG] [mezz.jei.library.plugins.vanilla.ingredients.ItemStackListFactory/]: Added 190/193 new items from creative tab: Food & Drinks
[05set2026 17:09:27.937] [REI-ReloadPlugins/DEBUG] [REI/]: [REI] ========================================
[05set2026 17:09:27.937] [REI-ReloadPlugins/DEBUG] [REI/]: [REI] REIPlugin ending main-reload for START.
[05set2026 17:09:27.937] [REI-ReloadPlugins/DEBUG] [REI/]: [REI] ========================================
[05set2026 17:09:27.938] [REI-ReloadPlugins/DEBUG] [REI/]: [REI] ========================================
[05set2026 17:09:27.938] [REI-ReloadPlugins/DEBUG] [REI/]: [REI] REIPlugin ended main-reload for START in 61.66 ms.
[05set2026 17:09:27.938] [REI-ReloadPlugins/DEBUG] [REI/]: [REI] ========================================
[05set2026 17:09:27.938] [REI-ReloadPlugins/INFO] [REI/]: [REI] ****************************************
[05set2026 17:09:27.938] [REI-ReloadPlugins/INFO] [REI/]: [REI] REIClientPlugin starting main-reload for START.
[05set2026 17:09:27.938] [REI-ReloadPlugins/DEBUG] [REI/]: [REI] Reloadables (18):
[05set2026 17:09:27.939] [REI-ReloadPlugins/DEBUG] [REI/]: [REI]  - EntryRendererRegistryImpl
[05set2026 17:09:27.939] [REI-ReloadPlugins/DEBUG] [REI/]: [REI]  - ViewsImpl
[05set2026 17:09:27.939] [REI-ReloadPlugins/DEBUG] [REI/]: [REI]  - InputMethodRegistryImpl
[05set2026 17:09:27.939] [REI-ReloadPlugins/DEBUG] [REI/]: [REI]  - SearchProviderImpl
[05set2026 17:09:27.939] [REI-ReloadPlugins/DEBUG] [REI/]: [REI]  - ConfigManagerImpl
[05set2026 17:09:27.939] [REI-ReloadPlugins/DEBUG] [REI/]: [REI]  - EntryRegistryImpl
[05set2026 17:09:27.939] [REI-ReloadPlugins/DEBUG] [REI/]: [REI]  - CollapsibleEntryRegistryImpl
[05set2026 17:09:27.939] [REI-ReloadPlugins/DEBUG] [REI/]: [REI]  - BasicFilteringRuleImpl
[05set2026 17:09:27.939] [REI-ReloadPlugins/DEBUG] [REI/]: [REI]  - CategoryRegistryImpl
[05set2026 17:09:27.939] [REI-ReloadPlugins/DEBUG] [REI/]: [REI]  - DisplayRegistryImpl
[05set2026 17:09:27.939] [REI-ReloadPlugins/DEBUG] [REI/]: [REI]  - ScreenRegistryImpl
[05set2026 17:09:27.939] [REI-ReloadPlugins/DEBUG] [REI/]: [REI]  - FavoriteEntryTypeRegistryImpl
[05set2026 17:09:27.939] [REI-ReloadPlugins/DEBUG] [REI/]: [REI]  - SubsetsRegistryImpl
[05set2026 17:09:27.939] [REI-ReloadPlugins/DEBUG] [REI/]: [REI]  - TransferHandlerRegistryImpl
[05set2026 17:09:27.939] [REI-ReloadPlugins/DEBUG] [REI/]: [REI]  - SearchRuntime
[05set2026 17:09:27.939] [REI-ReloadPlugins/DEBUG] [REI/]: [REI]  - REIRuntimeImpl
[05set2026 17:09:27.939] [REI-ReloadPlugins/DEBUG] [REI/]: [REI]  - ConfigAddonRegistryImpl
[05set2026 17:09:27.939] [REI-ReloadPlugins/DEBUG] [REI/]: [REI]  - me.shedaniel.rei.plugin.client.runtime.PluginStageExecutionWatcher$1
[05set2026 17:09:27.939] [REI-ReloadPlugins/INFO] [REI/]: [REI] Plugins (3):
[05set2026 17:09:27.940] [REI-ReloadPlugins/INFO] [REI/]: [REI]  - (-100,00) DefaultClientPluginImpl of DefaultClientPluginImpl [roughlyenoughitems]
[05set2026 17:09:27.940] [REI-ReloadPlugins/INFO] [REI/]: [REI]  - (0,00) HideIngredientsFromTagsPlugin of HideIngredientsFromTagsPlugin [roughlyenoughitems]
[05set2026 17:09:27.940] [REI-ReloadPlugins/INFO] [REI/]: [REI]  - (0,00) DefaultClientRuntimePlugin of DefaultClientRuntimePlugin [roughlyenoughitems]
[05set2026 17:09:27.940] [REI-ReloadPlugins/INFO] [REI/]: [REI] ****************************************
[05set2026 17:09:27.941] [REI-ReloadPlugins/DEBUG] [REI/]: [REI] Added overlay decider: me.shedaniel.rei.impl.client.registry.screen.ExclusionZonesImpl@4e376188 [-5,00 priority]
[05set2026 17:09:27.942] [Render thread/DEBUG] [mezz.jei.library.plugins.vanilla.ingredients.ItemStackListFactory/]: Added 255/269 new items from creative tab: Ingredients
[05set2026 17:09:27.943] [REI-ReloadPlugins/DEBUG] [REI/]: [REI] Added overlay decider: me.shedaniel.rei.impl.client.registry.screen.ScreenRegistryImpl$1@16cb16b4 [-10,00 priority]
[05set2026 17:09:27.944] [Render thread/DEBUG] [mezz.jei.library.plugins.vanilla.ingredients.ItemStackListFactory/]: Added 80/80 new items from creative tab: Spawn Eggs
[05set2026 17:09:27.944] [Render thread/WARN] [mezz.jei.library.plugins.vanilla.ingredients.ItemStackListFactory/]: Item Group has no display items and no search tab display items. Items from this group will be missing from the JEI ingredient list. Operator Utilities
[05set2026 17:09:27.944] [Render thread/DEBUG] [mezz.jei.library.plugins.vanilla.ingredients.ItemStackListFactory/]: Skipping creative tab: 'Survival Inventory' because it is type: INVENTORY
[05set2026 17:09:27.944] [Render thread/DEBUG] [mezz.jei.library.plugins.vanilla.ingredients.ItemStackListFactory/]: Added 10/10 new items from creative tab: Only Hammers
[05set2026 17:09:27.945] [REI-ReloadPlugins/DEBUG] [REI/]: [REI] Added overlay decider: me.shedaniel.rei.impl.client.registry.screen.ScreenRegistryImpl$2@2517b417 [-10,00 priority]
[05set2026 17:09:27.948] [REI-ReloadPlugins/DEBUG] [REI/]: [REI] Added overlay decider: me.shedaniel.rei.impl.client.registry.screen.ScreenRegistryImpl$3@2d2a47d [-20,00 priority]
[05set2026 17:09:27.950] [REI-ReloadPlugins/DEBUG] [REI/]: [REI] Added focused stack provider: me.shedaniel.rei.impl.client.registry.screen.ScreenRegistryImpl$4@6083ddae [-10,00 priority]
[05set2026 17:09:27.954] [REI-ReloadPlugins/DEBUG] [REI/]: [REI] Added draggable component provider: me.shedaniel.rei.api.client.gui.drag.component.DraggableComponentProviderWidget$1@64e9385f [0,00 priority]
[05set2026 17:09:27.959] [REI-ReloadPlugins/DEBUG] [REI/]: [REI] Added draggable component visitor: me.shedaniel.rei.api.client.gui.drag.component.DraggableComponentVisitorWidget$2@10951ab7 [0,00 priority]
[05set2026 17:09:27.968] [REI-ReloadPlugins/DEBUG] [REI/]: [REI] Preparing collapsed entry groups cache with 0 entries and 0 stacks
[05set2026 17:09:27.968] [REI-ReloadPlugins/DEBUG] [REI/]: [REI] Prepared collapsed entry groups cache with 0 entries and 0 stacks
[05set2026 17:09:27.974] [REI-ReloadPlugins/DEBUG] [REI/]: [REI] ========================================
[05set2026 17:09:27.974] [REI-ReloadPlugins/DEBUG] [REI/]: [REI] REIClientPlugin started main-reload for START.
[05set2026 17:09:27.974] [REI-ReloadPlugins/DEBUG] [REI/]: [REI] ========================================
[05set2026 17:09:28.011] [Render thread/INFO] [mezz.jei.library.load.PluginCallerTimerRunnable/]: Registering ingredients: jei:minecraft took 182.0 milliseconds
[05set2026 17:09:28.011] [Render thread/DEBUG] [mezz.jei.library.load.PluginCallerTimerRunnable/]: Registering ingredients: jei:neoforge_gui...
[05set2026 17:09:28.011] [Render thread/DEBUG] [mezz.jei.library.load.PluginCallerTimerRunnable/]: Registering ingredients: jei:debug...
[05set2026 17:09:28.011] [Render thread/DEBUG] [mezz.jei.library.load.PluginCallerTimerRunnable/]: Registering ingredients: jei:gui...
[05set2026 17:09:28.011] [Render thread/DEBUG] [mezz.jei.library.load.PluginCallerTimerRunnable/]: Registering ingredients: jei:internal...
[05set2026 17:09:28.012] [Render thread/INFO] [mezz.jei.library.load.PluginCaller/]: Registering ingredients took 182.9 ms
[05set2026 17:09:28.042] [Render thread/INFO] [mezz.jei.library.load.PluginCaller/]: Registering Mod Info...
[05set2026 17:09:28.042] [Render thread/DEBUG] [mezz.jei.library.load.PluginCallerTimerRunnable/]: Registering Mod Info: jei:minecraft...
[05set2026 17:09:28.043] [Render thread/DEBUG] [mezz.jei.library.load.PluginCallerTimerRunnable/]: Registering Mod Info: jei:neoforge_gui...
[05set2026 17:09:28.043] [Render thread/DEBUG] [mezz.jei.library.load.PluginCallerTimerRunnable/]: Registering Mod Info: jei:debug...
[05set2026 17:09:28.043] [Render thread/DEBUG] [mezz.jei.library.load.PluginCallerTimerRunnable/]: Registering Mod Info: jei:gui...
[05set2026 17:09:28.043] [Render thread/DEBUG] [mezz.jei.library.load.PluginCallerTimerRunnable/]: Registering Mod Info: jei:internal...
[05set2026 17:09:28.043] [Render thread/INFO] [mezz.jei.library.load.PluginCaller/]: Registering Mod Info took 1.135 ms
[05set2026 17:09:28.095] [Render thread/INFO] [mezz.jei.library.load.PluginCaller/]: Registering categories...
[05set2026 17:09:28.096] [Render thread/DEBUG] [mezz.jei.library.load.PluginCallerTimerRunnable/]: Registering categories: jei:minecraft...
[05set2026 17:09:28.128] [REI-ReloadPlugins/DEBUG] [REI/]: [REI] Added click area provider for net.minecraft.client.gui.screens.inventory.CraftingScreen: me.shedaniel.rei.api.client.registry.screen.SimpleClickArea$$Lambda/0x0000013e936462c8@777edf60
[05set2026 17:09:28.129] [REI-ReloadPlugins/DEBUG] [REI/]: [REI] Added click area provider for net.minecraft.client.gui.screens.inventory.InventoryScreen: me.shedaniel.rei.api.client.registry.screen.SimpleClickArea$$Lambda/0x0000013e936462c8@29ccab3d
[05set2026 17:09:28.129] [REI-ReloadPlugins/DEBUG] [REI/]: [REI] Added click area provider for net.minecraft.client.gui.screens.inventory.BrewingStandScreen: me.shedaniel.rei.api.client.registry.screen.SimpleClickArea$$Lambda/0x0000013e936462c8@6678bdd5
[05set2026 17:09:28.129] [REI-ReloadPlugins/DEBUG] [REI/]: [REI] Added click area provider for net.minecraft.client.gui.screens.inventory.FurnaceScreen: me.shedaniel.rei.api.client.registry.screen.SimpleClickArea$$Lambda/0x0000013e936462c8@677ceba5
[05set2026 17:09:28.129] [REI-ReloadPlugins/DEBUG] [REI/]: [REI] Added click area provider for net.minecraft.client.gui.screens.inventory.SmokerScreen: me.shedaniel.rei.api.client.registry.screen.SimpleClickArea$$Lambda/0x0000013e936462c8@413eea89
[05set2026 17:09:28.129] [REI-ReloadPlugins/DEBUG] [REI/]: [REI] Added click area provider for net.minecraft.client.gui.screens.inventory.BlastFurnaceScreen: me.shedaniel.rei.api.client.registry.screen.SimpleClickArea$$Lambda/0x0000013e936462c8@d6734d0
[05set2026 17:09:28.133] [REI-ReloadPlugins/DEBUG] [REI/]: [REI] Added exclusion zones provider: me.shedaniel.rei.plugin.client.exclusionzones.DefaultPotionEffectExclusionZones@3c90d2ce for net.minecraft.client.gui.screens.inventory.EffectRenderingInventoryScreen
[05set2026 17:09:28.137] [REI-ReloadPlugins/DEBUG] [REI/]: [REI] Added exclusion zones provider: me.shedaniel.rei.plugin.client.exclusionzones.DefaultRecipeBookExclusionZones@7505024d for net.minecraft.client.gui.screens.recipebook.RecipeUpdateListener
[05set2026 17:09:28.139] [REI-ReloadPlugins/DEBUG] [REI/]: [REI] Added exclusion zones provider: me.shedaniel.rei.plugin.client.runtime.DefaultClientRuntimePlugin$$Lambda/0x0000013e936474f8@1203be82 for me.shedaniel.rei.impl.client.gui.screen.DefaultDisplayViewingScreen
[05set2026 17:09:28.140] [REI-ReloadPlugins/DEBUG] [REI/]: [REI] Added exclusion zones provider: me.shedaniel.rei.plugin.client.runtime.DefaultClientRuntimePlugin$$Lambda/0x0000013e93647978@609accb4 for net.minecraft.client.gui.screens.Screen
[05set2026 17:09:28.142] [REI-ReloadPlugins/DEBUG] [REI/]: [REI] Added draggable component provider: me.shedaniel.rei.api.client.gui.drag.component.DraggableComponentProviderWidget$1@7e2fc36a [0,00 priority]
[05set2026 17:09:28.143] [REI-ReloadPlugins/DEBUG] [REI/]: [REI] Added draggable component visitor: me.shedaniel.rei.api.client.gui.drag.component.DraggableComponentVisitorWidget$2@2e8b267c [0,00 priority]
[05set2026 17:09:28.153] [REI-ReloadPlugins/DEBUG] [REI/]: [REI] Added favorite entry type [roughlyenoughitems:gamemode]: INSTANCE
[05set2026 17:09:28.172] [REI-ReloadPlugins/DEBUG] [REI/]: [REI] Added favorite entry type [roughlyenoughitems:weather]: INSTANCE
[05set2026 17:09:28.189] [REI-ReloadPlugins/DEBUG] [REI/]: [REI] Added favorite entry type [roughlyenoughitems:time]: INSTANCE
[05set2026 17:09:28.199] [REI-ReloadPlugins/DEBUG] [REI/]: [REI] Added favorite entry type [roughlyenoughitems:entry_stack]: INSTANCE
[05set2026 17:09:28.203] [REI-ReloadPlugins/DEBUG] [REI/]: [REI] Added favorite entry type [roughlyenoughitems:display]: INSTANCE
[05set2026 17:09:28.206] [REI-ReloadPlugins/DEBUG] [REI/]: [REI] ========================================
[05set2026 17:09:28.206] [REI-ReloadPlugins/DEBUG] [REI/]: [REI] REIClientPlugin ending main-reload for START.
[05set2026 17:09:28.206] [REI-ReloadPlugins/DEBUG] [REI/]: [REI] ========================================
[05set2026 17:09:28.228] [Render thread/INFO] [mezz.jei.library.load.PluginCallerTimerRunnable/]: Registering categories: jei:minecraft took 131.6 milliseconds
[05set2026 17:09:28.228] [Render thread/DEBUG] [mezz.jei.library.load.PluginCallerTimerRunnable/]: Registering categories: jei:neoforge_gui...
[05set2026 17:09:28.228] [Render thread/DEBUG] [mezz.jei.library.load.PluginCallerTimerRunnable/]: Registering categories: jei:debug...
[05set2026 17:09:28.228] [Render thread/DEBUG] [mezz.jei.library.load.PluginCallerTimerRunnable/]: Registering categories: jei:gui...
[05set2026 17:09:28.228] [Render thread/DEBUG] [mezz.jei.library.load.PluginCallerTimerRunnable/]: Registering categories: jei:internal...
[05set2026 17:09:28.238] [REI-ReloadPlugins/DEBUG] [REI/]: [REI] Config saved
[05set2026 17:09:28.269] [Render thread/INFO] [mezz.jei.library.load.PluginCallerTimerRunnable/]: Registering categories: jei:internal took 40.95 milliseconds
[05set2026 17:09:28.270] [Render thread/INFO] [mezz.jei.library.load.PluginCaller/]: Registering categories took 173.8 ms
[05set2026 17:09:28.287] [Render thread/INFO] [mezz.jei.library.load.PluginCaller/]: Registering vanilla category extensions...
[05set2026 17:09:28.288] [Render thread/DEBUG] [mezz.jei.library.load.PluginCallerTimerRunnable/]: Registering vanilla category extensions: jei:minecraft...
[05set2026 17:09:28.298] [Render thread/DEBUG] [mezz.jei.library.load.PluginCallerTimerRunnable/]: Registering vanilla category extensions: jei:neoforge_gui...
[05set2026 17:09:28.298] [Render thread/DEBUG] [mezz.jei.library.load.PluginCallerTimerRunnable/]: Registering vanilla category extensions: jei:debug...
[05set2026 17:09:28.298] [Render thread/DEBUG] [mezz.jei.library.load.PluginCallerTimerRunnable/]: Registering vanilla category extensions: jei:gui...
[05set2026 17:09:28.298] [Render thread/DEBUG] [mezz.jei.library.load.PluginCallerTimerRunnable/]: Registering vanilla category extensions: jei:internal...
[05set2026 17:09:28.299] [Render thread/INFO] [mezz.jei.library.load.PluginCaller/]: Registering vanilla category extensions took 11.95 ms
[05set2026 17:09:28.307] [Render thread/INFO] [mezz.jei.library.load.PluginCaller/]: Registering recipe catalysts...
[05set2026 17:09:28.308] [Render thread/DEBUG] [mezz.jei.library.load.PluginCallerTimerRunnable/]: Registering recipe catalysts: jei:minecraft...
[05set2026 17:09:28.309] [Render thread/DEBUG] [mezz.jei.library.load.PluginCallerTimerRunnable/]: Registering recipe catalysts: jei:neoforge_gui...
[05set2026 17:09:28.310] [Render thread/DEBUG] [mezz.jei.library.load.PluginCallerTimerRunnable/]: Registering recipe catalysts: jei:debug...
[05set2026 17:09:28.310] [Render thread/DEBUG] [mezz.jei.library.load.PluginCallerTimerRunnable/]: Registering recipe catalysts: jei:gui...
[05set2026 17:09:28.310] [Render thread/DEBUG] [mezz.jei.library.load.PluginCallerTimerRunnable/]: Registering recipe catalysts: jei:internal...
[05set2026 17:09:28.310] [Render thread/INFO] [mezz.jei.library.load.PluginCaller/]: Registering recipe catalysts took 2.890 ms
[05set2026 17:09:28.316] [Render thread/INFO] [mezz.jei.library.load.PluginCaller/]: Registering advanced plugins...
[05set2026 17:09:28.316] [Render thread/DEBUG] [mezz.jei.library.load.PluginCallerTimerRunnable/]: Registering advanced plugins: jei:minecraft...
[05set2026 17:09:28.316] [Render thread/DEBUG] [mezz.jei.library.load.PluginCallerTimerRunnable/]: Registering advanced plugins: jei:neoforge_gui...
[05set2026 17:09:28.317] [Render thread/DEBUG] [mezz.jei.library.load.PluginCallerTimerRunnable/]: Registering advanced plugins: jei:debug...
[05set2026 17:09:28.317] [Render thread/DEBUG] [mezz.jei.library.load.PluginCallerTimerRunnable/]: Registering advanced plugins: jei:gui...
[05set2026 17:09:28.317] [Render thread/DEBUG] [mezz.jei.library.load.PluginCallerTimerRunnable/]: Registering advanced plugins: jei:internal...
[05set2026 17:09:28.317] [Render thread/INFO] [mezz.jei.library.load.PluginCaller/]: Registering advanced plugins took 1.105 ms
[05set2026 17:09:28.317] [Render thread/INFO] [mezz.jei.core.util.LoggedTimer/]: Building recipe registry...
[05set2026 17:09:28.360] [REI-ReloadPlugins/DEBUG] [REI/]: [REI] Refiltered rule [INSTANCE] in 69.21 ms.
[05set2026 17:09:28.364] [Render thread/INFO] [mezz.jei.core.util.LoggedTimer/]: Building recipe registry took 46.48 ms
[05set2026 17:09:28.367] [REI-ReloadPlugins/DEBUG] [REI/]: [REI] Refiltered rule [INSTANCE] in 5.160 ms.
[05set2026 17:09:28.377] [REI-ReloadPlugins/DEBUG] [REI/]: [REI] Refiltered rule [INSTANCE] in 3.542 ms.
[05set2026 17:09:28.377] [Render thread/INFO] [mezz.jei.library.load.PluginCaller/]: Registering recipes...
[05set2026 17:09:28.377] [Render thread/DEBUG] [mezz.jei.library.load.PluginCallerTimerRunnable/]: Registering recipes: jei:minecraft...
[05set2026 17:09:28.378] [REI-ReloadPlugins/DEBUG] [REI/]: [REI] Refiltered 1734 entries with 3 rules in 167.2 ms.
[05set2026 17:09:28.402] [REI-ReloadPlugins/DEBUG] [REI/]: [REI] Computed existing filtered displays with 3 rules in 21.42 ms
[05set2026 17:09:28.406] [REI-ReloadPlugins/DEBUG] [REI/]: [REI] Reloaded entry registry with 1734 entries and 1733 filtered entries
[05set2026 17:09:28.407] [REI-ReloadPlugins/DEBUG] [REI/]: [REI] Registered 4 overlay deciders and 4 exclusion zones
[05set2026 17:09:28.411] [REI-ReloadPlugins/DEBUG] [REI/]: [REI] Config saved
[05set2026 17:09:28.411] [REI-ReloadPlugins/DEBUG] [REI/]: [REI] Registered 5 favorite entry types
[05set2026 17:09:28.435] [Render thread/DEBUG] [mezz.jei.library.recipes.RecipeManagerInternal/]: Adding recipes: minecraft:crafting
[05set2026 17:09:28.505] [Render thread/DEBUG] [mezz.jei.library.recipes.RecipeManagerInternal/]: Adding recipes: minecraft:crafting
[05set2026 17:09:28.511] [Render thread/DEBUG] [mezz.jei.library.recipes.RecipeManagerInternal/]: Adding recipes: minecraft:stonecutting
[05set2026 17:09:28.515] [Render thread/DEBUG] [mezz.jei.library.recipes.RecipeManagerInternal/]: Adding recipes: minecraft:smelting
[05set2026 17:09:28.517] [Render thread/DEBUG] [mezz.jei.library.recipes.RecipeManagerInternal/]: Adding recipes: minecraft:smoking
[05set2026 17:09:28.517] [Render thread/DEBUG] [mezz.jei.library.recipes.RecipeManagerInternal/]: Adding recipes: minecraft:blasting
[05set2026 17:09:28.518] [Render thread/DEBUG] [mezz.jei.library.recipes.RecipeManagerInternal/]: Adding recipes: minecraft:campfire_cooking
[05set2026 17:09:28.526] [Render thread/DEBUG] [mezz.jei.library.recipes.RecipeManagerInternal/]: Adding recipes: minecraft:fuel
[05set2026 17:09:28.556] [REI-ReloadPlugins/DEBUG] [REI/]: [REI] Preparing collapsed entry groups cache with 0 entries and 1734 stacks
[05set2026 17:09:28.557] [REI-ReloadPlugins/DEBUG] [REI/]: [REI] Prepared collapsed entry groups cache with 0 entries and 1734 stacks
[05set2026 17:09:28.558] [REI-ReloadPlugins/DEBUG] [REI/]: [REI] ========================================
[05set2026 17:09:28.558] [REI-ReloadPlugins/DEBUG] [REI/]: [REI] REIClientPlugin ended main-reload for START in 620.5 ms.
[05set2026 17:09:28.558] [REI-ReloadPlugins/DEBUG] [REI/]: [REI] ========================================
[05set2026 17:09:28.558] [REI-ReloadPlugins/INFO] [REI/]: [REI] @@@@@@@@@@@@@@@@@@@@@@@@@@@@@@@@@@@@@@@@
[05set2026 17:09:28.558] [REI-ReloadPlugins/INFO] [REI/]: [REI] REIServerPlugin starting main-reload for START.
[05set2026 17:09:28.559] [REI-ReloadPlugins/DEBUG] [REI/]: [REI] Reloadables (3):
[05set2026 17:09:28.559] [REI-ReloadPlugins/DEBUG] [REI/]: [REI]  - MenuInfoRegistryImpl
[05set2026 17:09:28.559] [REI-ReloadPlugins/DEBUG] [REI/]: [REI]  - SlotAccessorRegistryImpl
[05set2026 17:09:28.559] [REI-ReloadPlugins/DEBUG] [REI/]: [REI]  - me.shedaniel.rei.plugin.client.runtime.PluginStageExecutionWatcher$1
[05set2026 17:09:28.559] [REI-ReloadPlugins/INFO] [REI/]: [REI] Plugins (2):
[05set2026 17:09:28.559] [REI-ReloadPlugins/INFO] [REI/]: [REI]  - (-100,00) DefaultPluginImpl of DefaultPluginImpl [roughlyenoughitems]
[05set2026 17:09:28.559] [REI-ReloadPlugins/INFO] [REI/]: [REI]  - (0,00) DefaultRuntimePlugin of DefaultRuntimePlugin [roughlyenoughitems]
[05set2026 17:09:28.560] [REI-ReloadPlugins/INFO] [REI/]: [REI] @@@@@@@@@@@@@@@@@@@@@@@@@@@@@@@@@@@@@@@@
[05set2026 17:09:28.560] [REI-ReloadPlugins/DEBUG] [REI/]: [REI] ========================================
[05set2026 17:09:28.560] [REI-ReloadPlugins/DEBUG] [REI/]: [REI] REIServerPlugin started main-reload for START.
[05set2026 17:09:28.560] [REI-ReloadPlugins/DEBUG] [REI/]: [REI] ========================================
[05set2026 17:09:28.561] [REI-ReloadPlugins/DEBUG] [REI/]: [REI] ========================================
[05set2026 17:09:28.561] [REI-ReloadPlugins/DEBUG] [REI/]: [REI] REIServerPlugin ending main-reload for START.
[05set2026 17:09:28.561] [REI-ReloadPlugins/DEBUG] [REI/]: [REI] ========================================
[05set2026 17:09:28.562] [REI-ReloadPlugins/DEBUG] [REI/]: [REI] ========================================
[05set2026 17:09:28.562] [REI-ReloadPlugins/DEBUG] [REI/]: [REI] REIServerPlugin ended main-reload for START in 3.459 ms.
[05set2026 17:09:28.562] [REI-ReloadPlugins/DEBUG] [REI/]: [REI] ========================================
[05set2026 17:09:28.563] [REI-ReloadPlugins/DEBUG] [REI/]: [REI] ========================================
[05set2026 17:09:28.563] [REI-ReloadPlugins/DEBUG] [REI/]: [REI] REIPlugin starting post-reload for START.
[05set2026 17:09:28.564] [REI-ReloadPlugins/DEBUG] [REI/]: [REI] Reloadables (8):
[05set2026 17:09:28.564] [REI-ReloadPlugins/DEBUG] [REI/]: [REI]  - EntryTypeRegistryImpl
[05set2026 17:09:28.564] [REI-ReloadPlugins/DEBUG] [REI/]: [REI]  - EntrySettingsAdapterRegistryImpl
[05set2026 17:09:28.564] [REI-ReloadPlugins/DEBUG] [REI/]: [REI]  - RecipeManagerContextImpl
[05set2026 17:09:28.564] [REI-ReloadPlugins/DEBUG] [REI/]: [REI]  - ItemComparatorRegistryImpl
[05set2026 17:09:28.564] [REI-ReloadPlugins/DEBUG] [REI/]: [REI]  - FluidComparatorRegistryImpl
[05set2026 17:09:28.564] [REI-ReloadPlugins/DEBUG] [REI/]: [REI]  - DisplaySerializerRegistryImpl
[05set2026 17:09:28.564] [REI-ReloadPlugins/DEBUG] [REI/]: [REI]  - FluidSupportProviderImpl
[05set2026 17:09:28.564] [REI-ReloadPlugins/DEBUG] [REI/]: [REI]  - me.shedaniel.rei.plugin.client.runtime.PluginStageExecutionWatcher$1
[05set2026 17:09:28.564] [REI-ReloadPlugins/DEBUG] [REI/]: [REI] Plugins (5):
[05set2026 17:09:28.564] [REI-ReloadPlugins/DEBUG] [REI/]: [REI]  - (-100,00) DefaultClientPluginImpl of DefaultClientPluginImpl [roughlyenoughitems]
[05set2026 17:09:28.564] [REI-ReloadPlugins/DEBUG] [REI/]: [REI]  - (-100,00) DefaultPluginImpl of DefaultPluginImpl [roughlyenoughitems]
[05set2026 17:09:28.564] [REI-ReloadPlugins/DEBUG] [REI/]: [REI]  - (0,00) HideIngredientsFromTagsPlugin of HideIngredientsFromTagsPlugin [roughlyenoughitems]
[05set2026 17:09:28.565] [REI-ReloadPlugins/DEBUG] [REI/]: [REI]  - (0,00) DefaultClientRuntimePlugin of DefaultClientRuntimePlugin [roughlyenoughitems]
[05set2026 17:09:28.565] [REI-ReloadPlugins/DEBUG] [REI/]: [REI]  - (0,00) DefaultRuntimePlugin of DefaultRuntimePlugin [roughlyenoughitems]
[05set2026 17:09:28.565] [REI-ReloadPlugins/DEBUG] [REI/]: [REI] ========================================
[05set2026 17:09:28.565] [Render thread/DEBUG] [mezz.jei.library.recipes.RecipeManagerInternal/]: Adding recipes: minecraft:anvil
[05set2026 17:09:28.570] [REI-ReloadPlugins/DEBUG] [REI/]: [REI] ========================================
[05set2026 17:09:28.570] [REI-ReloadPlugins/INFO] [REI/]: [REI] REIPlugin finished post-reload for START in 5.383 ms, totaling 174.2 ms.
[05set2026 17:09:28.571] [REI-ReloadPlugins/DEBUG] [REI/]: [REI] ========================================
[05set2026 17:09:28.571] [REI-ReloadPlugins/DEBUG] [REI/]: [REI] ========================================
[05set2026 17:09:28.571] [REI-ReloadPlugins/DEBUG] [REI/]: [REI] REIClientPlugin starting post-reload for START.
[05set2026 17:09:28.571] [REI-ReloadPlugins/DEBUG] [REI/]: [REI] Reloadables (18):
[05set2026 17:09:28.571] [REI-ReloadPlugins/DEBUG] [REI/]: [REI]  - EntryRendererRegistryImpl
[05set2026 17:09:28.571] [REI-ReloadPlugins/DEBUG] [REI/]: [REI]  - ViewsImpl
[05set2026 17:09:28.571] [REI-ReloadPlugins/DEBUG] [REI/]: [REI]  - InputMethodRegistryImpl
[05set2026 17:09:28.571] [REI-ReloadPlugins/DEBUG] [REI/]: [REI]  - SearchProviderImpl
[05set2026 17:09:28.571] [REI-ReloadPlugins/DEBUG] [REI/]: [REI]  - ConfigManagerImpl
[05set2026 17:09:28.571] [REI-ReloadPlugins/DEBUG] [REI/]: [REI]  - EntryRegistryImpl
[05set2026 17:09:28.571] [REI-ReloadPlugins/DEBUG] [REI/]: [REI]  - CollapsibleEntryRegistryImpl
[05set2026 17:09:28.571] [REI-ReloadPlugins/DEBUG] [REI/]: [REI]  - BasicFilteringRuleImpl
[05set2026 17:09:28.571] [REI-ReloadPlugins/DEBUG] [REI/]: [REI]  - CategoryRegistryImpl
[05set2026 17:09:28.571] [REI-ReloadPlugins/DEBUG] [REI/]: [REI]  - DisplayRegistryImpl
[05set2026 17:09:28.571] [REI-ReloadPlugins/DEBUG] [REI/]: [REI]  - ScreenRegistryImpl
[05set2026 17:09:28.571] [REI-ReloadPlugins/DEBUG] [REI/]: [REI]  - FavoriteEntryTypeRegistryImpl
[05set2026 17:09:28.571] [REI-ReloadPlugins/DEBUG] [REI/]: [REI]  - SubsetsRegistryImpl
[05set2026 17:09:28.571] [REI-ReloadPlugins/DEBUG] [REI/]: [REI]  - TransferHandlerRegistryImpl
[05set2026 17:09:28.571] [REI-ReloadPlugins/DEBUG] [REI/]: [REI]  - SearchRuntime
[05set2026 17:09:28.571] [REI-ReloadPlugins/DEBUG] [REI/]: [REI]  - REIRuntimeImpl
[05set2026 17:09:28.571] [REI-ReloadPlugins/DEBUG] [REI/]: [REI]  - ConfigAddonRegistryImpl
[05set2026 17:09:28.571] [REI-ReloadPlugins/DEBUG] [REI/]: [REI]  - me.shedaniel.rei.plugin.client.runtime.PluginStageExecutionWatcher$1
[05set2026 17:09:28.571] [REI-ReloadPlugins/DEBUG] [REI/]: [REI] Plugins (3):
[05set2026 17:09:28.571] [REI-ReloadPlugins/DEBUG] [REI/]: [REI]  - (-100,00) DefaultClientPluginImpl of DefaultClientPluginImpl [roughlyenoughitems]
[05set2026 17:09:28.572] [REI-ReloadPlugins/DEBUG] [REI/]: [REI]  - (0,00) HideIngredientsFromTagsPlugin of HideIngredientsFromTagsPlugin [roughlyenoughitems]
[05set2026 17:09:28.572] [REI-ReloadPlugins/DEBUG] [REI/]: [REI]  - (0,00) DefaultClientRuntimePlugin of DefaultClientRuntimePlugin [roughlyenoughitems]
[05set2026 17:09:28.572] [REI-ReloadPlugins/DEBUG] [REI/]: [REI] ========================================
[05set2026 17:09:28.573] [REI-ReloadPlugins/DEBUG] [REI/]: [REI] ========================================
[05set2026 17:09:28.573] [REI-ReloadPlugins/INFO] [REI/]: [REI] REIClientPlugin finished post-reload for START in 1.001 ms, totaling 623.0 ms.
[05set2026 17:09:28.573] [REI-ReloadPlugins/DEBUG] [REI/]: [REI] ========================================
[05set2026 17:09:28.573] [REI-ReloadPlugins/DEBUG] [REI/]: [REI] ========================================
[05set2026 17:09:28.573] [REI-ReloadPlugins/DEBUG] [REI/]: [REI] REIServerPlugin starting post-reload for START.
[05set2026 17:09:28.573] [REI-ReloadPlugins/DEBUG] [REI/]: [REI] Reloadables (3):
[05set2026 17:09:28.573] [REI-ReloadPlugins/DEBUG] [REI/]: [REI]  - MenuInfoRegistryImpl
[05set2026 17:09:28.573] [REI-ReloadPlugins/DEBUG] [REI/]: [REI]  - SlotAccessorRegistryImpl
[05set2026 17:09:28.573] [REI-ReloadPlugins/DEBUG] [REI/]: [REI]  - me.shedaniel.rei.plugin.client.runtime.PluginStageExecutionWatcher$1
[05set2026 17:09:28.573] [REI-ReloadPlugins/DEBUG] [REI/]: [REI] Plugins (2):
[05set2026 17:09:28.573] [REI-ReloadPlugins/DEBUG] [REI/]: [REI]  - (-100,00) DefaultPluginImpl of DefaultPluginImpl [roughlyenoughitems]
[05set2026 17:09:28.573] [REI-ReloadPlugins/DEBUG] [REI/]: [REI]  - (0,00) DefaultRuntimePlugin of DefaultRuntimePlugin [roughlyenoughitems]
[05set2026 17:09:28.573] [REI-ReloadPlugins/DEBUG] [REI/]: [REI] ========================================
[05set2026 17:09:28.574] [REI-ReloadPlugins/DEBUG] [REI/]: [REI] ========================================
[05set2026 17:09:28.574] [REI-ReloadPlugins/INFO] [REI/]: [REI] REIServerPlugin finished post-reload for START in 311.7 μs, totaling 4.550 ms.
[05set2026 17:09:28.574] [REI-ReloadPlugins/DEBUG] [REI/]: [REI] ========================================
[05set2026 17:09:28.574] [REI-ReloadPlugins/DEBUG] [REI/]: [REI] ========================================
[05set2026 17:09:28.574] [REI-ReloadPlugins/DEBUG] [REI/]: [REI] REIPlugin starting pre-reload for END.
[05set2026 17:09:28.574] [REI-ReloadPlugins/DEBUG] [REI/]: [REI] Reloadables (8):
[05set2026 17:09:28.574] [REI-ReloadPlugins/DEBUG] [REI/]: [REI]  - EntryTypeRegistryImpl
[05set2026 17:09:28.574] [REI-ReloadPlugins/DEBUG] [REI/]: [REI]  - EntrySettingsAdapterRegistryImpl
[05set2026 17:09:28.574] [REI-ReloadPlugins/DEBUG] [REI/]: [REI]  - RecipeManagerContextImpl
[05set2026 17:09:28.574] [REI-ReloadPlugins/DEBUG] [REI/]: [REI]  - ItemComparatorRegistryImpl
[05set2026 17:09:28.574] [REI-ReloadPlugins/DEBUG] [REI/]: [REI]  - FluidComparatorRegistryImpl
[05set2026 17:09:28.574] [REI-ReloadPlugins/DEBUG] [REI/]: [REI]  - DisplaySerializerRegistryImpl
[05set2026 17:09:28.574] [REI-ReloadPlugins/DEBUG] [REI/]: [REI]  - FluidSupportProviderImpl
[05set2026 17:09:28.574] [REI-ReloadPlugins/DEBUG] [REI/]: [REI]  - me.shedaniel.rei.plugin.client.runtime.PluginStageExecutionWatcher$1
[05set2026 17:09:28.574] [REI-ReloadPlugins/DEBUG] [REI/]: [REI] Plugins (5):
[05set2026 17:09:28.575] [REI-ReloadPlugins/DEBUG] [REI/]: [REI]  - (-100,00) DefaultClientPluginImpl of DefaultClientPluginImpl [roughlyenoughitems]
[05set2026 17:09:28.575] [REI-ReloadPlugins/DEBUG] [REI/]: [REI]  - (-100,00) DefaultPluginImpl of DefaultPluginImpl [roughlyenoughitems]
[05set2026 17:09:28.575] [REI-ReloadPlugins/DEBUG] [REI/]: [REI]  - (0,00) HideIngredientsFromTagsPlugin of HideIngredientsFromTagsPlugin [roughlyenoughitems]
[05set2026 17:09:28.575] [REI-ReloadPlugins/DEBUG] [REI/]: [REI]  - (0,00) DefaultClientRuntimePlugin of DefaultClientRuntimePlugin [roughlyenoughitems]
[05set2026 17:09:28.575] [REI-ReloadPlugins/DEBUG] [REI/]: [REI]  - (0,00) DefaultRuntimePlugin of DefaultRuntimePlugin [roughlyenoughitems]
[05set2026 17:09:28.575] [REI-ReloadPlugins/DEBUG] [REI/]: [REI] ========================================
[05set2026 17:09:28.577] [REI-ReloadPlugins/DEBUG] [REI/]: [REI] ========================================
[05set2026 17:09:28.577] [REI-ReloadPlugins/DEBUG] [REI/]: [REI] REIPlugin finished pre-reload for END in 1.028 ms.
[05set2026 17:09:28.577] [REI-ReloadPlugins/DEBUG] [REI/]: [REI] ========================================
[05set2026 17:09:28.577] [REI-ReloadPlugins/DEBUG] [REI/]: [REI] ========================================
[05set2026 17:09:28.577] [REI-ReloadPlugins/DEBUG] [REI/]: [REI] REIClientPlugin starting pre-reload for END.
[05set2026 17:09:28.577] [REI-ReloadPlugins/DEBUG] [REI/]: [REI] Reloadables (18):
[05set2026 17:09:28.577] [REI-ReloadPlugins/DEBUG] [REI/]: [REI]  - EntryRendererRegistryImpl
[05set2026 17:09:28.577] [REI-ReloadPlugins/DEBUG] [REI/]: [REI]  - ViewsImpl
[05set2026 17:09:28.577] [REI-ReloadPlugins/DEBUG] [REI/]: [REI]  - InputMethodRegistryImpl
[05set2026 17:09:28.577] [REI-ReloadPlugins/DEBUG] [REI/]: [REI]  - SearchProviderImpl
[05set2026 17:09:28.577] [REI-ReloadPlugins/DEBUG] [REI/]: [REI]  - ConfigManagerImpl
[05set2026 17:09:28.578] [REI-ReloadPlugins/DEBUG] [REI/]: [REI]  - EntryRegistryImpl
[05set2026 17:09:28.578] [REI-ReloadPlugins/DEBUG] [REI/]: [REI]  - CollapsibleEntryRegistryImpl
[05set2026 17:09:28.578] [REI-ReloadPlugins/DEBUG] [REI/]: [REI]  - BasicFilteringRuleImpl
[05set2026 17:09:28.578] [REI-ReloadPlugins/DEBUG] [REI/]: [REI]  - CategoryRegistryImpl
[05set2026 17:09:28.578] [REI-ReloadPlugins/DEBUG] [REI/]: [REI]  - DisplayRegistryImpl
[05set2026 17:09:28.578] [REI-ReloadPlugins/DEBUG] [REI/]: [REI]  - ScreenRegistryImpl
[05set2026 17:09:28.578] [REI-ReloadPlugins/DEBUG] [REI/]: [REI]  - FavoriteEntryTypeRegistryImpl
[05set2026 17:09:28.578] [REI-ReloadPlugins/DEBUG] [REI/]: [REI]  - SubsetsRegistryImpl
[05set2026 17:09:28.578] [REI-ReloadPlugins/DEBUG] [REI/]: [REI]  - TransferHandlerRegistryImpl
[05set2026 17:09:28.578] [REI-ReloadPlugins/DEBUG] [REI/]: [REI]  - SearchRuntime
[05set2026 17:09:28.578] [REI-ReloadPlugins/DEBUG] [REI/]: [REI]  - REIRuntimeImpl
[05set2026 17:09:28.578] [REI-ReloadPlugins/DEBUG] [REI/]: [REI]  - ConfigAddonRegistryImpl
[05set2026 17:09:28.578] [REI-ReloadPlugins/DEBUG] [REI/]: [REI]  - me.shedaniel.rei.plugin.client.runtime.PluginStageExecutionWatcher$1
[05set2026 17:09:28.578] [REI-ReloadPlugins/DEBUG] [REI/]: [REI] Plugins (3):
[05set2026 17:09:28.578] [REI-ReloadPlugins/DEBUG] [REI/]: [REI]  - (-100,00) DefaultClientPluginImpl of DefaultClientPluginImpl [roughlyenoughitems]
[05set2026 17:09:28.578] [REI-ReloadPlugins/DEBUG] [REI/]: [REI]  - (0,00) HideIngredientsFromTagsPlugin of HideIngredientsFromTagsPlugin [roughlyenoughitems]
[05set2026 17:09:28.578] [REI-ReloadPlugins/DEBUG] [REI/]: [REI]  - (0,00) DefaultClientRuntimePlugin of DefaultClientRuntimePlugin [roughlyenoughitems]
[05set2026 17:09:28.578] [REI-ReloadPlugins/DEBUG] [REI/]: [REI] ========================================
[05set2026 17:09:28.580] [REI-ReloadPlugins/DEBUG] [REI/]: [REI] ========================================
[05set2026 17:09:28.580] [REI-ReloadPlugins/DEBUG] [REI/]: [REI] REIClientPlugin finished pre-reload for END in 1.465 ms.
[05set2026 17:09:28.580] [REI-ReloadPlugins/DEBUG] [REI/]: [REI] ========================================
[05set2026 17:09:28.580] [REI-ReloadPlugins/DEBUG] [REI/]: [REI] ========================================
[05set2026 17:09:28.580] [REI-ReloadPlugins/DEBUG] [REI/]: [REI] REIServerPlugin starting pre-reload for END.
[05set2026 17:09:28.580] [REI-ReloadPlugins/DEBUG] [REI/]: [REI] Reloadables (3):
[05set2026 17:09:28.581] [REI-ReloadPlugins/DEBUG] [REI/]: [REI]  - MenuInfoRegistryImpl
[05set2026 17:09:28.581] [REI-ReloadPlugins/DEBUG] [REI/]: [REI]  - SlotAccessorRegistryImpl
[05set2026 17:09:28.581] [REI-ReloadPlugins/DEBUG] [REI/]: [REI]  - me.shedaniel.rei.plugin.client.runtime.PluginStageExecutionWatcher$1
[05set2026 17:09:28.581] [REI-ReloadPlugins/DEBUG] [REI/]: [REI] Plugins (2):
[05set2026 17:09:28.581] [REI-ReloadPlugins/DEBUG] [REI/]: [REI]  - (-100,00) DefaultPluginImpl of DefaultPluginImpl [roughlyenoughitems]
[05set2026 17:09:28.581] [REI-ReloadPlugins/DEBUG] [REI/]: [REI]  - (0,00) DefaultRuntimePlugin of DefaultRuntimePlugin [roughlyenoughitems]
[05set2026 17:09:28.581] [REI-ReloadPlugins/DEBUG] [REI/]: [REI] ========================================
[05set2026 17:09:28.582] [REI-ReloadPlugins/DEBUG] [REI/]: [REI] ========================================
[05set2026 17:09:28.582] [REI-ReloadPlugins/DEBUG] [REI/]: [REI] REIServerPlugin finished pre-reload for END in 541.0 μs.
[05set2026 17:09:28.582] [REI-ReloadPlugins/DEBUG] [REI/]: [REI] ========================================
[05set2026 17:09:28.582] [REI-ReloadPlugins/INFO] [REI/]: [REI] ----------------------------------------
[05set2026 17:09:28.582] [REI-ReloadPlugins/INFO] [REI/]: [REI] REIPlugin starting main-reload for END.
[05set2026 17:09:28.582] [REI-ReloadPlugins/DEBUG] [REI/]: [REI] Reloadables (8):
[05set2026 17:09:28.582] [REI-ReloadPlugins/DEBUG] [REI/]: [REI]  - EntryTypeRegistryImpl
[05set2026 17:09:28.582] [REI-ReloadPlugins/DEBUG] [REI/]: [REI]  - EntrySettingsAdapterRegistryImpl
[05set2026 17:09:28.582] [REI-ReloadPlugins/DEBUG] [REI/]: [REI]  - RecipeManagerContextImpl
[05set2026 17:09:28.582] [REI-ReloadPlugins/DEBUG] [REI/]: [REI]  - ItemComparatorRegistryImpl
[05set2026 17:09:28.583] [REI-ReloadPlugins/DEBUG] [REI/]: [REI]  - FluidComparatorRegistryImpl
[05set2026 17:09:28.583] [REI-ReloadPlugins/DEBUG] [REI/]: [REI]  - DisplaySerializerRegistryImpl
[05set2026 17:09:28.583] [REI-ReloadPlugins/DEBUG] [REI/]: [REI]  - FluidSupportProviderImpl
[05set2026 17:09:28.583] [REI-ReloadPlugins/DEBUG] [REI/]: [REI]  - me.shedaniel.rei.plugin.client.runtime.PluginStageExecutionWatcher$1
[05set2026 17:09:28.583] [REI-ReloadPlugins/INFO] [REI/]: [REI] Plugins (5):
[05set2026 17:09:28.583] [REI-ReloadPlugins/INFO] [REI/]: [REI]  - (-100,00) DefaultClientPluginImpl of DefaultClientPluginImpl [roughlyenoughitems]
[05set2026 17:09:28.583] [REI-ReloadPlugins/INFO] [REI/]: [REI]  - (-100,00) DefaultPluginImpl of DefaultPluginImpl [roughlyenoughitems]
[05set2026 17:09:28.583] [REI-ReloadPlugins/INFO] [REI/]: [REI]  - (0,00) HideIngredientsFromTagsPlugin of HideIngredientsFromTagsPlugin [roughlyenoughitems]
[05set2026 17:09:28.583] [REI-ReloadPlugins/INFO] [REI/]: [REI]  - (0,00) DefaultClientRuntimePlugin of DefaultClientRuntimePlugin [roughlyenoughitems]
[05set2026 17:09:28.583] [Render thread/DEBUG] [mezz.jei.library.recipes.RecipeManagerInternal/]: Adding recipes: minecraft:smithing
[05set2026 17:09:28.583] [REI-ReloadPlugins/INFO] [REI/]: [REI]  - (0,00) DefaultRuntimePlugin of DefaultRuntimePlugin [roughlyenoughitems]
[05set2026 17:09:28.583] [REI-ReloadPlugins/INFO] [REI/]: [REI] ----------------------------------------
[05set2026 17:09:28.584] [REI-ReloadPlugins/DEBUG] [REI/]: [REI] ========================================
[05set2026 17:09:28.584] [REI-ReloadPlugins/DEBUG] [REI/]: [REI] REIPlugin started main-reload for END.
[05set2026 17:09:28.584] [REI-ReloadPlugins/DEBUG] [REI/]: [REI] ========================================
[05set2026 17:09:28.595] [Render thread/DEBUG] [mezz.jei.library.recipes.RecipeManagerInternal/]: Adding recipes: minecraft:compostable
[05set2026 17:09:28.664] [Render thread/DEBUG] [mezz.jei.library.recipes.RecipeManagerInternal/]: Adding recipes: minecraft:brewing
[05set2026 17:09:28.667] [Render thread/INFO] [mezz.jei.library.load.PluginCallerTimerRunnable/]: Registering recipes: jei:minecraft took 290.0 milliseconds
[05set2026 17:09:28.667] [Render thread/DEBUG] [mezz.jei.library.load.PluginCallerTimerRunnable/]: Registering recipes: jei:neoforge_gui...
[05set2026 17:09:28.667] [Render thread/DEBUG] [mezz.jei.library.load.PluginCallerTimerRunnable/]: Registering recipes: jei:debug...
[05set2026 17:09:28.667] [Render thread/DEBUG] [mezz.jei.library.load.PluginCallerTimerRunnable/]: Registering recipes: jei:gui...
[05set2026 17:09:28.667] [Render thread/DEBUG] [mezz.jei.library.load.PluginCallerTimerRunnable/]: Registering recipes: jei:internal...
[05set2026 17:09:28.674] [Render thread/DEBUG] [mezz.jei.library.plugins.jei.tags.TagInfoRecipeMaker/]: No valid ingredients found for minecraft:fluid tag: Rabbit Stew (c:rabbit_stew)
[05set2026 17:09:28.674] [Render thread/DEBUG] [mezz.jei.library.plugins.jei.tags.TagInfoRecipeMaker/]: No valid ingredients found for minecraft:fluid tag: Mushroom Stew (c:mushroom_stew)
[05set2026 17:09:28.674] [Render thread/DEBUG] [mezz.jei.library.plugins.jei.tags.TagInfoRecipeMaker/]: No valid ingredients found for minecraft:fluid tag: Beetroot Soup (c:beetroot_soup)
[05set2026 17:09:28.674] [Render thread/DEBUG] [mezz.jei.library.plugins.jei.tags.TagInfoRecipeMaker/]: No valid ingredients found for minecraft:fluid tag: Milk (c:milk)
[05set2026 17:09:28.674] [Render thread/DEBUG] [mezz.jei.library.plugins.jei.tags.TagInfoRecipeMaker/]: No valid ingredients found for minecraft:fluid tag: Suspicious Stew (c:suspicious_stew)
[05set2026 17:09:28.674] [Render thread/DEBUG] [mezz.jei.library.plugins.jei.tags.TagInfoRecipeMaker/]: No valid ingredients found for minecraft:fluid tag: Potion (c:potion)
[05set2026 17:09:28.674] [Render thread/DEBUG] [mezz.jei.library.plugins.jei.tags.TagInfoRecipeMaker/]: No valid ingredients found for minecraft:fluid tag: Honey (c:honey)
[05set2026 17:09:28.674] [Render thread/DEBUG] [mezz.jei.library.plugins.jei.tags.TagInfoRecipeMaker/]: No valid ingredients found for minecraft:fluid tag: Gaseous (c:gaseous)
[05set2026 17:09:28.674] [Render thread/DEBUG] [mezz.jei.library.recipes.RecipeManagerInternal/]: Adding recipes: minecraft:fluid
[05set2026 17:09:28.677] [Render thread/DEBUG] [mezz.jei.library.plugins.jei.tags.TagInfoRecipeMaker/]: No valid ingredients found for minecraft:item tag: Candies (c:foods/candy)
[05set2026 17:09:28.678] [Render thread/DEBUG] [mezz.jei.library.plugins.jei.tags.TagInfoRecipeMaker/]: No valid ingredients found for minecraft:item tag: Ropes (c:ropes)
[05set2026 17:09:28.678] [Render thread/DEBUG] [mezz.jei.library.recipes.RecipeManagerInternal/]: Adding recipes: minecraft:item
[05set2026 17:09:28.686] [Render thread/DEBUG] [mezz.jei.library.plugins.jei.tags.TagInfoRecipeMaker/]: No valid ingredients found for minecraft:block tag: #minecraft:strider_warm_blocks (minecraft:strider_warm_blocks)
[05set2026 17:09:28.687] [Render thread/DEBUG] [mezz.jei.library.plugins.jei.tags.TagInfoRecipeMaker/]: No valid ingredients found for minecraft:block tag: #minecraft:candle_cakes (minecraft:candle_cakes)
[05set2026 17:09:28.687] [Render thread/DEBUG] [mezz.jei.library.plugins.jei.tags.TagInfoRecipeMaker/]: No valid ingredients found for minecraft:block tag: #minecraft:invalid_spawn_inside (minecraft:invalid_spawn_inside)
[05set2026 17:09:28.687] [Render thread/DEBUG] [mezz.jei.library.plugins.jei.tags.TagInfoRecipeMaker/]: No valid ingredients found for minecraft:block tag: #minecraft:incorrect_for_diamond_tool (minecraft:incorrect_for_diamond_tool)
[05set2026 17:09:28.687] [Render thread/DEBUG] [mezz.jei.library.plugins.jei.tags.TagInfoRecipeMaker/]: No valid ingredients found for minecraft:block tag: #minecraft:fire (minecraft:fire)
[05set2026 17:09:28.687] [Render thread/DEBUG] [mezz.jei.library.plugins.jei.tags.TagInfoRecipeMaker/]: No valid ingredients found for minecraft:block tag: Ropes (c:ropes)
[05set2026 17:09:28.687] [Render thread/DEBUG] [mezz.jei.library.plugins.jei.tags.TagInfoRecipeMaker/]: No valid ingredients found for minecraft:block tag: Enderman Place On Blacklist (neoforge:enderman_place_on_blacklist)
[05set2026 17:09:28.688] [Render thread/DEBUG] [mezz.jei.library.plugins.jei.tags.TagInfoRecipeMaker/]: No valid ingredients found for minecraft:block tag: #minecraft:air (minecraft:air)
[05set2026 17:09:28.688] [Render thread/DEBUG] [mezz.jei.library.plugins.jei.tags.TagInfoRecipeMaker/]: No valid ingredients found for minecraft:block tag: #minecraft:incorrect_for_netherite_tool (minecraft:incorrect_for_netherite_tool)
[05set2026 17:09:28.688] [Render thread/DEBUG] [mezz.jei.library.plugins.jei.tags.TagInfoRecipeMaker/]: No valid ingredients found for minecraft:block tag: Relocation Not Supported (c:relocation_not_supported)
[05set2026 17:09:28.688] [Render thread/DEBUG] [mezz.jei.library.plugins.jei.tags.TagInfoRecipeMaker/]: No valid ingredients found for minecraft:block tag: #minecraft:portals (minecraft:portals)
[05set2026 17:09:28.688] [Render thread/DEBUG] [mezz.jei.library.recipes.RecipeManagerInternal/]: Adding recipes: minecraft:block
[05set2026 17:09:28.697] [Render thread/INFO] [mezz.jei.library.load.PluginCallerTimerRunnable/]: Registering recipes: jei:internal took 28.83 milliseconds
[05set2026 17:09:28.697] [Render thread/INFO] [mezz.jei.library.load.PluginCaller/]: Registering recipes took 319.8 ms
[05set2026 17:09:28.711] [REI-ReloadPlugins/DEBUG] [REI/]: [REI] ========================================
[05set2026 17:09:28.711] [REI-ReloadPlugins/DEBUG] [REI/]: [REI] REIPlugin ending main-reload for END.
[05set2026 17:09:28.711] [REI-ReloadPlugins/DEBUG] [REI/]: [REI] ========================================
[05set2026 17:09:28.712] [REI-ReloadPlugins/DEBUG] [REI/]: [REI] ========================================
[05set2026 17:09:28.712] [REI-ReloadPlugins/DEBUG] [REI/]: [REI] REIPlugin ended main-reload for END in 130.5 ms.
[05set2026 17:09:28.712] [REI-ReloadPlugins/DEBUG] [REI/]: [REI] ========================================
[05set2026 17:09:28.712] [REI-ReloadPlugins/INFO] [REI/]: [REI] ########################################
[05set2026 17:09:28.712] [REI-ReloadPlugins/INFO] [REI/]: [REI] REIClientPlugin starting main-reload for END.
[05set2026 17:09:28.712] [REI-ReloadPlugins/DEBUG] [REI/]: [REI] Reloadables (18):
[05set2026 17:09:28.712] [REI-ReloadPlugins/DEBUG] [REI/]: [REI]  - EntryRendererRegistryImpl
[05set2026 17:09:28.712] [REI-ReloadPlugins/DEBUG] [REI/]: [REI]  - ViewsImpl
[05set2026 17:09:28.712] [REI-ReloadPlugins/DEBUG] [REI/]: [REI]  - InputMethodRegistryImpl
[05set2026 17:09:28.712] [REI-ReloadPlugins/DEBUG] [REI/]: [REI]  - SearchProviderImpl
[05set2026 17:09:28.712] [REI-ReloadPlugins/DEBUG] [REI/]: [REI]  - ConfigManagerImpl
[05set2026 17:09:28.712] [REI-ReloadPlugins/DEBUG] [REI/]: [REI]  - EntryRegistryImpl
[05set2026 17:09:28.712] [REI-ReloadPlugins/DEBUG] [REI/]: [REI]  - CollapsibleEntryRegistryImpl
[05set2026 17:09:28.712] [REI-ReloadPlugins/DEBUG] [REI/]: [REI]  - BasicFilteringRuleImpl
[05set2026 17:09:28.712] [REI-ReloadPlugins/DEBUG] [REI/]: [REI]  - CategoryRegistryImpl
[05set2026 17:09:28.712] [REI-ReloadPlugins/DEBUG] [REI/]: [REI]  - DisplayRegistryImpl
[05set2026 17:09:28.712] [REI-ReloadPlugins/DEBUG] [REI/]: [REI]  - ScreenRegistryImpl
[05set2026 17:09:28.712] [REI-ReloadPlugins/DEBUG] [REI/]: [REI]  - FavoriteEntryTypeRegistryImpl
[05set2026 17:09:28.712] [REI-ReloadPlugins/DEBUG] [REI/]: [REI]  - SubsetsRegistryImpl
[05set2026 17:09:28.713] [REI-ReloadPlugins/DEBUG] [REI/]: [REI]  - TransferHandlerRegistryImpl
[05set2026 17:09:28.713] [REI-ReloadPlugins/DEBUG] [REI/]: [REI]  - SearchRuntime
[05set2026 17:09:28.713] [REI-ReloadPlugins/DEBUG] [REI/]: [REI]  - REIRuntimeImpl
[05set2026 17:09:28.713] [REI-ReloadPlugins/DEBUG] [REI/]: [REI]  - ConfigAddonRegistryImpl
[05set2026 17:09:28.713] [REI-ReloadPlugins/DEBUG] [REI/]: [REI]  - me.shedaniel.rei.plugin.client.runtime.PluginStageExecutionWatcher$1
[05set2026 17:09:28.713] [REI-ReloadPlugins/INFO] [REI/]: [REI] Plugins (3):
[05set2026 17:09:28.713] [REI-ReloadPlugins/INFO] [REI/]: [REI]  - (-100,00) DefaultClientPluginImpl of DefaultClientPluginImpl [roughlyenoughitems]
[05set2026 17:09:28.713] [REI-ReloadPlugins/INFO] [REI/]: [REI]  - (0,00) HideIngredientsFromTagsPlugin of HideIngredientsFromTagsPlugin [roughlyenoughitems]
[05set2026 17:09:28.713] [REI-ReloadPlugins/INFO] [REI/]: [REI]  - (0,00) DefaultClientRuntimePlugin of DefaultClientRuntimePlugin [roughlyenoughitems]
[05set2026 17:09:28.713] [REI-ReloadPlugins/INFO] [REI/]: [REI] ########################################
[05set2026 17:09:28.720] [Render thread/INFO] [mezz.jei.library.load.PluginCaller/]: Registering recipes transfer handlers...
[05set2026 17:09:28.720] [Render thread/DEBUG] [mezz.jei.library.load.PluginCallerTimerRunnable/]: Registering recipes transfer handlers: jei:minecraft...
[05set2026 17:09:28.727] [REI-ReloadPlugins/DEBUG] [REI/]: [REI] Added category visibility predicate: me.shedaniel.rei.impl.client.registry.category.CategoryRegistryImpl$$Lambda/0x0000013e93695978@16ecf352 [0,00 priority]
[05set2026 17:09:28.729] [REI-ReloadPlugins/DEBUG] [REI/]: [REI] Preparing collapsed entry groups cache with 0 entries and 1734 stacks
[05set2026 17:09:28.729] [REI-ReloadPlugins/DEBUG] [REI/]: [REI] Prepared collapsed entry groups cache with 0 entries and 1734 stacks
[05set2026 17:09:28.729] [REI-ReloadPlugins/DEBUG] [REI/]: [REI] ========================================
[05set2026 17:09:28.729] [REI-ReloadPlugins/DEBUG] [REI/]: [REI] REIClientPlugin started main-reload for END.
[05set2026 17:09:28.729] [REI-ReloadPlugins/DEBUG] [REI/]: [REI] ========================================
[05set2026 17:09:28.731] [Render thread/DEBUG] [mezz.jei.library.load.PluginCallerTimerRunnable/]: Registering recipes transfer handlers: jei:neoforge_gui...
[05set2026 17:09:28.731] [Render thread/DEBUG] [mezz.jei.library.load.PluginCallerTimerRunnable/]: Registering recipes transfer handlers: jei:debug...
[05set2026 17:09:28.731] [Render thread/DEBUG] [mezz.jei.library.load.PluginCallerTimerRunnable/]: Registering recipes transfer handlers: jei:gui...
[05set2026 17:09:28.731] [Render thread/DEBUG] [mezz.jei.library.load.PluginCallerTimerRunnable/]: Registering recipes transfer handlers: jei:internal...
[05set2026 17:09:28.731] [Render thread/INFO] [mezz.jei.library.load.PluginCaller/]: Registering recipes transfer handlers took 11.50 ms
[05set2026 17:09:28.733] [REI-ReloadPlugins/DEBUG] [REI/]: [REI] Added input method [rei:default]: Default
[05set2026 17:09:28.755] [Render thread/INFO] [mezz.jei.core.util.LoggedTimer/]: Building runtime...
[05set2026 17:09:28.775] [Render thread/INFO] [mezz.jei.library.load.PluginCaller/]: Registering gui handlers...
[05set2026 17:09:28.775] [Render thread/DEBUG] [mezz.jei.library.load.PluginCallerTimerRunnable/]: Registering gui handlers: jei:minecraft...
[05set2026 17:09:28.783] [REI-ReloadPlugins/DEBUG] [REI/]: [REI] Added input method [rei:pinyin]: Pinyin (Mandarin)
[05set2026 17:09:28.787] [Render thread/INFO] [mezz.jei.library.load.PluginCallerTimerRunnable/]: Registering gui handlers: jei:minecraft took 11.31 milliseconds
[05set2026 17:09:28.787] [Render thread/DEBUG] [mezz.jei.library.load.PluginCallerTimerRunnable/]: Registering gui handlers: jei:neoforge_gui...
[05set2026 17:09:28.787] [Render thread/DEBUG] [mezz.jei.library.load.PluginCallerTimerRunnable/]: Registering gui handlers: jei:debug...
[05set2026 17:09:28.787] [REI-ReloadPlugins/DEBUG] [REI/]: [REI] Added input method [rei:jyutping]: Jyutping (Cantonese)
[05set2026 17:09:28.787] [Render thread/DEBUG] [mezz.jei.library.load.PluginCallerTimerRunnable/]: Registering gui handlers: jei:gui...
[05set2026 17:09:28.803] [REI-ReloadPlugins/DEBUG] [REI/]: [REI] Added input method [rei:bomopofo]: Bopomofo (Mandarin)
[05set2026 17:09:28.809] [Render thread/INFO] [mezz.jei.library.load.PluginCallerTimerRunnable/]: Registering gui handlers: jei:gui took 21.93 milliseconds
[05set2026 17:09:28.809] [Render thread/DEBUG] [mezz.jei.library.load.PluginCallerTimerRunnable/]: Registering gui handlers: jei:internal...
[05set2026 17:09:28.809] [Render thread/INFO] [mezz.jei.library.load.PluginCaller/]: Registering gui handlers took 34.21 ms
[05set2026 17:09:28.812] [REI-ReloadPlugins/DEBUG] [REI/]: [REI] Added input method [rei:double_pinyin]: Double Pinyin (Mandarin)
[05set2026 17:09:28.817] [REI-ReloadPlugins/DEBUG] [REI/]: [REI] Added collapsible entry group [roughlyenoughitems:enchanted_book] Enchanted Book with dynamic predicate
[05set2026 17:09:28.818] [REI-ReloadPlugins/DEBUG] [REI/]: [REI] Added collapsible entry group [roughlyenoughitems:potion] Potion with dynamic predicate
[05set2026 17:09:28.819] [REI-ReloadPlugins/DEBUG] [REI/]: [REI] Added collapsible entry group [roughlyenoughitems:splash_potion] Splash Potion with dynamic predicate
[05set2026 17:09:28.820] [REI-ReloadPlugins/DEBUG] [REI/]: [REI] Added collapsible entry group [roughlyenoughitems:lingering_potion] Lingering Potion with dynamic predicate
[05set2026 17:09:28.821] [REI-ReloadPlugins/DEBUG] [REI/]: [REI] Added collapsible entry group [roughlyenoughitems:spawn_egg] Spawn Egg with dynamic predicate
[05set2026 17:09:28.822] [REI-ReloadPlugins/DEBUG] [REI/]: [REI] Added collapsible entry group [roughlyenoughitems:tipped_arrow] Tipped Arrow with dynamic predicate
[05set2026 17:09:28.823] [REI-ReloadPlugins/DEBUG] [REI/]: [REI] Added collapsible entry group [roughlyenoughitems:music_disc] Music Disc with dynamic predicate
[05set2026 17:09:28.830] [Render thread/INFO] [mezz.jei.library.load.PluginCaller/]: Registering Runtime...
[05set2026 17:09:28.831] [Render thread/DEBUG] [mezz.jei.library.load.PluginCallerTimerRunnable/]: Registering Runtime: jei:minecraft...
[05set2026 17:09:28.831] [Render thread/DEBUG] [mezz.jei.library.load.PluginCallerTimerRunnable/]: Registering Runtime: jei:neoforge_gui...
[05set2026 17:09:28.833] [Render thread/INFO] [mezz.jei.gui.startup.JeiGuiStarter/]: Starting JEI GUI
[05set2026 17:09:28.835] [Render thread/INFO] [mezz.jei.core.util.LoggedTimer/]: Building ingredient list...
[05set2026 17:09:28.838] [Render thread/DEBUG] [mezz.jei.gui.ingredients.IngredientListElementFactory/]: Registering ingredients: ItemStack
[05set2026 17:09:28.848] [Render thread/DEBUG] [mezz.jei.gui.ingredients.IngredientListElementFactory/]: Registering ingredients: FluidStack
[05set2026 17:09:28.848] [Render thread/INFO] [mezz.jei.core.util.LoggedTimer/]: Building ingredient list took 12.46 ms
[05set2026 17:09:28.848] [Render thread/INFO] [mezz.jei.core.util.LoggedTimer/]: Building ingredient filter...
[05set2026 17:09:28.909] [REI-ReloadPlugins/DEBUG] [REI/]: [REI] Added category [minecraft:plugins/crafting]: Crafting
[05set2026 17:09:28.909] [REI-ReloadPlugins/DEBUG] [REI/]: [REI] Added category [minecraft:plugins/smelting]: Smelting
[05set2026 17:09:28.909] [REI-ReloadPlugins/DEBUG] [REI/]: [REI] Added category [minecraft:plugins/smoking]: Smoking
[05set2026 17:09:28.909] [REI-ReloadPlugins/DEBUG] [REI/]: [REI] Added category [minecraft:plugins/blasting]: Blasting
[05set2026 17:09:28.909] [REI-ReloadPlugins/DEBUG] [REI/]: [REI] Added category [minecraft:plugins/campfire]: Campfire
[05set2026 17:09:28.909] [REI-ReloadPlugins/DEBUG] [REI/]: [REI] Added category [minecraft:plugins/stone_cutting]: Stone Cutting
[05set2026 17:09:28.909] [REI-ReloadPlugins/DEBUG] [REI/]: [REI] Added category [minecraft:plugins/fuel]: Fuel
[05set2026 17:09:28.909] [REI-ReloadPlugins/DEBUG] [REI/]: [REI] Added category [minecraft:plugins/brewing]: Brewing
[05set2026 17:09:28.909] [REI-ReloadPlugins/DEBUG] [REI/]: [REI] Added category [minecraft:plugins/composting]: Composting
[05set2026 17:09:28.909] [REI-ReloadPlugins/DEBUG] [REI/]: [REI] Added category [minecraft:plugins/stripping]: Stripping
[05set2026 17:09:28.909] [REI-ReloadPlugins/DEBUG] [REI/]: [REI] Added category [minecraft:plugins/smithing]: Smithing
[05set2026 17:09:28.909] [REI-ReloadPlugins/DEBUG] [REI/]: [REI] Added category [minecraft:plugins/anvil]: Anvil
[05set2026 17:09:28.909] [REI-ReloadPlugins/DEBUG] [REI/]: [REI] Added category [minecraft:plugins/beacon_base]: Beacon Base
[05set2026 17:09:28.909] [REI-ReloadPlugins/DEBUG] [REI/]: [REI] Added category [minecraft:plugins/beacon_payment]: Beacon Payment
[05set2026 17:09:28.909] [REI-ReloadPlugins/DEBUG] [REI/]: [REI] Added category [minecraft:plugins/tilling]: Tilling
[05set2026 17:09:28.909] [REI-ReloadPlugins/DEBUG] [REI/]: [REI] Added category [minecraft:plugins/pathing]: Pathing
[05set2026 17:09:28.909] [REI-ReloadPlugins/DEBUG] [REI/]: [REI] Added category [minecraft:plugins/waxing]: Waxing
[05set2026 17:09:28.910] [REI-ReloadPlugins/DEBUG] [REI/]: [REI] Added category [minecraft:plugins/wax_scraping]: Wax Scraping
[05set2026 17:09:28.910] [REI-ReloadPlugins/DEBUG] [REI/]: [REI] Added category [minecraft:plugins/oxidizing]: Oxidizing
[05set2026 17:09:28.910] [REI-ReloadPlugins/DEBUG] [REI/]: [REI] Added category [minecraft:plugins/oxidation_scraping]: Oxidation Scraping
[05set2026 17:09:28.934] [REI-ReloadPlugins/DEBUG] [REI/]: [REI] Added category visibility predicate: me.shedaniel.rei.plugin.client.DefaultClientPlugin$$Lambda/0x0000013e936aaa90@4ef492ec [0,00 priority]
[05set2026 17:09:28.954] [REI-ReloadPlugins/DEBUG] [REI/]: [REI] Added category [roughlyenoughitems:plugins/information]: Information
[05set2026 17:09:28.954] [REI-ReloadPlugins/DEBUG] [REI/]: [REI] Added category [minecraft:plugins/tag]: Tag
[05set2026 17:09:28.966] [REI-ReloadPlugins/DEBUG] [REI/]: [REI] Added display filter: me.shedaniel.rei.impl.client.registry.display.DisplayRegistryImpl$$Lambda/0x0000013e936b2148@400562b3
[05set2026 17:09:28.967] [REI-ReloadPlugins/DEBUG] [REI/]: [REI] Added display filter: me.shedaniel.rei.impl.client.registry.display.DisplayRegistryImpl$$Lambda/0x0000013e936b2148@1b913a70
[05set2026 17:09:28.968] [REI-ReloadPlugins/DEBUG] [REI/]: [REI] Added display filter: me.shedaniel.rei.impl.client.registry.display.DisplayRegistryImpl$$Lambda/0x0000013e936b2148@66790e5e
[05set2026 17:09:28.968] [REI-ReloadPlugins/DEBUG] [REI/]: [REI] Added display filter: me.shedaniel.rei.impl.client.registry.display.DisplayRegistryImpl$$Lambda/0x0000013e936b2148@a5ef157
[05set2026 17:09:28.969] [REI-ReloadPlugins/DEBUG] [REI/]: [REI] Added display filter: me.shedaniel.rei.impl.client.registry.display.DisplayRegistryImpl$$Lambda/0x0000013e936b2148@3ece755b
[05set2026 17:09:28.970] [REI-ReloadPlugins/DEBUG] [REI/]: [REI] Added display filter: me.shedaniel.rei.impl.client.registry.display.DisplayRegistryImpl$$Lambda/0x0000013e936b2148@2b55d5a5
[05set2026 17:09:28.971] [REI-ReloadPlugins/DEBUG] [REI/]: [REI] Added display filter: me.shedaniel.rei.impl.client.registry.display.DisplayRegistryImpl$$Lambda/0x0000013e936b2148@2acc5b11
[05set2026 17:09:28.977] [REI-ReloadPlugins/DEBUG] [REI/]: [REI] Added display filter: me.shedaniel.rei.impl.client.registry.display.DisplayRegistryImpl$$Lambda/0x0000013e936b5d28@5a7e301
[05set2026 17:09:28.984] [REI-ReloadPlugins/DEBUG] [REI/]: [REI] Added display filter: me.shedaniel.rei.impl.client.registry.display.DisplayRegistryImpl$$Lambda/0x0000013e936b2148@3a4304f
[05set2026 17:09:28.986] [REI-ReloadPlugins/DEBUG] [REI/]: [REI] Added display filter: me.shedaniel.rei.impl.client.registry.display.DisplayRegistryImpl$$Lambda/0x0000013e936b2148@29ff5aef
[05set2026 17:09:28.991] [REI-ReloadPlugins/DEBUG] [REI/]: [REI] Added display filter: me.shedaniel.rei.impl.client.registry.display.DisplayRegistryImpl$$Lambda/0x0000013e936b2148@738c2855
[05set2026 17:09:29.005] [REI-ReloadPlugins/DEBUG] [REI/]: [REI] Added display filter: me.shedaniel.rei.impl.client.registry.display.DisplayRegistryImpl$$Lambda/0x0000013e936b5d28@62aa7e
[05set2026 17:09:29.005] [REI-ReloadPlugins/DEBUG] [REI/]: [REI] Added display filter: me.shedaniel.rei.impl.client.registry.display.DisplayRegistryImpl$$Lambda/0x0000013e936b5d28@13b98d4f
[05set2026 17:09:29.005] [REI-ReloadPlugins/DEBUG] [REI/]: [REI] Added display filter: me.shedaniel.rei.impl.client.registry.display.DisplayRegistryImpl$$Lambda/0x0000013e936b5d28@7422d37f
[05set2026 17:09:29.005] [REI-ReloadPlugins/DEBUG] [REI/]: [REI] Added display filter: me.shedaniel.rei.impl.client.registry.display.DisplayRegistryImpl$$Lambda/0x0000013e936b5d28@4a668fdf
[05set2026 17:09:29.006] [REI-ReloadPlugins/DEBUG] [REI/]: [REI] Added display filter: me.shedaniel.rei.impl.client.registry.display.DisplayRegistryImpl$$Lambda/0x0000013e936b5d28@5fc2fdb7
[05set2026 17:09:29.006] [REI-ReloadPlugins/DEBUG] [REI/]: [REI] Added display filter: me.shedaniel.rei.impl.client.registry.display.DisplayRegistryImpl$$Lambda/0x0000013e936b5d28@4ed0f5
[05set2026 17:09:29.006] [REI-ReloadPlugins/DEBUG] [REI/]: [REI] Added display filter: me.shedaniel.rei.impl.client.registry.display.DisplayRegistryImpl$$Lambda/0x0000013e936b5d28@621542a8
[05set2026 17:09:29.006] [REI-ReloadPlugins/DEBUG] [REI/]: [REI] Added display filter: me.shedaniel.rei.impl.client.registry.display.DisplayRegistryImpl$$Lambda/0x0000013e936b5d28@1cf33142
[05set2026 17:09:29.006] [REI-ReloadPlugins/DEBUG] [REI/]: [REI] Added display filter: me.shedaniel.rei.impl.client.registry.display.DisplayRegistryImpl$$Lambda/0x0000013e936b5d28@5494582e
[05set2026 17:09:29.006] [REI-ReloadPlugins/DEBUG] [REI/]: [REI] Added display filter: me.shedaniel.rei.impl.client.registry.display.DisplayRegistryImpl$$Lambda/0x0000013e936b5d28@222be331
[05set2026 17:09:29.009] [Render thread/INFO] [mezz.jei.gui.ingredients.IngredientFilter/]: Adding 1698 ingredients
[05set2026 17:09:29.331] [Render thread/INFO] [mezz.jei.gui.ingredients.IngredientFilter/]: Added 1698/1698 ingredients
[05set2026 17:09:29.335] [Render thread/INFO] [mezz.jei.core.util.LoggedTimer/]: Building ingredient filter took 486.8 ms
[05set2026 17:09:29.598] [REI-ReloadPlugins/DEBUG] [REI/]: [REI] Computed existing filtered displays with 3 rules in 233.1 ms
[05set2026 17:09:29.598] [REI-ReloadPlugins/DEBUG] [REI/]: [REI] Added display visibility predicate: me.shedaniel.rei.plugin.client.runtime.FilteredStacksVisibilityHandler@165a191f [0,00 priority]
[05set2026 17:09:29.609] [REI-ReloadPlugins/DEBUG] [REI/]: [REI] Added transfer handler: me.shedaniel.rei.api.client.registry.transfer.simple.SimpleTransferHandler$1@533a016d [0,00 priority]
[05set2026 17:09:29.612] [REI-ReloadPlugins/DEBUG] [REI/]: [REI] Added transfer handler: me.shedaniel.rei.plugin.autocrafting.InventoryCraftingTransferHandler@3270fd4e [0,00 priority]
[05set2026 17:09:29.612] [REI-ReloadPlugins/DEBUG] [REI/]: [REI] Added transfer handler: me.shedaniel.rei.api.client.registry.transfer.simple.SimpleTransferHandler$1@4b35732 [0,00 priority]
[05set2026 17:09:29.612] [REI-ReloadPlugins/DEBUG] [REI/]: [REI] Added transfer handler: me.shedaniel.rei.api.client.registry.transfer.simple.SimpleTransferHandler$1@45643d5c [0,00 priority]
[05set2026 17:09:29.612] [REI-ReloadPlugins/DEBUG] [REI/]: [REI] Added transfer handler: me.shedaniel.rei.api.client.registry.transfer.simple.SimpleTransferHandler$1@61994fa1 [0,00 priority]
[05set2026 17:09:29.615] [REI-ReloadPlugins/DEBUG] [REI/]: [REI] Added transfer handler: me.shedaniel.rei.plugin.autocrafting.recipebook.DefaultRecipeBookHandler@5877fc8 [-20,00 priority]
[05set2026 17:09:29.620] [REI-ReloadPlugins/DEBUG] [REI/]: [REI] Added transfer handler: me.shedaniel.rei.plugin.autocrafting.DefaultCategoryHandler@3d044a0 [-10,00 priority]
[05set2026 17:09:29.621] [REI-ReloadPlugins/DEBUG] [REI/]: [REI] ========================================
[05set2026 17:09:29.621] [REI-ReloadPlugins/DEBUG] [REI/]: [REI] REIClientPlugin ending main-reload for END.
[05set2026 17:09:29.621] [REI-ReloadPlugins/DEBUG] [REI/]: [REI] ========================================
[05set2026 17:09:29.629] [REI-ReloadPlugins/DEBUG] [REI/]: [REI] Registered 5 input methods: Default, Jyutping (Cantonese), Pinyin (Mandarin), Bopomofo (Mandarin), Double Pinyin (Mandarin)
[05set2026 17:09:29.630] [REI-ReloadPlugins/DEBUG] [REI/]: [REI] Recollecting custom collapsible entry groups
[05set2026 17:09:29.630] [REI-ReloadPlugins/DEBUG] [REI/]: [REI] Registered 0 custom collapsible entry groups: 
[05set2026 17:09:29.631] [REI-ReloadPlugins/DEBUG] [REI/]: [REI] Registered 7 collapsible entry groups: Enchanted Book, Potion, Splash Potion, Lingering Potion, Spawn Egg, Tipped Arrow, Music Disc
[05set2026 17:09:29.632] [REI-ReloadPlugins/DEBUG] [REI/]: [REI] Registered 22 categories: Crafting, Smelting, Smoking, Blasting, Campfire, Stone Cutting, Fuel, Brewing, Composting, Stripping, Smithing, Anvil, Beacon Base, Beacon Payment, Tilling, Pathing, Waxing, Wax Scraping, Oxidizing, Oxidation Scraping, Information, Tag
[05set2026 17:09:29.632] [REI-ReloadPlugins/DEBUG] [REI/]: [REI] Found preliminary 3249 displays
[05set2026 17:09:29.688] [REI-ReloadPlugins/DEBUG] [REI/]: [REI] Filled 1693 displays from recipe manager in 55.00 ms
[05set2026 17:09:29.691] [REI-ReloadPlugins/DEBUG] [REI/]: [REI] Removing 0 failed displays
[05set2026 17:09:29.693] [REI-ReloadPlugins/DEBUG] [REI/]: [REI] Processing 4942 displays for optimal lookup performance...
[05set2026 17:09:29.736] [Render thread/INFO] [mezz.jei.library.load.PluginCallerTimerRunnable/]: Registering Runtime: jei:neoforge_gui took 904.5 milliseconds
[05set2026 17:09:29.736] [Render thread/DEBUG] [mezz.jei.library.load.PluginCallerTimerRunnable/]: Registering Runtime: jei:debug...
[05set2026 17:09:29.736] [Render thread/DEBUG] [mezz.jei.library.load.PluginCallerTimerRunnable/]: Registering Runtime: jei:gui...
[05set2026 17:09:29.736] [Render thread/DEBUG] [mezz.jei.library.load.PluginCallerTimerRunnable/]: Registering Runtime: jei:internal...
[05set2026 17:09:29.736] [Render thread/INFO] [mezz.jei.library.load.PluginCaller/]: Registering Runtime took 905.5 ms
[05set2026 17:09:29.737] [REI-ReloadPlugins/DEBUG] [REI/]: [REI] Processed displays for optimal lookup performance in 43.34 ms.
[05set2026 17:09:29.737] [REI-ReloadPlugins/DEBUG] [REI/]: [REI] 4942 displays registration have completed
[05set2026 17:09:29.737] [REI-ReloadPlugins/DEBUG] [REI/]: [REI] Registered 7 transfer handlers
[05set2026 17:09:29.740] [Render thread/INFO] [mezz.jei.core.util.LoggedTimer/]: Building runtime took 985.1 ms
[05set2026 17:09:29.741] [Render thread/INFO] [mezz.jei.library.load.PluginCaller/]: Sending Runtime...
[05set2026 17:09:29.742] [Render thread/DEBUG] [mezz.jei.library.load.PluginCallerTimerRunnable/]: Sending Runtime: jei:minecraft...
[05set2026 17:09:29.742] [Render thread/DEBUG] [mezz.jei.library.load.PluginCallerTimerRunnable/]: Sending Runtime: jei:neoforge_gui...
[05set2026 17:09:29.742] [Render thread/DEBUG] [mezz.jei.library.load.PluginCallerTimerRunnable/]: Sending Runtime: jei:debug...
[05set2026 17:09:29.742] [Render thread/DEBUG] [mezz.jei.library.load.PluginCallerTimerRunnable/]: Sending Runtime: jei:gui...
[05set2026 17:09:29.742] [Render thread/DEBUG] [mezz.jei.library.load.PluginCallerTimerRunnable/]: Sending Runtime: jei:internal...
[05set2026 17:09:29.742] [Render thread/INFO] [mezz.jei.library.load.PluginCaller/]: Sending Runtime took 819.0 μs
[05set2026 17:09:29.743] [Render thread/INFO] [mezz.jei.core.util.LoggedTimer/]: Starting JEI took 1.962 s
[05set2026 17:09:29.779] [Render thread/INFO] [net.minecraft.advancements.AdvancementTree/]: Loaded 22 advancements
[05set2026 17:09:29.783] [REI-ReloadPlugins/DEBUG] [REI/]: [REI] Preparing collapsed entry groups cache with 7 entries and 1734 stacks
[05set2026 17:09:29.783] [REI-ReloadPlugins/DEBUG] [REI/]: [REI] Prepared collapsed entry groups cache with 7 entries and 1734 stacks
[05set2026 17:09:29.783] [REI-ReloadPlugins/DEBUG] [REI/]: [REI] Registered 0 config addons
[05set2026 17:09:29.783] [REI-ReloadPlugins/DEBUG] [REI/]: [REI] ========================================
[05set2026 17:09:29.783] [REI-ReloadPlugins/DEBUG] [REI/]: [REI] REIClientPlugin ended main-reload for END in 1.071 s.
[05set2026 17:09:29.783] [REI-ReloadPlugins/DEBUG] [REI/]: [REI] ========================================
[05set2026 17:09:29.783] [REI-ReloadPlugins/INFO] [REI/]: [REI] ****************************************
[05set2026 17:09:29.783] [REI-ReloadPlugins/INFO] [REI/]: [REI] REIServerPlugin starting main-reload for END.
[05set2026 17:09:29.783] [REI-ReloadPlugins/DEBUG] [REI/]: [REI] Reloadables (3):
[05set2026 17:09:29.783] [REI-ReloadPlugins/DEBUG] [REI/]: [REI]  - MenuInfoRegistryImpl
[05set2026 17:09:29.783] [REI-ReloadPlugins/DEBUG] [REI/]: [REI]  - SlotAccessorRegistryImpl
[05set2026 17:09:29.783] [REI-ReloadPlugins/DEBUG] [REI/]: [REI]  - me.shedaniel.rei.plugin.client.runtime.PluginStageExecutionWatcher$1
[05set2026 17:09:29.783] [REI-ReloadPlugins/INFO] [REI/]: [REI] Plugins (2):
[05set2026 17:09:29.784] [REI-ReloadPlugins/INFO] [REI/]: [REI]  - (-100,00) DefaultPluginImpl of DefaultPluginImpl [roughlyenoughitems]
[05set2026 17:09:29.784] [REI-ReloadPlugins/INFO] [REI/]: [REI]  - (0,00) DefaultRuntimePlugin of DefaultRuntimePlugin [roughlyenoughitems]
[05set2026 17:09:29.784] [REI-ReloadPlugins/INFO] [REI/]: [REI] ****************************************
[05set2026 17:09:29.784] [REI-ReloadPlugins/DEBUG] [REI/]: [REI] ========================================
[05set2026 17:09:29.784] [REI-ReloadPlugins/DEBUG] [REI/]: [REI] REIServerPlugin started main-reload for END.
[05set2026 17:09:29.784] [REI-ReloadPlugins/DEBUG] [REI/]: [REI] ========================================
[05set2026 17:09:29.792] [REI-ReloadPlugins/DEBUG] [REI/]: [REI] Added slot accessor serializer: me.shedaniel.rei.plugin.common.runtime.DefaultRuntimePlugin$1@893320 [roughlyenoughitems:vanilla]
[05set2026 17:09:29.795] [REI-ReloadPlugins/DEBUG] [REI/]: [REI] Added slot accessor serializer: me.shedaniel.rei.plugin.common.runtime.DefaultRuntimePlugin$2@2873fa2e [roughlyenoughitems:player]
[05set2026 17:09:29.796] [REI-ReloadPlugins/DEBUG] [REI/]: [REI] ========================================
[05set2026 17:09:29.796] [REI-ReloadPlugins/DEBUG] [REI/]: [REI] REIServerPlugin ending main-reload for END.
[05set2026 17:09:29.796] [REI-ReloadPlugins/DEBUG] [REI/]: [REI] ========================================
[05set2026 17:09:29.796] [REI-ReloadPlugins/DEBUG] [REI/]: [REI] Registered 0 menu infos
[05set2026 17:09:29.796] [REI-ReloadPlugins/DEBUG] [REI/]: [REI] Registered 2 slot accessor serializers
[05set2026 17:09:29.797] [REI-ReloadPlugins/DEBUG] [REI/]: [REI] ========================================
[05set2026 17:09:29.797] [REI-ReloadPlugins/DEBUG] [REI/]: [REI] REIServerPlugin ended main-reload for END in 13.89 ms.
[05set2026 17:09:29.797] [REI-ReloadPlugins/DEBUG] [REI/]: [REI] ========================================
[05set2026 17:09:29.797] [REI-ReloadPlugins/DEBUG] [REI/]: [REI] ========================================
[05set2026 17:09:29.797] [REI-ReloadPlugins/DEBUG] [REI/]: [REI] REIPlugin starting post-reload for END.
[05set2026 17:09:29.797] [REI-ReloadPlugins/DEBUG] [REI/]: [REI] Reloadables (8):
[05set2026 17:09:29.797] [REI-ReloadPlugins/DEBUG] [REI/]: [REI]  - EntryTypeRegistryImpl
[05set2026 17:09:29.797] [REI-ReloadPlugins/DEBUG] [REI/]: [REI]  - EntrySettingsAdapterRegistryImpl
[05set2026 17:09:29.797] [REI-ReloadPlugins/DEBUG] [REI/]: [REI]  - RecipeManagerContextImpl
[05set2026 17:09:29.797] [REI-ReloadPlugins/DEBUG] [REI/]: [REI]  - ItemComparatorRegistryImpl
[05set2026 17:09:29.797] [REI-ReloadPlugins/DEBUG] [REI/]: [REI]  - FluidComparatorRegistryImpl
[05set2026 17:09:29.797] [REI-ReloadPlugins/DEBUG] [REI/]: [REI]  - DisplaySerializerRegistryImpl
[05set2026 17:09:29.797] [REI-ReloadPlugins/DEBUG] [REI/]: [REI]  - FluidSupportProviderImpl
[05set2026 17:09:29.797] [REI-ReloadPlugins/DEBUG] [REI/]: [REI]  - me.shedaniel.rei.plugin.client.runtime.PluginStageExecutionWatcher$1
[05set2026 17:09:29.797] [REI-ReloadPlugins/DEBUG] [REI/]: [REI] Plugins (5):
[05set2026 17:09:29.797] [REI-ReloadPlugins/DEBUG] [REI/]: [REI]  - (-100,00) DefaultClientPluginImpl of DefaultClientPluginImpl [roughlyenoughitems]
[05set2026 17:09:29.797] [REI-ReloadPlugins/DEBUG] [REI/]: [REI]  - (-100,00) DefaultPluginImpl of DefaultPluginImpl [roughlyenoughitems]
[05set2026 17:09:29.797] [REI-ReloadPlugins/DEBUG] [REI/]: [REI]  - (0,00) HideIngredientsFromTagsPlugin of HideIngredientsFromTagsPlugin [roughlyenoughitems]
[05set2026 17:09:29.797] [REI-ReloadPlugins/DEBUG] [REI/]: [REI]  - (0,00) DefaultClientRuntimePlugin of DefaultClientRuntimePlugin [roughlyenoughitems]
[05set2026 17:09:29.797] [REI-ReloadPlugins/DEBUG] [REI/]: [REI]  - (0,00) DefaultRuntimePlugin of DefaultRuntimePlugin [roughlyenoughitems]
[05set2026 17:09:29.797] [REI-ReloadPlugins/DEBUG] [REI/]: [REI] ========================================
[05set2026 17:09:29.798] [REI-ReloadPlugins/DEBUG] [REI/]: [REI] ========================================
[05set2026 17:09:29.798] [REI-ReloadPlugins/INFO] [REI/]: [REI] REIPlugin finished post-reload for END in 523.7 μs, totaling 132.0 ms.
[05set2026 17:09:29.798] [REI-ReloadPlugins/DEBUG] [REI/]: [REI] ========================================
[05set2026 17:09:29.798] [REI-ReloadPlugins/DEBUG] [REI/]: [REI] ========================================
[05set2026 17:09:29.798] [REI-ReloadPlugins/DEBUG] [REI/]: [REI] REIClientPlugin starting post-reload for END.
[05set2026 17:09:29.798] [REI-ReloadPlugins/DEBUG] [REI/]: [REI] Reloadables (18):
[05set2026 17:09:29.798] [REI-ReloadPlugins/DEBUG] [REI/]: [REI]  - EntryRendererRegistryImpl
[05set2026 17:09:29.798] [REI-ReloadPlugins/DEBUG] [REI/]: [REI]  - ViewsImpl
[05set2026 17:09:29.798] [REI-ReloadPlugins/DEBUG] [REI/]: [REI]  - InputMethodRegistryImpl
[05set2026 17:09:29.798] [REI-ReloadPlugins/DEBUG] [REI/]: [REI]  - SearchProviderImpl
[05set2026 17:09:29.798] [REI-ReloadPlugins/DEBUG] [REI/]: [REI]  - ConfigManagerImpl
[05set2026 17:09:29.798] [REI-ReloadPlugins/DEBUG] [REI/]: [REI]  - EntryRegistryImpl
[05set2026 17:09:29.798] [REI-ReloadPlugins/DEBUG] [REI/]: [REI]  - CollapsibleEntryRegistryImpl
[05set2026 17:09:29.798] [REI-ReloadPlugins/DEBUG] [REI/]: [REI]  - BasicFilteringRuleImpl
[05set2026 17:09:29.798] [REI-ReloadPlugins/DEBUG] [REI/]: [REI]  - CategoryRegistryImpl
[05set2026 17:09:29.799] [REI-ReloadPlugins/DEBUG] [REI/]: [REI]  - DisplayRegistryImpl
[05set2026 17:09:29.799] [REI-ReloadPlugins/DEBUG] [REI/]: [REI]  - ScreenRegistryImpl
[05set2026 17:09:29.799] [REI-ReloadPlugins/DEBUG] [REI/]: [REI]  - FavoriteEntryTypeRegistryImpl
[05set2026 17:09:29.799] [REI-ReloadPlugins/DEBUG] [REI/]: [REI]  - SubsetsRegistryImpl
[05set2026 17:09:29.799] [REI-ReloadPlugins/DEBUG] [REI/]: [REI]  - TransferHandlerRegistryImpl
[05set2026 17:09:29.799] [REI-ReloadPlugins/DEBUG] [REI/]: [REI]  - SearchRuntime
[05set2026 17:09:29.799] [REI-ReloadPlugins/DEBUG] [REI/]: [REI]  - REIRuntimeImpl
[05set2026 17:09:29.799] [REI-ReloadPlugins/DEBUG] [REI/]: [REI]  - ConfigAddonRegistryImpl
[05set2026 17:09:29.799] [REI-ReloadPlugins/DEBUG] [REI/]: [REI]  - me.shedaniel.rei.plugin.client.runtime.PluginStageExecutionWatcher$1
[05set2026 17:09:29.799] [REI-ReloadPlugins/DEBUG] [REI/]: [REI] Plugins (3):
[05set2026 17:09:29.799] [REI-ReloadPlugins/DEBUG] [REI/]: [REI]  - (-100,00) DefaultClientPluginImpl of DefaultClientPluginImpl [roughlyenoughitems]
[05set2026 17:09:29.799] [REI-ReloadPlugins/DEBUG] [REI/]: [REI]  - (0,00) HideIngredientsFromTagsPlugin of HideIngredientsFromTagsPlugin [roughlyenoughitems]
[05set2026 17:09:29.799] [REI-ReloadPlugins/DEBUG] [REI/]: [REI]  - (0,00) DefaultClientRuntimePlugin of DefaultClientRuntimePlugin [roughlyenoughitems]
[05set2026 17:09:29.799] [REI-ReloadPlugins/DEBUG] [REI/]: [REI] ========================================
[05set2026 17:09:29.799] [REI-ReloadPlugins/DEBUG] [REI/]: [REI] Registered displays report (4942 displays, 4942 cached / 0 not cached):
[05set2026 17:09:29.801] [REI-ReloadPlugins/DEBUG] [REI/]: [REI] - minecraft:plugins/anvil: 1886 displays
[05set2026 17:09:29.801] [REI-ReloadPlugins/DEBUG] [REI/]: [REI] - minecraft:plugins/beacon_base: 1 display
[05set2026 17:09:29.801] [REI-ReloadPlugins/DEBUG] [REI/]: [REI] - minecraft:plugins/beacon_payment: 1 display
[05set2026 17:09:29.801] [REI-ReloadPlugins/DEBUG] [REI/]: [REI] - minecraft:plugins/blasting: 24 displays
[05set2026 17:09:29.801] [REI-ReloadPlugins/DEBUG] [REI/]: [REI] - minecraft:plugins/brewing: 279 displays
[05set2026 17:09:29.801] [REI-ReloadPlugins/DEBUG] [REI/]: [REI] - minecraft:plugins/campfire: 9 displays
[05set2026 17:09:29.801] [REI-ReloadPlugins/DEBUG] [REI/]: [REI] - minecraft:plugins/composting: 3 displays
[05set2026 17:09:29.801] [REI-ReloadPlugins/DEBUG] [REI/]: [REI] - minecraft:plugins/crafting: 1141 displays
[05set2026 17:09:29.801] [REI-ReloadPlugins/DEBUG] [REI/]: [REI] - minecraft:plugins/fuel: 248 displays
[05set2026 17:09:29.801] [REI-ReloadPlugins/DEBUG] [REI/]: [REI] - minecraft:plugins/oxidation_scraping: 27 displays
[05set2026 17:09:29.801] [REI-ReloadPlugins/DEBUG] [REI/]: [REI] - minecraft:plugins/oxidizing: 27 displays
[05set2026 17:09:29.801] [REI-ReloadPlugins/DEBUG] [REI/]: [REI] - minecraft:plugins/pathing: 6 displays
[05set2026 17:09:29.801] [REI-ReloadPlugins/DEBUG] [REI/]: [REI] - minecraft:plugins/smelting: 70 displays
[05set2026 17:09:29.801] [REI-ReloadPlugins/DEBUG] [REI/]: [REI] - minecraft:plugins/smithing: 190 displays
[05set2026 17:09:29.801] [REI-ReloadPlugins/DEBUG] [REI/]: [REI] - minecraft:plugins/smoking: 9 displays
[05set2026 17:09:29.801] [REI-ReloadPlugins/DEBUG] [REI/]: [REI] - minecraft:plugins/stone_cutting: 250 displays
[05set2026 17:09:29.801] [REI-ReloadPlugins/DEBUG] [REI/]: [REI] - minecraft:plugins/stripping: 21 displays
[05set2026 17:09:29.802] [REI-ReloadPlugins/DEBUG] [REI/]: [REI] - minecraft:plugins/tag: 678 displays
[05set2026 17:09:29.802] [REI-ReloadPlugins/DEBUG] [REI/]: [REI] - minecraft:plugins/wax_scraping: 36 displays
[05set2026 17:09:29.802] [REI-ReloadPlugins/DEBUG] [REI/]: [REI] - minecraft:plugins/waxing: 36 displays
[05set2026 17:09:29.802] [REI-ReloadPlugins/DEBUG] [REI/]: [REI] ========================================
[05set2026 17:09:29.802] [REI-ReloadPlugins/INFO] [REI/]: [REI] REIClientPlugin finished post-reload for END in 3.281 ms, totaling 1.076 s.
[05set2026 17:09:29.802] [REI-ReloadPlugins/DEBUG] [REI/]: [REI] ========================================
[05set2026 17:09:29.802] [REI-ReloadPlugins/DEBUG] [REI/]: [REI] ========================================
[05set2026 17:09:29.802] [REI-ReloadPlugins/DEBUG] [REI/]: [REI] REIServerPlugin starting post-reload for END.
[05set2026 17:09:29.802] [REI-ReloadPlugins/DEBUG] [REI/]: [REI] Reloadables (3):
[05set2026 17:09:29.802] [REI-ReloadPlugins/DEBUG] [REI/]: [REI]  - MenuInfoRegistryImpl
[05set2026 17:09:29.802] [REI-ReloadPlugins/DEBUG] [REI/]: [REI]  - SlotAccessorRegistryImpl
[05set2026 17:09:29.802] [REI-ReloadPlugins/DEBUG] [REI/]: [REI]  - me.shedaniel.rei.plugin.client.runtime.PluginStageExecutionWatcher$1
[05set2026 17:09:29.802] [REI-ReloadPlugins/DEBUG] [REI/]: [REI] Plugins (2):
[05set2026 17:09:29.802] [REI-ReloadPlugins/DEBUG] [REI/]: [REI]  - (-100,00) DefaultPluginImpl of DefaultPluginImpl [roughlyenoughitems]
[05set2026 17:09:29.803] [REI-ReloadPlugins/DEBUG] [REI/]: [REI]  - (0,00) DefaultRuntimePlugin of DefaultRuntimePlugin [roughlyenoughitems]
[05set2026 17:09:29.803] [REI-ReloadPlugins/DEBUG] [REI/]: [REI] ========================================
[05set2026 17:09:29.803] [REI-ReloadPlugins/DEBUG] [REI/]: [REI] ========================================
[05set2026 17:09:29.803] [REI-ReloadPlugins/INFO] [REI/]: [REI] REIServerPlugin finished post-reload for END in 185.9 μs, totaling 14.49 ms.
[05set2026 17:09:29.803] [REI-ReloadPlugins/DEBUG] [REI/]: [REI] ========================================
[05set2026 17:09:32.449] [Render thread/DEBUG] [mixin/]: Mixing MixinRecipeToast from rei.mixins.json into net.minecraft.client.gui.components.toasts.RecipeToast
[05set2026 17:09:32.451] [Render thread/DEBUG] [mixin/]: rei.mixins.json:MixinRecipeToast from mod roughlyenoughitems: Class version 65 required is higher than the class version supported by the current version of Mixin (JAVA_8 supports class version 52)
[05set2026 17:09:32.453] [Render thread/DEBUG] [mixin/]: rei.mixins.json:MixinRecipeToast from mod roughlyenoughitems->@Inject::addOrUpdate(Lnet/minecraft/client/gui/components/toasts/ToastComponent;Lnet/minecraft/world/item/crafting/RecipeHolder;Lorg/spongepowered/asm/mixin/injection/callback/CallbackInfo;)V does use it's CallbackInfo
[05set2026 17:09:32.476] [Render thread/INFO] [net.minecraft.advancements.AdvancementTree/]: Loaded 23 advancements
[05set2026 17:09:36.342] [Server thread/INFO] [net.minecraft.server.MinecraftServer/]: [Dev: Gave 64 [Torch] to Dev]
[05set2026 17:09:36.356] [Render thread/INFO] [net.minecraft.client.gui.components.ChatComponent/]: [System] [CHAT] Gave 64 [Torch] to Dev
